date,fiscal_year,customer_code,market,product_code,product,variant,sold_quantity,gross_price_total,pre_invoice_discount_pct,net_invoice_sales,post_invoice_discount_pct,net_sales
2017-09-01,2021,90011187,France,A1219150301,"AQ 5000 Series Ultron 8 5900X Desktop Processor",Standard,3,407.05,0.2924,288.028580,0.2838,206.2860689960
2017-09-01,2021,90011187,France,A1219150301,"AQ 5000 Series Ultron 8 5900X Desktop Processor",Standard,3,407.05,0.2887,289.534665,0.2838,207.3647270730
2017-09-01,2021,90011187,France,A1219150301,"AQ 5000 Series Ultron 8 5900X Desktop Processor",Standard,3,407.05,0.2644,299.425980,0.2838,214.4488868760
2017-09-01,2021,90011187,France,A1219150301,"AQ 5000 Series Ultron 8 5900X Desktop Processor",Standard,3,407.05,0.2899,289.046205,0.2838,207.0148920210
2017-09-01,2021,90011187,France,A1219150301,"AQ 5000 Series Ultron 8 5900X Desktop Processor",Standard,3,407.05,0.1810,333.373950,0.2838,238.7624229900
2017-09-01,2022,90011187,France,A1219150301,"AQ 5000 Series Ultron 8 5900X Desktop Processor",Standard,3,425.87,0.2924,301.345612,0.2838,215.8237273144
2017-09-01,2022,90011187,France,A1219150301,"AQ 5000 Series Ultron 8 5900X Desktop Processor",Standard,3,425.87,0.2887,302.921331,0.2838,216.9522572622
2017-09-01,2022,90011187,France,A1219150301,"AQ 5000 Series Ultron 8 5900X Desktop Processor",Standard,3,425.87,0.2644,313.269972,0.2838,224.3639539464
2017-09-01,2022,90011187,France,A1219150301,"AQ 5000 Series Ultron 8 5900X Desktop Processor",Standard,3,425.87,0.2899,302.410287,0.2838,216.5862475494
2017-09-01,2022,90011187,France,A1219150301,"AQ 5000 Series Ultron 8 5900X Desktop Processor",Standard,3,425.87,0.1810,348.787530,0.2838,249.8016289860
2017-09-01,2018,90011189,France,A1219150301,"AQ 5000 Series Ultron 8 5900X Desktop Processor",Standard,2,246.75,0.2992,172.922400,0.2744,125.4724934400
2017-09-01,2018,90011189,France,A1219150301,"AQ 5000 Series Ultron 8 5900X Desktop Processor",Standard,2,246.75,0.2497,185.136525,0.2744,134.3350625400
2017-09-01,2018,90011189,France,A1219150301,"AQ 5000 Series Ultron 8 5900X Desktop Processor",Standard,2,246.75,0.2054,196.067550,0.2744,142.2666142800
2017-09-01,2018,90011189,France,A1219150301,"AQ 5000 Series Ultron 8 5900X Desktop Processor",Standard,2,246.75,0.2933,174.378225,0.2744,126.5288400600
2017-09-01,2018,90011189,France,A1219150301,"AQ 5000 Series Ultron 8 5900X Desktop Processor",Standard,2,246.75,0.2272,190.688400,0.2744,138.3635030400
2017-09-01,2019,90011189,France,A1219150301,"AQ 5000 Series Ultron 8 5900X Desktop Processor",Standard,2,245.36,0.2992,171.948288,0.2744,124.7656777728
2017-09-01,2019,90011189,France,A1219150301,"AQ 5000 Series Ultron 8 5900X Desktop Processor",Standard,2,245.36,0.2497,184.093608,0.2744,133.5783219648
2017-09-01,2019,90011189,France,A1219150301,"AQ 5000 Series Ultron 8 5900X Desktop Processor",Standard,2,245.36,0.2054,194.963056,0.2744,141.4651934336
2017-09-01,2019,90011189,France,A1219150301,"AQ 5000 Series Ultron 8 5900X Desktop Processor",Standard,2,245.36,0.2933,173.395912,0.2744,125.8160737472
2017-09-01,2019,90011189,France,A1219150301,"AQ 5000 Series Ultron 8 5900X Desktop Processor",Standard,2,245.36,0.2272,189.614208,0.2744,137.5840693248
2017-09-01,2020,90011189,France,A1219150301,"AQ 5000 Series Ultron 8 5900X Desktop Processor",Standard,2,258.44,0.2992,181.114752,0.2744,131.4168640512
2017-09-01,2020,90011189,France,A1219150301,"AQ 5000 Series Ultron 8 5900X Desktop Processor",Standard,2,258.44,0.2497,193.907532,0.2744,140.6993052192
2017-09-01,2020,90011189,France,A1219150301,"AQ 5000 Series Ultron 8 5900X Desktop Processor",Standard,2,258.44,0.2054,205.356424,0.2744,149.0066212544
2017-09-01,2020,90011189,France,A1219150301,"AQ 5000 Series Ultron 8 5900X Desktop Processor",Standard,2,258.44,0.2933,182.639548,0.2744,132.5232560288
2017-09-01,2020,90011189,France,A1219150301,"AQ 5000 Series Ultron 8 5900X Desktop Processor",Standard,2,258.44,0.2272,199.722432,0.2744,144.9185966592
2017-09-01,2021,90011189,France,A1219150301,"AQ 5000 Series Ultron 8 5900X Desktop Processor",Standard,2,271.36,0.2992,190.169088,0.2744,137.9866902528
2017-09-01,2021,90011189,France,A1219150301,"AQ 5000 Series Ultron 8 5900X Desktop Processor",Standard,2,271.36,0.2497,203.601408,0.2744,147.7331816448
2017-09-01,2021,90011189,France,A1219150301,"AQ 5000 Series Ultron 8 5900X Desktop Processor",Standard,2,271.36,0.2054,215.622656,0.2744,156.4557991936
2017-09-01,2021,90011189,France,A1219150301,"AQ 5000 Series Ultron 8 5900X Desktop Processor",Standard,2,271.36,0.2933,191.770112,0.2744,139.1483932672
2017-09-01,2021,90011189,France,A1219150301,"AQ 5000 Series Ultron 8 5900X Desktop Processor",Standard,2,271.36,0.2272,209.707008,0.2744,152.1634050048
2017-09-01,2022,90011189,France,A1219150301,"AQ 5000 Series Ultron 8 5900X Desktop Processor",Standard,2,283.91,0.2992,198.964128,0.2744,144.3683712768
2017-09-01,2022,90011189,France,A1219150301,"AQ 5000 Series Ultron 8 5900X Desktop Processor",Standard,2,283.91,0.2497,213.017673,0.2744,154.5656235288
2017-09-01,2022,90011189,France,A1219150301,"AQ 5000 Series Ultron 8 5900X Desktop Processor",Standard,2,283.91,0.2054,225.594886,0.2744,163.6916492816
2017-09-01,2022,90011189,France,A1219150301,"AQ 5000 Series Ultron 8 5900X Desktop Processor",Standard,2,283.91,0.2933,200.639197,0.2744,145.5838013432
2017-09-01,2022,90011189,France,A1219150301,"AQ 5000 Series Ultron 8 5900X Desktop Processor",Standard,2,283.91,0.2272,219.405648,0.2744,159.2007381888
2017-09-01,2018,90011190,France,A1219150301,"AQ 5000 Series Ultron 8 5900X Desktop Processor",Standard,7,863.64,0.2717,628.989012,0.2436,475.7672886768
2017-09-01,2018,90011190,France,A1219150301,"AQ 5000 Series Ultron 8 5900X Desktop Processor",Standard,7,863.64,0.3038,601.266168,0.2436,454.7977294752
2017-09-01,2018,90011190,France,A1219150301,"AQ 5000 Series Ultron 8 5900X Desktop Processor",Standard,7,863.64,0.1928,697.130208,0.2436,527.3092893312
2017-09-01,2018,90011190,France,A1219150301,"AQ 5000 Series Ultron 8 5900X Desktop Processor",Standard,7,863.64,0.1829,705.680244,0.2436,533.7765365616
2017-09-01,2018,90011190,France,A1219150301,"AQ 5000 Series Ultron 8 5900X Desktop Processor",Standard,7,863.64,0.2799,621.907164,0.2436,470.4105788496
2017-09-01,2019,90011190,France,A1219150301,"AQ 5000 Series Ultron 8 5900X Desktop Processor",Standard,7,858.77,0.2717,625.442191,0.2436,473.0844732724
2017-09-01,2019,90011190,France,A1219150301,"AQ 5000 Series Ultron 8 5900X Desktop Processor",Standard,7,858.77,0.3038,597.875674,0.2436,452.2331598136
2017-09-01,2019,90011190,France,A1219150301,"AQ 5000 Series Ultron 8 5900X Desktop Processor",Standard,7,858.77,0.1928,693.199144,0.2436,524.3358325216
2017-09-01,2019,90011190,France,A1219150301,"AQ 5000 Series Ultron 8 5900X Desktop Processor",Standard,7,858.77,0.1829,701.700967,0.2436,530.7666114388
2017-09-01,2019,90011190,France,A1219150301,"AQ 5000 Series Ultron 8 5900X Desktop Processor",Standard,7,858.77,0.2799,618.400277,0.2436,467.7579695228
2017-09-01,2020,90011190,France,A1219150301,"AQ 5000 Series Ultron 8 5900X Desktop Processor",Standard,7,904.53,0.2717,658.769199,0.2436,498.2930221236
2017-09-01,2020,90011190,France,A1219150301,"AQ 5000 Series Ultron 8 5900X Desktop Processor",Standard,7,904.53,0.3038,629.733786,0.2436,476.3306357304
2017-09-01,2020,90011190,France,A1219150301,"AQ 5000 Series Ultron 8 5900X Desktop Processor",Standard,7,904.53,0.1928,730.136616,0.2436,552.2753363424
2017-09-01,2020,90011190,France,A1219150301,"AQ 5000 Series Ultron 8 5900X Desktop Processor",Standard,7,904.53,0.1829,739.091463,0.2436,559.0487826132
2017-09-01,2020,90011190,France,A1219150301,"AQ 5000 Series Ultron 8 5900X Desktop Processor",Standard,7,904.53,0.2799,651.352053,0.2436,492.6826928892
2017-09-01,2021,90011190,France,A1219150301,"AQ 5000 Series Ultron 8 5900X Desktop Processor",Standard,7,949.78,0.2717,691.724774,0.2436,523.2206190536
2017-09-01,2021,90011190,France,A1219150301,"AQ 5000 Series Ultron 8 5900X Desktop Processor",Standard,7,949.78,0.3038,661.236836,0.2436,500.1595427504
2017-09-01,2021,90011190,France,A1219150301,"AQ 5000 Series Ultron 8 5900X Desktop Processor",Standard,7,949.78,0.1928,766.662416,0.2436,579.9034514624
2017-09-01,2021,90011190,France,A1219150301,"AQ 5000 Series Ultron 8 5900X Desktop Processor",Standard,7,949.78,0.1829,776.065238,0.2436,587.0157460232
2017-09-01,2021,90011190,France,A1219150301,"AQ 5000 Series Ultron 8 5900X Desktop Processor",Standard,7,949.78,0.2799,683.936578,0.2436,517.3296275992
2017-09-01,2022,90011190,France,A1219150301,"AQ 5000 Series Ultron 8 5900X Desktop Processor",Standard,7,993.70,0.2717,723.711710,0.2436,547.4155374440
2017-09-01,2022,90011190,France,A1219150301,"AQ 5000 Series Ultron 8 5900X Desktop Processor",Standard,7,993.70,0.3038,691.813940,0.2436,523.2880642160
2017-09-01,2022,90011190,France,A1219150301,"AQ 5000 Series Ultron 8 5900X Desktop Processor",Standard,7,993.70,0.1928,802.114640,0.2436,606.7195136960
2017-09-01,2022,90011190,France,A1219150301,"AQ 5000 Series Ultron 8 5900X Desktop Processor",Standard,7,993.70,0.1829,811.952270,0.2436,614.1606970280
2017-09-01,2022,90011190,France,A1219150301,"AQ 5000 Series Ultron 8 5900X Desktop Processor",Standard,7,993.70,0.2799,715.563370,0.2436,541.2521330680
2017-09-01,2018,90011191,France,A1219150301,"AQ 5000 Series Ultron 8 5900X Desktop Processor",Standard,2,246.75,0.2270,190.737750,0.2606,141.0314923500
2017-09-01,2018,90011191,France,A1219150301,"AQ 5000 Series Ultron 8 5900X Desktop Processor",Standard,2,246.75,0.2241,191.453325,0.2606,141.5605885050
2017-09-01,2018,90011191,France,A1219150301,"AQ 5000 Series Ultron 8 5900X Desktop Processor",Standard,2,246.75,0.2508,184.865100,0.2606,136.6892549400
2017-09-01,2018,90011191,France,A1219150301,"AQ 5000 Series Ultron 8 5900X Desktop Processor",Standard,2,246.75,0.1925,199.250625,0.2606,147.3259121250
2017-09-01,2018,90011191,France,A1219150301,"AQ 5000 Series Ultron 8 5900X Desktop Processor",Standard,2,246.75,0.2162,193.402650,0.2606,143.0019194100
2017-09-01,2019,90011191,France,A1219150301,"AQ 5000 Series Ultron 8 5900X Desktop Processor",Standard,2,245.36,0.2270,189.663280,0.2606,140.2370292320
2017-09-01,2019,90011191,France,A1219150301,"AQ 5000 Series Ultron 8 5900X Desktop Processor",Standard,2,245.36,0.2241,190.374824,0.2606,140.7631448656
2017-09-01,2019,90011191,France,A1219150301,"AQ 5000 Series Ultron 8 5900X Desktop Processor",Standard,2,245.36,0.2508,183.823712,0.2606,135.9192526528
2017-09-01,2019,90011191,France,A1219150301,"AQ 5000 Series Ultron 8 5900X Desktop Processor",Standard,2,245.36,0.1925,198.128200,0.2606,146.4959910800
2017-09-01,2019,90011191,France,A1219150301,"AQ 5000 Series Ultron 8 5900X Desktop Processor",Standard,2,245.36,0.2162,192.313168,0.2606,142.1963564192
2017-09-01,2020,90011191,France,A1219150301,"AQ 5000 Series Ultron 8 5900X Desktop Processor",Standard,2,258.44,0.2270,199.774120,0.2606,147.7129843280
2017-09-01,2020,90011191,France,A1219150301,"AQ 5000 Series Ultron 8 5900X Desktop Processor",Standard,2,258.44,0.2241,200.523596,0.2606,148.2671468824
2017-09-01,2020,90011191,France,A1219150301,"AQ 5000 Series Ultron 8 5900X Desktop Processor",Standard,2,258.44,0.2508,193.623248,0.2606,143.1650295712
2017-09-01,2020,90011191,France,A1219150301,"AQ 5000 Series Ultron 8 5900X Desktop Processor",Standard,2,258.44,0.1925,208.690300,0.2606,154.3056078200
2017-09-01,2020,90011191,France,A1219150301,"AQ 5000 Series Ultron 8 5900X Desktop Processor",Standard,2,258.44,0.2162,202.565272,0.2606,149.7767621168
2017-09-01,2021,90011191,France,A1219150301,"AQ 5000 Series Ultron 8 5900X Desktop Processor",Standard,2,271.36,0.2270,209.761280,0.2606,155.0974904320
2017-09-01,2021,90011191,France,A1219150301,"AQ 5000 Series Ultron 8 5900X Desktop Processor",Standard,2,271.36,0.2241,210.548224,0.2606,155.6793568256
2017-09-01,2021,90011191,France,A1219150301,"AQ 5000 Series Ultron 8 5900X Desktop Processor",Standard,2,271.36,0.2508,203.302912,0.2606,150.3221731328
2017-09-01,2021,90011191,France,A1219150301,"AQ 5000 Series Ultron 8 5900X Desktop Processor",Standard,2,271.36,0.1925,219.123200,0.2606,162.0196940800
2017-09-01,2021,90011191,France,A1219150301,"AQ 5000 Series Ultron 8 5900X Desktop Processor",Standard,2,271.36,0.2162,212.691968,0.2606,157.2644411392
2017-09-01,2022,90011191,France,A1219150301,"AQ 5000 Series Ultron 8 5900X Desktop Processor",Standard,2,283.91,0.2270,219.462430,0.2606,162.2705207420
2017-09-01,2022,90011191,France,A1219150301,"AQ 5000 Series Ultron 8 5900X Desktop Processor",Standard,2,283.91,0.2241,220.285769,0.2606,162.8792975986
2017-09-01,2022,90011191,France,A1219150301,"AQ 5000 Series Ultron 8 5900X Desktop Processor",Standard,2,283.91,0.2508,212.705372,0.2606,157.2743520568
2017-09-01,2022,90011191,France,A1219150301,"AQ 5000 Series Ultron 8 5900X Desktop Processor",Standard,2,283.91,0.1925,229.257325,0.2606,169.5128661050
2017-09-01,2022,90011191,France,A1219150301,"AQ 5000 Series Ultron 8 5900X Desktop Processor",Standard,2,283.91,0.2162,222.528658,0.2606,164.5376897252
2017-09-01,2018,90013117,Italy,A1219150301,"AQ 5000 Series Ultron 8 5900X Desktop Processor",Standard,2,246.75,0.1990,197.646750,0.4084,116.9278173000
2017-09-01,2018,90013117,Italy,A1219150301,"AQ 5000 Series Ultron 8 5900X Desktop Processor",Standard,2,246.75,0.2083,195.351975,0.4084,115.5702284100
2017-09-01,2018,90013117,Italy,A1219150301,"AQ 5000 Series Ultron 8 5900X Desktop Processor",Standard,2,246.75,0.2140,193.945500,0.4084,114.7381578000
2017-09-01,2018,90013117,Italy,A1219150301,"AQ 5000 Series Ultron 8 5900X Desktop Processor",Standard,2,246.75,0.2411,187.258575,0.4084,110.7821729700
2017-09-01,2018,90013117,Italy,A1219150301,"AQ 5000 Series Ultron 8 5900X Desktop Processor",Standard,2,246.75,0.2018,196.955850,0.4084,116.5190808600
2017-09-01,2019,90013117,Italy,A1219150301,"AQ 5000 Series Ultron 8 5900X Desktop Processor",Standard,2,245.36,0.1990,196.533360,0.4084,116.2691357760
2017-09-01,2019,90013117,Italy,A1219150301,"AQ 5000 Series Ultron 8 5900X Desktop Processor",Standard,2,245.36,0.2083,194.251512,0.4084,114.9191944992
2017-09-01,2019,90013117,Italy,A1219150301,"AQ 5000 Series Ultron 8 5900X Desktop Processor",Standard,2,245.36,0.2140,192.852960,0.4084,114.0918111360
2017-09-01,2019,90013117,Italy,A1219150301,"AQ 5000 Series Ultron 8 5900X Desktop Processor",Standard,2,245.36,0.2411,186.203704,0.4084,110.1581112864
2017-09-01,2019,90013117,Italy,A1219150301,"AQ 5000 Series Ultron 8 5900X Desktop Processor",Standard,2,245.36,0.2018,195.846352,0.4084,115.8627018432
2017-09-01,2020,90013117,Italy,A1219150301,"AQ 5000 Series Ultron 8 5900X Desktop Processor",Standard,2,258.44,0.1990,207.010440,0.4084,122.4673763040
2017-09-01,2020,90013117,Italy,A1219150301,"AQ 5000 Series Ultron 8 5900X Desktop Processor",Standard,2,258.44,0.2083,204.606948,0.4084,121.0454704368
2017-09-01,2020,90013117,Italy,A1219150301,"AQ 5000 Series Ultron 8 5900X Desktop Processor",Standard,2,258.44,0.2140,203.133840,0.4084,120.1739797440
2017-09-01,2020,90013117,Italy,A1219150301,"AQ 5000 Series Ultron 8 5900X Desktop Processor",Standard,2,258.44,0.2411,196.130116,0.4084,116.0305766256
2017-09-01,2020,90013117,Italy,A1219150301,"AQ 5000 Series Ultron 8 5900X Desktop Processor",Standard,2,258.44,0.2018,206.286808,0.4084,122.0392756128
2017-09-01,2021,90013117,Italy,A1219150301,"AQ 5000 Series Ultron 8 5900X Desktop Processor",Standard,2,271.36,0.1990,217.359360,0.4084,128.5897973760
2017-09-01,2021,90013117,Italy,A1219150301,"AQ 5000 Series Ultron 8 5900X Desktop Processor",Standard,2,271.36,0.2083,214.835712,0.4084,127.0968072192
2017-09-01,2021,90013117,Italy,A1219150301,"AQ 5000 Series Ultron 8 5900X Desktop Processor",Standard,2,271.36,0.2140,213.288960,0.4084,126.1817487360
2017-09-01,2021,90013117,Italy,A1219150301,"AQ 5000 Series Ultron 8 5900X Desktop Processor",Standard,2,271.36,0.2411,205.935104,0.4084,121.8312075264
2017-09-01,2021,90013117,Italy,A1219150301,"AQ 5000 Series Ultron 8 5900X Desktop Processor",Standard,2,271.36,0.2018,216.599552,0.4084,128.1402949632
2017-09-01,2022,90013117,Italy,A1219150301,"AQ 5000 Series Ultron 8 5900X Desktop Processor",Standard,2,283.91,0.1990,227.411910,0.4084,134.5368859560
2017-09-01,2022,90013117,Italy,A1219150301,"AQ 5000 Series Ultron 8 5900X Desktop Processor",Standard,2,283.91,0.2083,224.771547,0.4084,132.9748472052
2017-09-01,2022,90013117,Italy,A1219150301,"AQ 5000 Series Ultron 8 5900X Desktop Processor",Standard,2,283.91,0.2140,223.153260,0.4084,132.0174686160
2017-09-01,2022,90013117,Italy,A1219150301,"AQ 5000 Series Ultron 8 5900X Desktop Processor",Standard,2,283.91,0.2411,215.459299,0.4084,127.4657212884
2017-09-01,2022,90013117,Italy,A1219150301,"AQ 5000 Series Ultron 8 5900X Desktop Processor",Standard,2,283.91,0.2018,226.616962,0.4084,134.0665947192
2017-09-01,2018,90013118,Italy,A1219150301,"AQ 5000 Series Ultron 8 5900X Desktop Processor",Standard,2,246.75,0.2634,181.756050,0.3694,114.6153651300
2017-09-01,2018,90013118,Italy,A1219150301,"AQ 5000 Series Ultron 8 5900X Desktop Processor",Standard,2,246.75,0.1883,200.286975,0.3694,126.3009664350
2017-09-01,2018,90013118,Italy,A1219150301,"AQ 5000 Series Ultron 8 5900X Desktop Processor",Standard,2,246.75,0.2532,184.272900,0.3694,116.2024907400
2017-09-01,2018,90013118,Italy,A1219150301,"AQ 5000 Series Ultron 8 5900X Desktop Processor",Standard,2,246.75,0.2111,194.661075,0.3694,122.7532738950
2017-09-01,2018,90013118,Italy,A1219150301,"AQ 5000 Series Ultron 8 5900X Desktop Processor",Standard,2,246.75,0.1849,201.125925,0.3694,126.8300083050
2017-09-01,2019,90013118,Italy,A1219150301,"AQ 5000 Series Ultron 8 5900X Desktop Processor",Standard,2,245.36,0.2634,180.732176,0.3694,113.9697101856
2017-09-01,2019,90013118,Italy,A1219150301,"AQ 5000 Series Ultron 8 5900X Desktop Processor",Standard,2,245.36,0.1883,199.158712,0.3694,125.5894837872
2017-09-01,2019,90013118,Italy,A1219150301,"AQ 5000 Series Ultron 8 5900X Desktop Processor",Standard,2,245.36,0.2532,183.234848,0.3694,115.5478951488
2017-09-01,2019,90013118,Italy,A1219150301,"AQ 5000 Series Ultron 8 5900X Desktop Processor",Standard,2,245.36,0.2111,193.564504,0.3694,122.0617762224
2017-09-01,2019,90013118,Italy,A1219150301,"AQ 5000 Series Ultron 8 5900X Desktop Processor",Standard,2,245.36,0.1849,199.992936,0.3694,126.1155454416
2017-09-01,2020,90013118,Italy,A1219150301,"AQ 5000 Series Ultron 8 5900X Desktop Processor",Standard,2,258.44,0.2634,190.366904,0.3694,120.0453696624
2017-09-01,2020,90013118,Italy,A1219150301,"AQ 5000 Series Ultron 8 5900X Desktop Processor",Standard,2,258.44,0.1883,209.775748,0.3694,132.2845866888
2017-09-01,2020,90013118,Italy,A1219150301,"AQ 5000 Series Ultron 8 5900X Desktop Processor",Standard,2,258.44,0.2532,193.002992,0.3694,121.7076867552
2017-09-01,2020,90013118,Italy,A1219150301,"AQ 5000 Series Ultron 8 5900X Desktop Processor",Standard,2,258.44,0.2111,203.883316,0.3694,128.5688190696
2017-09-01,2020,90013118,Italy,A1219150301,"AQ 5000 Series Ultron 8 5900X Desktop Processor",Standard,2,258.44,0.1849,210.654444,0.3694,132.8386923864
2017-09-01,2021,90013118,Italy,A1219150301,"AQ 5000 Series Ultron 8 5900X Desktop Processor",Standard,2,271.36,0.2634,199.883776,0.3694,126.0467091456
2017-09-01,2021,90013118,Italy,A1219150301,"AQ 5000 Series Ultron 8 5900X Desktop Processor",Standard,2,271.36,0.1883,220.262912,0.3694,138.8977923072
2017-09-01,2021,90013118,Italy,A1219150301,"AQ 5000 Series Ultron 8 5900X Desktop Processor",Standard,2,271.36,0.2532,202.651648,0.3694,127.7921292288
2017-09-01,2021,90013118,Italy,A1219150301,"AQ 5000 Series Ultron 8 5900X Desktop Processor",Standard,2,271.36,0.2111,214.075904,0.3694,134.9962650624
2017-09-01,2021,90013118,Italy,A1219150301,"AQ 5000 Series Ultron 8 5900X Desktop Processor",Standard,2,271.36,0.1849,221.185536,0.3694,139.4795990016
2017-09-01,2022,90013118,Italy,A1219150301,"AQ 5000 Series Ultron 8 5900X Desktop Processor",Standard,2,283.91,0.2634,209.128106,0.3694,131.8761836436
2017-09-01,2022,90013118,Italy,A1219150301,"AQ 5000 Series Ultron 8 5900X Desktop Processor",Standard,2,283.91,0.1883,230.449747,0.3694,145.3216104582
2017-09-01,2022,90013118,Italy,A1219150301,"AQ 5000 Series Ultron 8 5900X Desktop Processor",Standard,2,283.91,0.2532,212.023988,0.3694,133.7023268328
2017-09-01,2022,90013118,Italy,A1219150301,"AQ 5000 Series Ultron 8 5900X Desktop Processor",Standard,2,283.91,0.2111,223.976599,0.3694,141.2396433294
2017-09-01,2022,90013118,Italy,A1219150301,"AQ 5000 Series Ultron 8 5900X Desktop Processor",Standard,2,283.91,0.1849,231.415041,0.3694,145.9303248546
2017-09-01,2018,90013119,Italy,A1219150301,"AQ 5000 Series Ultron 8 5900X Desktop Processor",Standard,1,123.38,0.2809,88.722558,0.3484,57.8116187928
2017-09-01,2018,90013119,Italy,A1219150301,"AQ 5000 Series Ultron 8 5900X Desktop Processor",Standard,1,123.38,0.2307,94.916234,0.3484,61.8474180744
2017-09-01,2018,90013119,Italy,A1219150301,"AQ 5000 Series Ultron 8 5900X Desktop Processor",Standard,1,123.38,0.2994,86.440028,0.3484,56.3243222448
2017-09-01,2018,90013119,Italy,A1219150301,"AQ 5000 Series Ultron 8 5900X Desktop Processor",Standard,1,123.38,0.2591,91.412242,0.3484,59.5642168872
2017-09-01,2018,90013119,Italy,A1219150301,"AQ 5000 Series Ultron 8 5900X Desktop Processor",Standard,1,123.38,0.1883,100.147546,0.3484,65.2561409736
2017-09-01,2019,90013119,Italy,A1219150301,"AQ 5000 Series Ultron 8 5900X Desktop Processor",Standard,1,122.68,0.2809,88.219188,0.3484,57.4836229008
2017-09-01,2019,90013119,Italy,A1219150301,"AQ 5000 Series Ultron 8 5900X Desktop Processor",Standard,1,122.68,0.2307,94.377724,0.3484,61.4965249584
2017-09-01,2019,90013119,Italy,A1219150301,"AQ 5000 Series Ultron 8 5900X Desktop Processor",Standard,1,122.68,0.2994,85.949608,0.3484,56.0047645728
2017-09-01,2019,90013119,Italy,A1219150301,"AQ 5000 Series Ultron 8 5900X Desktop Processor",Standard,1,122.68,0.2591,90.893612,0.3484,59.2262775792
2017-09-01,2019,90013119,Italy,A1219150301,"AQ 5000 Series Ultron 8 5900X Desktop Processor",Standard,1,122.68,0.1883,99.579356,0.3484,64.8859083696
2017-09-01,2020,90013119,Italy,A1219150301,"AQ 5000 Series Ultron 8 5900X Desktop Processor",Standard,1,129.22,0.2809,92.922102,0.3484,60.5480416632
2017-09-01,2020,90013119,Italy,A1219150301,"AQ 5000 Series Ultron 8 5900X Desktop Processor",Standard,1,129.22,0.2307,99.408946,0.3484,64.7748692136
2017-09-01,2020,90013119,Italy,A1219150301,"AQ 5000 Series Ultron 8 5900X Desktop Processor",Standard,1,129.22,0.2994,90.531532,0.3484,58.9903462512
2017-09-01,2020,90013119,Italy,A1219150301,"AQ 5000 Series Ultron 8 5900X Desktop Processor",Standard,1,129.22,0.2591,95.739098,0.3484,62.3835962568
2017-09-01,2020,90013119,Italy,A1219150301,"AQ 5000 Series Ultron 8 5900X Desktop Processor",Standard,1,129.22,0.1883,104.887874,0.3484,68.3449386984
2017-09-01,2021,90013119,Italy,A1219150301,"AQ 5000 Series Ultron 8 5900X Desktop Processor",Standard,1,135.68,0.2809,97.567488,0.3484,63.5749751808
2017-09-01,2021,90013119,Italy,A1219150301,"AQ 5000 Series Ultron 8 5900X Desktop Processor",Standard,1,135.68,0.2307,104.378624,0.3484,68.0131113984
2017-09-01,2021,90013119,Italy,A1219150301,"AQ 5000 Series Ultron 8 5900X Desktop Processor",Standard,1,135.68,0.2994,95.057408,0.3484,61.9394070528
2017-09-01,2021,90013119,Italy,A1219150301,"AQ 5000 Series Ultron 8 5900X Desktop Processor",Standard,1,135.68,0.2591,100.525312,0.3484,65.5022932992
2017-09-01,2021,90013119,Italy,A1219150301,"AQ 5000 Series Ultron 8 5900X Desktop Processor",Standard,1,135.68,0.1883,110.131456,0.3484,71.7616567296
2017-09-01,2022,90013119,Italy,A1219150301,"AQ 5000 Series Ultron 8 5900X Desktop Processor",Standard,1,141.96,0.2809,102.083436,0.3484,66.5175668976
2017-09-01,2022,90013119,Italy,A1219150301,"AQ 5000 Series Ultron 8 5900X Desktop Processor",Standard,1,141.96,0.2307,109.209828,0.3484,71.1611239248
2017-09-01,2022,90013119,Italy,A1219150301,"AQ 5000 Series Ultron 8 5900X Desktop Processor",Standard,1,141.96,0.2994,99.457176,0.3484,64.8062958816
2017-09-01,2022,90013119,Italy,A1219150301,"AQ 5000 Series Ultron 8 5900X Desktop Processor",Standard,1,141.96,0.2591,105.178164,0.3484,68.5340916624
2017-09-01,2022,90013119,Italy,A1219150301,"AQ 5000 Series Ultron 8 5900X Desktop Processor",Standard,1,141.96,0.1883,115.228932,0.3484,75.0831720912
2017-09-01,2018,90013121,Italy,A1219150301,"AQ 5000 Series Ultron 8 5900X Desktop Processor",Standard,2,246.75,0.2639,181.632675,0.2903,128.9047094475
2017-09-01,2018,90013121,Italy,A1219150301,"AQ 5000 Series Ultron 8 5900X Desktop Processor",Standard,2,246.75,0.3049,171.515925,0.2903,121.7248519725
2017-09-01,2018,90013121,Italy,A1219150301,"AQ 5000 Series Ultron 8 5900X Desktop Processor",Standard,2,246.75,0.2047,196.240275,0.2903,139.2717231675
2017-09-01,2018,90013121,Italy,A1219150301,"AQ 5000 Series Ultron 8 5900X Desktop Processor",Standard,2,246.75,0.2093,195.105225,0.2903,138.4661781825
2017-09-01,2018,90013121,Italy,A1219150301,"AQ 5000 Series Ultron 8 5900X Desktop Processor",Standard,2,246.75,0.1903,199.793475,0.2903,141.7934292075
2017-09-01,2019,90013121,Italy,A1219150301,"AQ 5000 Series Ultron 8 5900X Desktop Processor",Standard,2,245.36,0.2639,180.609496,0.2903,128.1785593112
2017-09-01,2019,90013121,Italy,A1219150301,"AQ 5000 Series Ultron 8 5900X Desktop Processor",Standard,2,245.36,0.3049,170.549736,0.2903,121.0391476392
2017-09-01,2019,90013121,Italy,A1219150301,"AQ 5000 Series Ultron 8 5900X Desktop Processor",Standard,2,245.36,0.2047,195.134808,0.2903,138.4871732376
2017-09-01,2019,90013121,Italy,A1219150301,"AQ 5000 Series Ultron 8 5900X Desktop Processor",Standard,2,245.36,0.2093,194.006152,0.2903,137.6861660744
2017-09-01,2019,90013121,Italy,A1219150301,"AQ 5000 Series Ultron 8 5900X Desktop Processor",Standard,2,245.36,0.1903,198.667992,0.2903,140.9946739224
2017-09-01,2020,90013121,Italy,A1219150301,"AQ 5000 Series Ultron 8 5900X Desktop Processor",Standard,2,258.44,0.2639,190.237684,0.2903,135.0116843348
2017-09-01,2020,90013121,Italy,A1219150301,"AQ 5000 Series Ultron 8 5900X Desktop Processor",Standard,2,258.44,0.3049,179.641644,0.2903,127.4916747468
2017-09-01,2020,90013121,Italy,A1219150301,"AQ 5000 Series Ultron 8 5900X Desktop Processor",Standard,2,258.44,0.2047,205.537332,0.2903,145.8698445204
2017-09-01,2020,90013121,Italy,A1219150301,"AQ 5000 Series Ultron 8 5900X Desktop Processor",Standard,2,258.44,0.2093,204.348508,0.2903,145.0261361276
2017-09-01,2020,90013121,Italy,A1219150301,"AQ 5000 Series Ultron 8 5900X Desktop Processor",Standard,2,258.44,0.1903,209.258868,0.2903,148.5110186196
2017-09-01,2021,90013121,Italy,A1219150301,"AQ 5000 Series Ultron 8 5900X Desktop Processor",Standard,2,271.36,0.2639,199.748096,0.2903,141.7612237312
2017-09-01,2021,90013121,Italy,A1219150301,"AQ 5000 Series Ultron 8 5900X Desktop Processor",Standard,2,271.36,0.3049,188.622336,0.2903,133.8652718592
2017-09-01,2021,90013121,Italy,A1219150301,"AQ 5000 Series Ultron 8 5900X Desktop Processor",Standard,2,271.36,0.2047,215.812608,0.2903,153.1622078976
2017-09-01,2021,90013121,Italy,A1219150301,"AQ 5000 Series Ultron 8 5900X Desktop Processor",Standard,2,271.36,0.2093,214.564352,0.2903,152.2763206144
2017-09-01,2021,90013121,Italy,A1219150301,"AQ 5000 Series Ultron 8 5900X Desktop Processor",Standard,2,271.36,0.1903,219.720192,0.2903,155.9354202624
2017-09-01,2022,90013121,Italy,A1219150301,"AQ 5000 Series Ultron 8 5900X Desktop Processor",Standard,2,283.91,0.2639,208.986151,0.2903,148.3174713647
2017-09-01,2022,90013121,Italy,A1219150301,"AQ 5000 Series Ultron 8 5900X Desktop Processor",Standard,2,283.91,0.3049,197.345841,0.2903,140.0563433577
2017-09-01,2022,90013121,Italy,A1219150301,"AQ 5000 Series Ultron 8 5900X Desktop Processor",Standard,2,283.91,0.2047,225.793623,0.2903,160.2457342431
2017-09-01,2022,90013121,Italy,A1219150301,"AQ 5000 Series Ultron 8 5900X Desktop Processor",Standard,2,283.91,0.2093,224.487637,0.2903,159.3188759789
2017-09-01,2022,90013121,Italy,A1219150301,"AQ 5000 Series Ultron 8 5900X Desktop Processor",Standard,2,283.91,0.1903,229.881927,0.2903,163.1472035919
2017-09-01,2018,90013122,Italy,A1219150301,"AQ 5000 Series Ultron 8 5900X Desktop Processor",Standard,2,246.75,0.1942,198.831150,0.3005,139.0823894250
2017-09-01,2018,90013122,Italy,A1219150301,"AQ 5000 Series Ultron 8 5900X Desktop Processor",Standard,2,246.75,0.2057,195.993525,0.3005,137.0974707375
2017-09-01,2018,90013122,Italy,A1219150301,"AQ 5000 Series Ultron 8 5900X Desktop Processor",Standard,2,246.75,0.2475,185.679375,0.3005,129.8827228125
2017-09-01,2018,90013122,Italy,A1219150301,"AQ 5000 Series Ultron 8 5900X Desktop Processor",Standard,2,246.75,0.3093,170.430225,0.3005,119.2159423875
2017-09-01,2018,90013122,Italy,A1219150301,"AQ 5000 Series Ultron 8 5900X Desktop Processor",Standard,2,246.75,0.2189,192.736425,0.3005,134.8191292875
2017-09-01,2019,90013122,Italy,A1219150301,"AQ 5000 Series Ultron 8 5900X Desktop Processor",Standard,2,245.36,0.1942,197.711088,0.3005,138.2989060560
2017-09-01,2019,90013122,Italy,A1219150301,"AQ 5000 Series Ultron 8 5900X Desktop Processor",Standard,2,245.36,0.2057,194.889448,0.3005,136.3251688760
2017-09-01,2019,90013122,Italy,A1219150301,"AQ 5000 Series Ultron 8 5900X Desktop Processor",Standard,2,245.36,0.2475,184.633400,0.3005,129.1510633000
2017-09-01,2019,90013122,Italy,A1219150301,"AQ 5000 Series Ultron 8 5900X Desktop Processor",Standard,2,245.36,0.3093,169.470152,0.3005,118.5443713240
2017-09-01,2019,90013122,Italy,A1219150301,"AQ 5000 Series Ultron 8 5900X Desktop Processor",Standard,2,245.36,0.2189,191.650696,0.3005,134.0596618520
2017-09-01,2020,90013122,Italy,A1219150301,"AQ 5000 Series Ultron 8 5900X Desktop Processor",Standard,2,258.44,0.1942,208.250952,0.3005,145.6715409240
2017-09-01,2020,90013122,Italy,A1219150301,"AQ 5000 Series Ultron 8 5900X Desktop Processor",Standard,2,258.44,0.2057,205.278892,0.3005,143.5925849540
2017-09-01,2020,90013122,Italy,A1219150301,"AQ 5000 Series Ultron 8 5900X Desktop Processor",Standard,2,258.44,0.2475,194.476100,0.3005,136.0360319500
2017-09-01,2020,90013122,Italy,A1219150301,"AQ 5000 Series Ultron 8 5900X Desktop Processor",Standard,2,258.44,0.3093,178.504508,0.3005,124.8639033460
2017-09-01,2020,90013122,Italy,A1219150301,"AQ 5000 Series Ultron 8 5900X Desktop Processor",Standard,2,258.44,0.2189,201.867484,0.3005,141.2063050580
2017-09-01,2021,90013122,Italy,A1219150301,"AQ 5000 Series Ultron 8 5900X Desktop Processor",Standard,2,271.36,0.1942,218.661888,0.3005,152.9539906560
2017-09-01,2021,90013122,Italy,A1219150301,"AQ 5000 Series Ultron 8 5900X Desktop Processor",Standard,2,271.36,0.2057,215.541248,0.3005,150.7711029760
2017-09-01,2021,90013122,Italy,A1219150301,"AQ 5000 Series Ultron 8 5900X Desktop Processor",Standard,2,271.36,0.2475,204.198400,0.3005,142.8367808000
2017-09-01,2021,90013122,Italy,A1219150301,"AQ 5000 Series Ultron 8 5900X Desktop Processor",Standard,2,271.36,0.3093,187.428352,0.3005,131.1061322240
2017-09-01,2021,90013122,Italy,A1219150301,"AQ 5000 Series Ultron 8 5900X Desktop Processor",Standard,2,271.36,0.2189,211.959296,0.3005,148.2655275520
2017-09-01,2022,90013122,Italy,A1219150301,"AQ 5000 Series Ultron 8 5900X Desktop Processor",Standard,2,283.91,0.1942,228.774678,0.3005,160.0278872610
2017-09-01,2022,90013122,Italy,A1219150301,"AQ 5000 Series Ultron 8 5900X Desktop Processor",Standard,2,283.91,0.2057,225.509713,0.3005,157.7440442435
2017-09-01,2022,90013122,Italy,A1219150301,"AQ 5000 Series Ultron 8 5900X Desktop Processor",Standard,2,283.91,0.2475,213.642275,0.3005,149.4427713625
2017-09-01,2022,90013122,Italy,A1219150301,"AQ 5000 Series Ultron 8 5900X Desktop Processor",Standard,2,283.91,0.3093,196.096637,0.3005,137.1695975815
2017-09-01,2022,90013122,Italy,A1219150301,"AQ 5000 Series Ultron 8 5900X Desktop Processor",Standard,2,283.91,0.2189,221.762101,0.3005,155.1225896495
2017-09-01,2018,90013123,Italy,A1219150301,"AQ 5000 Series Ultron 8 5900X Desktop Processor",Standard,2,246.75,0.2567,183.409275,0.3189,124.9200572025
2017-09-01,2018,90013123,Italy,A1219150301,"AQ 5000 Series Ultron 8 5900X Desktop Processor",Standard,2,246.75,0.2554,183.730050,0.3189,125.1385370550
2017-09-01,2018,90013123,Italy,A1219150301,"AQ 5000 Series Ultron 8 5900X Desktop Processor",Standard,2,246.75,0.2625,181.978125,0.3189,123.9453009375
2017-09-01,2018,90013123,Italy,A1219150301,"AQ 5000 Series Ultron 8 5900X Desktop Processor",Standard,2,246.75,0.2252,191.181900,0.3189,130.2139920900
2017-09-01,2018,90013123,Italy,A1219150301,"AQ 5000 Series Ultron 8 5900X Desktop Processor",Standard,2,246.75,0.2254,191.132550,0.3189,130.1803798050
2017-09-01,2019,90013123,Italy,A1219150301,"AQ 5000 Series Ultron 8 5900X Desktop Processor",Standard,2,245.36,0.2567,182.376088,0.3189,124.2163535368
2017-09-01,2019,90013123,Italy,A1219150301,"AQ 5000 Series Ultron 8 5900X Desktop Processor",Standard,2,245.36,0.2554,182.695056,0.3189,124.4336026416
2017-09-01,2019,90013123,Italy,A1219150301,"AQ 5000 Series Ultron 8 5900X Desktop Processor",Standard,2,245.36,0.2625,180.953000,0.3189,123.2470883000
2017-09-01,2019,90013123,Italy,A1219150301,"AQ 5000 Series Ultron 8 5900X Desktop Processor",Standard,2,245.36,0.2252,190.104928,0.3189,129.4804664608
2017-09-01,2019,90013123,Italy,A1219150301,"AQ 5000 Series Ultron 8 5900X Desktop Processor",Standard,2,245.36,0.2254,190.055856,0.3189,129.4470435216
2017-09-01,2020,90013123,Italy,A1219150301,"AQ 5000 Series Ultron 8 5900X Desktop Processor",Standard,2,258.44,0.2567,192.098452,0.3189,130.8382556572
2017-09-01,2020,90013123,Italy,A1219150301,"AQ 5000 Series Ultron 8 5900X Desktop Processor",Standard,2,258.44,0.2554,192.434424,0.3189,131.0670861864
2017-09-01,2020,90013123,Italy,A1219150301,"AQ 5000 Series Ultron 8 5900X Desktop Processor",Standard,2,258.44,0.2625,190.599500,0.3189,129.8173194500
2017-09-01,2020,90013123,Italy,A1219150301,"AQ 5000 Series Ultron 8 5900X Desktop Processor",Standard,2,258.44,0.2252,200.239312,0.3189,136.3829954032
2017-09-01,2020,90013123,Italy,A1219150301,"AQ 5000 Series Ultron 8 5900X Desktop Processor",Standard,2,258.44,0.2254,200.187624,0.3189,136.3477907064
2017-09-01,2021,90013123,Italy,A1219150301,"AQ 5000 Series Ultron 8 5900X Desktop Processor",Standard,2,271.36,0.2567,201.701888,0.3189,137.3791559168
2017-09-01,2021,90013123,Italy,A1219150301,"AQ 5000 Series Ultron 8 5900X Desktop Processor",Standard,2,271.36,0.2554,202.054656,0.3189,137.6194262016
2017-09-01,2021,90013123,Italy,A1219150301,"AQ 5000 Series Ultron 8 5900X Desktop Processor",Standard,2,271.36,0.2625,200.128000,0.3189,136.3071808000
2017-09-01,2021,90013123,Italy,A1219150301,"AQ 5000 Series Ultron 8 5900X Desktop Processor",Standard,2,271.36,0.2252,210.249728,0.3189,143.2010897408
2017-09-01,2021,90013123,Italy,A1219150301,"AQ 5000 Series Ultron 8 5900X Desktop Processor",Standard,2,271.36,0.2254,210.195456,0.3189,143.1641250816
2017-09-01,2022,90013123,Italy,A1219150301,"AQ 5000 Series Ultron 8 5900X Desktop Processor",Standard,2,283.91,0.2567,211.030303,0.3189,143.7327393733
2017-09-01,2022,90013123,Italy,A1219150301,"AQ 5000 Series Ultron 8 5900X Desktop Processor",Standard,2,283.91,0.2554,211.399386,0.3189,143.9841218046
2017-09-01,2022,90013123,Italy,A1219150301,"AQ 5000 Series Ultron 8 5900X Desktop Processor",Standard,2,283.91,0.2625,209.383625,0.3189,142.6111869875
2017-09-01,2022,90013123,Italy,A1219150301,"AQ 5000 Series Ultron 8 5900X Desktop Processor",Standard,2,283.91,0.2252,219.973468,0.3189,149.8239290548
2017-09-01,2022,90013123,Italy,A1219150301,"AQ 5000 Series Ultron 8 5900X Desktop Processor",Standard,2,283.91,0.2254,219.916686,0.3189,149.7852548346
2017-09-01,2018,90016173,Poland,A1219150301,"AQ 5000 Series Ultron 8 5900X Desktop Processor",Standard,1,123.38,0.2083,97.679946,0.3133,67.0768189182
2017-09-01,2018,90016173,Poland,A1219150301,"AQ 5000 Series Ultron 8 5900X Desktop Processor",Standard,1,123.38,0.2157,96.766934,0.3133,66.4498535778
2017-09-01,2018,90016173,Poland,A1219150301,"AQ 5000 Series Ultron 8 5900X Desktop Processor",Standard,1,123.38,0.2462,93.003844,0.3133,63.8657396748
2017-09-01,2018,90016173,Poland,A1219150301,"AQ 5000 Series Ultron 8 5900X Desktop Processor",Standard,1,123.38,0.2623,91.017426,0.3133,62.5016664342
2017-09-01,2018,90016173,Poland,A1219150301,"AQ 5000 Series Ultron 8 5900X Desktop Processor",Standard,1,123.38,0.2487,92.695394,0.3133,63.6539270598
2017-09-01,2019,90016173,Poland,A1219150301,"AQ 5000 Series Ultron 8 5900X Desktop Processor",Standard,1,122.68,0.2083,97.125756,0.3133,66.6962566452
2017-09-01,2019,90016173,Poland,A1219150301,"AQ 5000 Series Ultron 8 5900X Desktop Processor",Standard,1,122.68,0.2157,96.217924,0.3133,66.0728484108
2017-09-01,2019,90016173,Poland,A1219150301,"AQ 5000 Series Ultron 8 5900X Desktop Processor",Standard,1,122.68,0.2462,92.476184,0.3133,63.5033955528
2017-09-01,2019,90016173,Poland,A1219150301,"AQ 5000 Series Ultron 8 5900X Desktop Processor",Standard,1,122.68,0.2623,90.501036,0.3133,62.1470614212
2017-09-01,2019,90016173,Poland,A1219150301,"AQ 5000 Series Ultron 8 5900X Desktop Processor",Standard,1,122.68,0.2487,92.169484,0.3133,63.2927846628
2017-09-01,2020,90016173,Poland,A1219150301,"AQ 5000 Series Ultron 8 5900X Desktop Processor",Standard,1,129.22,0.2083,102.303474,0.3133,70.2517955958
2017-09-01,2020,90016173,Poland,A1219150301,"AQ 5000 Series Ultron 8 5900X Desktop Processor",Standard,1,129.22,0.2157,101.347246,0.3133,69.5951538282
2017-09-01,2020,90016173,Poland,A1219150301,"AQ 5000 Series Ultron 8 5900X Desktop Processor",Standard,1,129.22,0.2462,97.406036,0.3133,66.8887249212
2017-09-01,2020,90016173,Poland,A1219150301,"AQ 5000 Series Ultron 8 5900X Desktop Processor",Standard,1,129.22,0.2623,95.325594,0.3133,65.4600853998
2017-09-01,2020,90016173,Poland,A1219150301,"AQ 5000 Series Ultron 8 5900X Desktop Processor",Standard,1,129.22,0.2487,97.082986,0.3133,66.6668864862
2017-09-01,2021,90016173,Poland,A1219150301,"AQ 5000 Series Ultron 8 5900X Desktop Processor",Standard,1,135.68,0.2083,107.417856,0.3133,73.7638417152
2017-09-01,2021,90016173,Poland,A1219150301,"AQ 5000 Series Ultron 8 5900X Desktop Processor",Standard,1,135.68,0.2157,106.413824,0.3133,73.0743729408
2017-09-01,2021,90016173,Poland,A1219150301,"AQ 5000 Series Ultron 8 5900X Desktop Processor",Standard,1,135.68,0.2462,102.275584,0.3133,70.2326435328
2017-09-01,2021,90016173,Poland,A1219150301,"AQ 5000 Series Ultron 8 5900X Desktop Processor",Standard,1,135.68,0.2623,100.091136,0.3133,68.7325830912
2017-09-01,2021,90016173,Poland,A1219150301,"AQ 5000 Series Ultron 8 5900X Desktop Processor",Standard,1,135.68,0.2487,101.936384,0.3133,69.9997148928
2017-09-01,2022,90016173,Poland,A1219150301,"AQ 5000 Series Ultron 8 5900X Desktop Processor",Standard,1,141.96,0.2083,112.389732,0.3133,77.1780289644
2017-09-01,2022,90016173,Poland,A1219150301,"AQ 5000 Series Ultron 8 5900X Desktop Processor",Standard,1,141.96,0.2157,111.339228,0.3133,76.4566478676
2017-09-01,2022,90016173,Poland,A1219150301,"AQ 5000 Series Ultron 8 5900X Desktop Processor",Standard,1,141.96,0.2462,107.009448,0.3133,73.4833879416
2017-09-01,2022,90016173,Poland,A1219150301,"AQ 5000 Series Ultron 8 5900X Desktop Processor",Standard,1,141.96,0.2623,104.723892,0.3133,71.9138966364
2017-09-01,2022,90016173,Poland,A1219150301,"AQ 5000 Series Ultron 8 5900X Desktop Processor",Standard,1,141.96,0.2487,106.654548,0.3133,73.2396781116
2017-09-01,2018,90016174,Poland,A1219150301,"AQ 5000 Series Ultron 8 5900X Desktop Processor",Standard,1,123.38,0.2051,98.074762,0.3017,68.4856063046
2017-09-01,2018,90016174,Poland,A1219150301,"AQ 5000 Series Ultron 8 5900X Desktop Processor",Standard,1,123.38,0.2800,88.833600,0.3017,62.0325028800
2017-09-01,2018,90016174,Poland,A1219150301,"AQ 5000 Series Ultron 8 5900X Desktop Processor",Standard,1,123.38,0.1963,99.160506,0.3017,69.2437813398
2017-09-01,2018,90016174,Poland,A1219150301,"AQ 5000 Series Ultron 8 5900X Desktop Processor",Standard,1,123.38,0.2556,91.844072,0.3017,64.1347154776
2017-09-01,2018,90016174,Poland,A1219150301,"AQ 5000 Series Ultron 8 5900X Desktop Processor",Standard,1,123.38,0.1957,99.234534,0.3017,69.2954750922
2017-09-01,2019,90016174,Poland,A1219150301,"AQ 5000 Series Ultron 8 5900X Desktop Processor",Standard,1,122.68,0.2051,97.518332,0.3017,68.0970512356
2017-09-01,2019,90016174,Poland,A1219150301,"AQ 5000 Series Ultron 8 5900X Desktop Processor",Standard,1,122.68,0.2800,88.329600,0.3017,61.6805596800
2017-09-01,2019,90016174,Poland,A1219150301,"AQ 5000 Series Ultron 8 5900X Desktop Processor",Standard,1,122.68,0.1963,98.597916,0.3017,68.8509247428
2017-09-01,2019,90016174,Poland,A1219150301,"AQ 5000 Series Ultron 8 5900X Desktop Processor",Standard,1,122.68,0.2556,91.322992,0.3017,63.7708453136
2017-09-01,2019,90016174,Poland,A1219150301,"AQ 5000 Series Ultron 8 5900X Desktop Processor",Standard,1,122.68,0.1957,98.671524,0.3017,68.9023252092
2017-09-01,2020,90016174,Poland,A1219150301,"AQ 5000 Series Ultron 8 5900X Desktop Processor",Standard,1,129.22,0.2051,102.716978,0.3017,71.7272657374
2017-09-01,2020,90016174,Poland,A1219150301,"AQ 5000 Series Ultron 8 5900X Desktop Processor",Standard,1,129.22,0.2800,93.038400,0.3017,64.9687147200
2017-09-01,2020,90016174,Poland,A1219150301,"AQ 5000 Series Ultron 8 5900X Desktop Processor",Standard,1,129.22,0.1963,103.854114,0.3017,72.5213278062
2017-09-01,2020,90016174,Poland,A1219150301,"AQ 5000 Series Ultron 8 5900X Desktop Processor",Standard,1,129.22,0.2556,96.191368,0.3017,67.1704322744
2017-09-01,2020,90016174,Poland,A1219150301,"AQ 5000 Series Ultron 8 5900X Desktop Processor",Standard,1,129.22,0.1957,103.931646,0.3017,72.5754684018
2017-09-01,2021,90016174,Poland,A1219150301,"AQ 5000 Series Ultron 8 5900X Desktop Processor",Standard,1,135.68,0.2051,107.852032,0.3017,75.3130739456
2017-09-01,2021,90016174,Poland,A1219150301,"AQ 5000 Series Ultron 8 5900X Desktop Processor",Standard,1,135.68,0.2800,97.689600,0.3017,68.2166476800
2017-09-01,2021,90016174,Poland,A1219150301,"AQ 5000 Series Ultron 8 5900X Desktop Processor",Standard,1,135.68,0.1963,109.046016,0.3017,76.1468329728
2017-09-01,2021,90016174,Poland,A1219150301,"AQ 5000 Series Ultron 8 5900X Desktop Processor",Standard,1,135.68,0.2556,101.000192,0.3017,70.5284340736
2017-09-01,2021,90016174,Poland,A1219150301,"AQ 5000 Series Ultron 8 5900X Desktop Processor",Standard,1,135.68,0.1957,109.127424,0.3017,76.2036801792
2017-09-01,2022,90016174,Poland,A1219150301,"AQ 5000 Series Ultron 8 5900X Desktop Processor",Standard,1,141.96,0.2051,112.844004,0.3017,78.7989679932
2017-09-01,2022,90016174,Poland,A1219150301,"AQ 5000 Series Ultron 8 5900X Desktop Processor",Standard,1,141.96,0.2800,102.211200,0.3017,71.3740809600
2017-09-01,2022,90016174,Poland,A1219150301,"AQ 5000 Series Ultron 8 5900X Desktop Processor",Standard,1,141.96,0.1963,114.093252,0.3017,79.6713178716
2017-09-01,2022,90016174,Poland,A1219150301,"AQ 5000 Series Ultron 8 5900X Desktop Processor",Standard,1,141.96,0.2556,105.675024,0.3017,73.7928692592
2017-09-01,2022,90016174,Poland,A1219150301,"AQ 5000 Series Ultron 8 5900X Desktop Processor",Standard,1,141.96,0.1957,114.178428,0.3017,79.7307962724
2017-09-01,2018,90016175,Poland,A1219150301,"AQ 5000 Series Ultron 8 5900X Desktop Processor",Standard,1,123.38,0.2551,91.905762,0.2440,69.4807560720
2017-09-01,2018,90016175,Poland,A1219150301,"AQ 5000 Series Ultron 8 5900X Desktop Processor",Standard,1,123.38,0.2079,97.729298,0.2440,73.8833492880
2017-09-01,2018,90016175,Poland,A1219150301,"AQ 5000 Series Ultron 8 5900X Desktop Processor",Standard,1,123.38,0.2735,89.635570,0.2440,67.7644909200
2017-09-01,2018,90016175,Poland,A1219150301,"AQ 5000 Series Ultron 8 5900X Desktop Processor",Standard,1,123.38,0.2130,97.100060,0.2440,73.4076453600
2017-09-01,2018,90016175,Poland,A1219150301,"AQ 5000 Series Ultron 8 5900X Desktop Processor",Standard,1,123.38,0.3090,85.255580,0.2440,64.4532184800
2017-09-01,2019,90016175,Poland,A1219150301,"AQ 5000 Series Ultron 8 5900X Desktop Processor",Standard,1,122.68,0.2551,91.384332,0.2440,69.0865549920
2017-09-01,2019,90016175,Poland,A1219150301,"AQ 5000 Series Ultron 8 5900X Desktop Processor",Standard,1,122.68,0.2079,97.174828,0.2440,73.4641699680
2017-09-01,2019,90016175,Poland,A1219150301,"AQ 5000 Series Ultron 8 5900X Desktop Processor",Standard,1,122.68,0.2735,89.127020,0.2440,67.3800271200
2017-09-01,2019,90016175,Poland,A1219150301,"AQ 5000 Series Ultron 8 5900X Desktop Processor",Standard,1,122.68,0.2130,96.549160,0.2440,72.9911649600
2017-09-01,2019,90016175,Poland,A1219150301,"AQ 5000 Series Ultron 8 5900X Desktop Processor",Standard,1,122.68,0.3090,84.771880,0.2440,64.0875412800
2017-09-01,2020,90016175,Poland,A1219150301,"AQ 5000 Series Ultron 8 5900X Desktop Processor",Standard,1,129.22,0.2551,96.255978,0.2440,72.7695193680
2017-09-01,2020,90016175,Poland,A1219150301,"AQ 5000 Series Ultron 8 5900X Desktop Processor",Standard,1,129.22,0.2079,102.355162,0.2440,77.3805024720
2017-09-01,2020,90016175,Poland,A1219150301,"AQ 5000 Series Ultron 8 5900X Desktop Processor",Standard,1,129.22,0.2735,93.878330,0.2440,70.9720174800
2017-09-01,2020,90016175,Poland,A1219150301,"AQ 5000 Series Ultron 8 5900X Desktop Processor",Standard,1,129.22,0.2130,101.696140,0.2440,76.8822818400
2017-09-01,2020,90016175,Poland,A1219150301,"AQ 5000 Series Ultron 8 5900X Desktop Processor",Standard,1,129.22,0.3090,89.291020,0.2440,67.5040111200
2017-09-01,2021,90016175,Poland,A1219150301,"AQ 5000 Series Ultron 8 5900X Desktop Processor",Standard,1,135.68,0.2551,101.068032,0.2440,76.4074321920
2017-09-01,2021,90016175,Poland,A1219150301,"AQ 5000 Series Ultron 8 5900X Desktop Processor",Standard,1,135.68,0.2079,107.472128,0.2440,81.2489287680
2017-09-01,2021,90016175,Poland,A1219150301,"AQ 5000 Series Ultron 8 5900X Desktop Processor",Standard,1,135.68,0.2735,98.571520,0.2440,74.5200691200
2017-09-01,2021,90016175,Poland,A1219150301,"AQ 5000 Series Ultron 8 5900X Desktop Processor",Standard,1,135.68,0.2130,106.780160,0.2440,80.7258009600
2017-09-01,2021,90016175,Poland,A1219150301,"AQ 5000 Series Ultron 8 5900X Desktop Processor",Standard,1,135.68,0.3090,93.754880,0.2440,70.8786892800
2017-09-01,2022,90016175,Poland,A1219150301,"AQ 5000 Series Ultron 8 5900X Desktop Processor",Standard,1,141.96,0.2551,105.746004,0.2440,79.9439790240
2017-09-01,2022,90016175,Poland,A1219150301,"AQ 5000 Series Ultron 8 5900X Desktop Processor",Standard,1,141.96,0.2079,112.446516,0.2440,85.0095660960
2017-09-01,2022,90016175,Poland,A1219150301,"AQ 5000 Series Ultron 8 5900X Desktop Processor",Standard,1,141.96,0.2735,103.133940,0.2440,77.9692586400
2017-09-01,2022,90016175,Poland,A1219150301,"AQ 5000 Series Ultron 8 5900X Desktop Processor",Standard,1,141.96,0.2130,111.722520,0.2440,84.4622251200
2017-09-01,2022,90016175,Poland,A1219150301,"AQ 5000 Series Ultron 8 5900X Desktop Processor",Standard,1,141.96,0.3090,98.094360,0.2440,74.1593361600
2017-09-01,2018,90022071,USA,A1219150301,"AQ 5000 Series Ultron 8 5900X Desktop Processor",Standard,20,2467.54,0.1906,1997.226876,0.3078,1382.4804435672
2017-09-01,2018,90022071,USA,A1219150301,"AQ 5000 Series Ultron 8 5900X Desktop Processor",Standard,20,2467.54,0.2734,1792.914564,0.3078,1241.0554612008
2017-09-01,2018,90022071,USA,A1219150301,"AQ 5000 Series Ultron 8 5900X Desktop Processor",Standard,20,2467.54,0.2674,1807.719804,0.3078,1251.3036483288
2017-09-01,2018,90022071,USA,A1219150301,"AQ 5000 Series Ultron 8 5900X Desktop Processor",Standard,20,2467.54,0.2257,1910.616222,0.3078,1322.5285488684
2017-09-01,2018,90022071,USA,A1219150301,"AQ 5000 Series Ultron 8 5900X Desktop Processor",Standard,20,2467.54,0.1944,1987.850224,0.3078,1375.9899250528
2017-09-01,2019,90022071,USA,A1219150301,"AQ 5000 Series Ultron 8 5900X Desktop Processor",Standard,20,2453.63,0.1906,1985.968122,0.3078,1374.6871340484
2017-09-01,2019,90022071,USA,A1219150301,"AQ 5000 Series Ultron 8 5900X Desktop Processor",Standard,20,2453.63,0.2734,1782.807558,0.3078,1234.0593916476
2017-09-01,2019,90022071,USA,A1219150301,"AQ 5000 Series Ultron 8 5900X Desktop Processor",Standard,20,2453.63,0.2674,1797.529338,0.3078,1244.2498077636
2017-09-01,2019,90022071,USA,A1219150301,"AQ 5000 Series Ultron 8 5900X Desktop Processor",Standard,20,2453.63,0.2257,1899.845709,0.3078,1315.0731997698
2017-09-01,2019,90022071,USA,A1219150301,"AQ 5000 Series Ultron 8 5900X Desktop Processor",Standard,20,2453.63,0.1944,1976.644328,0.3078,1368.2332038416
2017-09-01,2020,90022071,USA,A1219150301,"AQ 5000 Series Ultron 8 5900X Desktop Processor",Standard,20,2584.38,0.1906,2091.797172,0.3078,1447.9420024584
2017-09-01,2020,90022071,USA,A1219150301,"AQ 5000 Series Ultron 8 5900X Desktop Processor",Standard,20,2584.38,0.2734,1877.810508,0.3078,1299.8204336376
2017-09-01,2020,90022071,USA,A1219150301,"AQ 5000 Series Ultron 8 5900X Desktop Processor",Standard,20,2584.38,0.2674,1893.316788,0.3078,1310.5538806536
2017-09-01,2020,90022071,USA,A1219150301,"AQ 5000 Series Ultron 8 5900X Desktop Processor",Standard,20,2584.38,0.2257,2001.085434,0.3078,1385.1513374148
2017-09-01,2020,90022071,USA,A1219150301,"AQ 5000 Series Ultron 8 5900X Desktop Processor",Standard,20,2584.38,0.1944,2081.976528,0.3078,1441.1441526816
2017-09-01,2021,90022071,USA,A1219150301,"AQ 5000 Series Ultron 8 5900X Desktop Processor",Standard,20,2713.64,0.1906,2196.420216,0.3078,1520.3620735152
2017-09-01,2021,90022071,USA,A1219150301,"AQ 5000 Series Ultron 8 5900X Desktop Processor",Standard,20,2713.64,0.2734,1971.730824,0.3078,1364.8320763728
2017-09-01,2021,90022071,USA,A1219150301,"AQ 5000 Series Ultron 8 5900X Desktop Processor",Standard,20,2713.64,0.2674,1988.012664,0.3078,1376.1023660208
2017-09-01,2021,90022071,USA,A1219150301,"AQ 5000 Series Ultron 8 5900X Desktop Processor",Standard,20,2713.64,0.2257,2101.171452,0.3078,1454.4308790744
2017-09-01,2021,90022071,USA,A1219150301,"AQ 5000 Series Ultron 8 5900X Desktop Processor",Standard,20,2713.64,0.1944,2186.108384,0.3078,1513.2242234048
2017-09-01,2022,90022071,USA,A1219150301,"AQ 5000 Series Ultron 8 5900X Desktop Processor",Standard,20,2839.13,0.1906,2297.991822,0.3078,1590.6699391884
2017-09-01,2022,90022071,USA,A1219150301,"AQ 5000 Series Ultron 8 5900X Desktop Processor",Standard,20,2839.13,0.2734,2062.911858,0.3078,1427.9475881076
2017-09-01,2022,90022071,USA,A1219150301,"AQ 5000 Series Ultron 8 5900X Desktop Processor",Standard,20,2839.13,0.2674,2079.946638,0.3078,1439.7390628236
2017-09-01,2022,90022071,USA,A1219150301,"AQ 5000 Series Ultron 8 5900X Desktop Processor",Standard,20,2839.13,0.2257,2198.338359,0.3078,1521.6898120998
2017-09-01,2022,90022071,USA,A1219150301,"AQ 5000 Series Ultron 8 5900X Desktop Processor",Standard,20,2839.13,0.1944,2287.203128,0.3078,1583.2020052016
2017-09-01,2018,90022073,USA,A1219150301,"AQ 5000 Series Ultron 8 5900X Desktop Processor",Standard,24,2961.04,0.2834,2121.881264,0.2467,1598.4131561712
2017-09-01,2018,90022073,USA,A1219150301,"AQ 5000 Series Ultron 8 5900X Desktop Processor",Standard,24,2961.04,0.2450,2235.585200,0.2467,1684.0663311600
2017-09-01,2018,90022073,USA,A1219150301,"AQ 5000 Series Ultron 8 5900X Desktop Processor",Standard,24,2961.04,0.1966,2378.899536,0.2467,1792.0250204688
2017-09-01,2018,90022073,USA,A1219150301,"AQ 5000 Series Ultron 8 5900X Desktop Processor",Standard,24,2961.04,0.1953,2382.748888,0.2467,1794.9247373304
2017-09-01,2018,90022073,USA,A1219150301,"AQ 5000 Series Ultron 8 5900X Desktop Processor",Standard,24,2961.04,0.2118,2333.891728,0.2467,1758.1206387024
2017-09-01,2019,90022073,USA,A1219150301,"AQ 5000 Series Ultron 8 5900X Desktop Processor",Standard,24,2944.36,0.2834,2109.928376,0.2467,1589.4090456408
2017-09-01,2019,90022073,USA,A1219150301,"AQ 5000 Series Ultron 8 5900X Desktop Processor",Standard,24,2944.36,0.2450,2222.991800,0.2467,1674.5797229400
2017-09-01,2019,90022073,USA,A1219150301,"AQ 5000 Series Ultron 8 5900X Desktop Processor",Standard,24,2944.36,0.1966,2365.498824,0.2467,1781.9302641192
2017-09-01,2019,90022073,USA,A1219150301,"AQ 5000 Series Ultron 8 5900X Desktop Processor",Standard,24,2944.36,0.1953,2369.326492,0.2467,1784.8136464236
2017-09-01,2019,90022073,USA,A1219150301,"AQ 5000 Series Ultron 8 5900X Desktop Processor",Standard,24,2944.36,0.2118,2320.744552,0.2467,1748.2168710216
2017-09-01,2020,90022073,USA,A1219150301,"AQ 5000 Series Ultron 8 5900X Desktop Processor",Standard,24,3101.26,0.2834,2222.362916,0.2467,1674.1059846228
2017-09-01,2020,90022073,USA,A1219150301,"AQ 5000 Series Ultron 8 5900X Desktop Processor",Standard,24,3101.26,0.2450,2341.451300,0.2467,1763.8152642900
2017-09-01,2020,90022073,USA,A1219150301,"AQ 5000 Series Ultron 8 5900X Desktop Processor",Standard,24,3101.26,0.1966,2491.552284,0.2467,1876.8863355372
2017-09-01,2020,90022073,USA,A1219150301,"AQ 5000 Series Ultron 8 5900X Desktop Processor",Standard,24,3101.26,0.1953,2495.583922,0.2467,1879.9233684426
2017-09-01,2020,90022073,USA,A1219150301,"AQ 5000 Series Ultron 8 5900X Desktop Processor",Standard,24,3101.26,0.2118,2444.413132,0.2467,1841.3764123356
2017-09-01,2021,90022073,USA,A1219150301,"AQ 5000 Series Ultron 8 5900X Desktop Processor",Standard,24,3256.37,0.2834,2333.514742,0.2467,1757.8366551486
2017-09-01,2021,90022073,USA,A1219150301,"AQ 5000 Series Ultron 8 5900X Desktop Processor",Standard,24,3256.37,0.2450,2458.559350,0.2467,1852.0327583550
2017-09-01,2021,90022073,USA,A1219150301,"AQ 5000 Series Ultron 8 5900X Desktop Processor",Standard,24,3256.37,0.1966,2616.167658,0.2467,1970.7590967714
2017-09-01,2021,90022073,USA,A1219150301,"AQ 5000 Series Ultron 8 5900X Desktop Processor",Standard,24,3256.37,0.1953,2620.400939,0.2467,1973.9480273487
2017-09-01,2021,90022073,USA,A1219150301,"AQ 5000 Series Ultron 8 5900X Desktop Processor",Standard,24,3256.37,0.2118,2566.670834,0.2467,1933.4731392522
2017-09-01,2022,90022073,USA,A1219150301,"AQ 5000 Series Ultron 8 5900X Desktop Processor",Standard,24,3406.96,0.2834,2441.427536,0.2467,1839.1273628688
2017-09-01,2022,90022073,USA,A1219150301,"AQ 5000 Series Ultron 8 5900X Desktop Processor",Standard,24,3406.96,0.2450,2572.254800,0.2467,1937.6795408400
2017-09-01,2022,90022073,USA,A1219150301,"AQ 5000 Series Ultron 8 5900X Desktop Processor",Standard,24,3406.96,0.1966,2737.151664,0.2467,2061.8963484912
2017-09-01,2022,90022073,USA,A1219150301,"AQ 5000 Series Ultron 8 5900X Desktop Processor",Standard,24,3406.96,0.1953,2741.580712,0.2467,2065.2327503496
2017-09-01,2022,90022073,USA,A1219150301,"AQ 5000 Series Ultron 8 5900X Desktop Processor",Standard,24,3406.96,0.2118,2685.365872,0.2467,2022.8861113776
2017-09-01,2018,90022074,USA,A1219150301,"AQ 5000 Series Ultron 8 5900X Desktop Processor",Standard,30,3701.30,0.2709,2698.617830,0.2654,1982.4046579180
2017-09-01,2018,90022074,USA,A1219150301,"AQ 5000 Series Ultron 8 5900X Desktop Processor",Standard,30,3701.30,0.2914,2622.741180,0.2654,1926.6656708280
2017-09-01,2018,90022074,USA,A1219150301,"AQ 5000 Series Ultron 8 5900X Desktop Processor",Standard,30,3701.30,0.2051,2942.163370,0.2654,2161.3132116020
2017-09-01,2018,90022074,USA,A1219150301,"AQ 5000 Series Ultron 8 5900X Desktop Processor",Standard,30,3701.30,0.2408,2810.026960,0.2654,2064.2458048160
2017-09-01,2018,90022074,USA,A1219150301,"AQ 5000 Series Ultron 8 5900X Desktop Processor",Standard,30,3701.30,0.2290,2853.702300,0.2654,2096.3297095800
2017-09-01,2019,90022074,USA,A1219150301,"AQ 5000 Series Ultron 8 5900X Desktop Processor",Standard,30,3680.45,0.2709,2683.416095,0.2654,1971.2374633870
2017-09-01,2019,90022074,USA,A1219150301,"AQ 5000 Series Ultron 8 5900X Desktop Processor",Standard,30,3680.45,0.2914,2607.966870,0.2654,1915.8124627020
2017-09-01,2019,90022074,USA,A1219150301,"AQ 5000 Series Ultron 8 5900X Desktop Processor",Standard,30,3680.45,0.2051,2925.589705,0.2654,2149.1381972930
2017-09-01,2019,90022074,USA,A1219150301,"AQ 5000 Series Ultron 8 5900X Desktop Processor",Standard,30,3680.45,0.2408,2794.197640,0.2654,2052.6175863440
2017-09-01,2019,90022074,USA,A1219150301,"AQ 5000 Series Ultron 8 5900X Desktop Processor",Standard,30,3680.45,0.2290,2837.626950,0.2654,2084.5207574700
2017-09-01,2020,90022074,USA,A1219150301,"AQ 5000 Series Ultron 8 5900X Desktop Processor",Standard,30,3876.57,0.2709,2826.407187,0.2654,2076.2787195702
2017-09-01,2020,90022074,USA,A1219150301,"AQ 5000 Series Ultron 8 5900X Desktop Processor",Standard,30,3876.57,0.2914,2746.937502,0.2654,2017.9002889692
2017-09-01,2020,90022074,USA,A1219150301,"AQ 5000 Series Ultron 8 5900X Desktop Processor",Standard,30,3876.57,0.2051,3081.485493,0.2654,2263.6592431578
2017-09-01,2020,90022074,USA,A1219150301,"AQ 5000 Series Ultron 8 5900X Desktop Processor",Standard,30,3876.57,0.2408,2943.091944,0.2654,2161.9953420624
2017-09-01,2020,90022074,USA,A1219150301,"AQ 5000 Series Ultron 8 5900X Desktop Processor",Standard,30,3876.57,0.2290,2988.835470,0.2654,2195.5985362620
2017-09-01,2021,90022074,USA,A1219150301,"AQ 5000 Series Ultron 8 5900X Desktop Processor",Standard,30,4070.47,0.2709,2967.779677,0.2654,2180.1309507242
2017-09-01,2021,90022074,USA,A1219150301,"AQ 5000 Series Ultron 8 5900X Desktop Processor",Standard,30,4070.47,0.2914,2884.335042,0.2654,2118.8325218532
2017-09-01,2021,90022074,USA,A1219150301,"AQ 5000 Series Ultron 8 5900X Desktop Processor",Standard,30,4070.47,0.2051,3235.616603,0.2654,2376.8839565638
2017-09-01,2021,90022074,USA,A1219150301,"AQ 5000 Series Ultron 8 5900X Desktop Processor",Standard,30,4070.47,0.2408,3090.300824,0.2654,2270.1349853104
2017-09-01,2021,90022074,USA,A1219150301,"AQ 5000 Series Ultron 8 5900X Desktop Processor",Standard,30,4070.47,0.2290,3138.332370,0.2654,2305.4189590020
2017-09-01,2022,90022074,USA,A1219150301,"AQ 5000 Series Ultron 8 5900X Desktop Processor",Standard,30,4258.70,0.2709,3105.018170,0.2654,2280.9463476820
2017-09-01,2022,90022074,USA,A1219150301,"AQ 5000 Series Ultron 8 5900X Desktop Processor",Standard,30,4258.70,0.2914,3017.714820,0.2654,2216.8133067720
2017-09-01,2022,90022074,USA,A1219150301,"AQ 5000 Series Ultron 8 5900X Desktop Processor",Standard,30,4258.70,0.2051,3385.240630,0.2654,2486.7977667980
2017-09-01,2022,90022074,USA,A1219150301,"AQ 5000 Series Ultron 8 5900X Desktop Processor",Standard,30,4258.70,0.2408,3233.205040,0.2654,2375.1124223840
2017-09-01,2022,90022074,USA,A1219150301,"AQ 5000 Series Ultron 8 5900X Desktop Processor",Standard,30,4258.70,0.2290,3283.457700,0.2654,2412.0280264200
2017-09-01,2018,90022075,USA,A1219150301,"AQ 5000 Series Ultron 8 5900X Desktop Processor",Standard,15,1850.65,0.2553,1378.179055,0.2625,1016.4070530625
2017-09-01,2018,90022075,USA,A1219150301,"AQ 5000 Series Ultron 8 5900X Desktop Processor",Standard,15,1850.65,0.2563,1376.328405,0.2625,1015.0421986875
2017-09-01,2018,90022075,USA,A1219150301,"AQ 5000 Series Ultron 8 5900X Desktop Processor",Standard,15,1850.65,0.2293,1426.295955,0.2625,1051.8932668125
2017-09-01,2018,90022075,USA,A1219150301,"AQ 5000 Series Ultron 8 5900X Desktop Processor",Standard,15,1850.65,0.2375,1411.120625,0.2625,1040.7014609375
2017-09-01,2018,90022075,USA,A1219150301,"AQ 5000 Series Ultron 8 5900X Desktop Processor",Standard,15,1850.65,0.2158,1451.279730,0.2625,1070.3188008750
2017-09-01,2019,90022075,USA,A1219150301,"AQ 5000 Series Ultron 8 5900X Desktop Processor",Standard,15,1840.23,0.2553,1370.419281,0.2625,1010.6842197375
2017-09-01,2019,90022075,USA,A1219150301,"AQ 5000 Series Ultron 8 5900X Desktop Processor",Standard,15,1840.23,0.2563,1368.579051,0.2625,1009.3270501125
2017-09-01,2019,90022075,USA,A1219150301,"AQ 5000 Series Ultron 8 5900X Desktop Processor",Standard,15,1840.23,0.2293,1418.265261,0.2625,1045.9706299875
2017-09-01,2019,90022075,USA,A1219150301,"AQ 5000 Series Ultron 8 5900X Desktop Processor",Standard,15,1840.23,0.2375,1403.175375,0.2625,1034.8418390625
2017-09-01,2019,90022075,USA,A1219150301,"AQ 5000 Series Ultron 8 5900X Desktop Processor",Standard,15,1840.23,0.2158,1443.108366,0.2625,1064.2924199250
2017-09-01,2020,90022075,USA,A1219150301,"AQ 5000 Series Ultron 8 5900X Desktop Processor",Standard,15,1938.29,0.2553,1443.444563,0.2625,1064.5403652125
2017-09-01,2020,90022075,USA,A1219150301,"AQ 5000 Series Ultron 8 5900X Desktop Processor",Standard,15,1938.29,0.2563,1441.506273,0.2625,1063.1108763375
2017-09-01,2020,90022075,USA,A1219150301,"AQ 5000 Series Ultron 8 5900X Desktop Processor",Standard,15,1938.29,0.2293,1493.840103,0.2625,1101.7070759625
2017-09-01,2020,90022075,USA,A1219150301,"AQ 5000 Series Ultron 8 5900X Desktop Processor",Standard,15,1938.29,0.2375,1477.946125,0.2625,1089.9852671875
2017-09-01,2020,90022075,USA,A1219150301,"AQ 5000 Series Ultron 8 5900X Desktop Processor",Standard,15,1938.29,0.2158,1520.007018,0.2625,1121.0051757750
2017-09-01,2021,90022075,USA,A1219150301,"AQ 5000 Series Ultron 8 5900X Desktop Processor",Standard,15,2035.23,0.2553,1515.635781,0.2625,1117.7813884875
2017-09-01,2021,90022075,USA,A1219150301,"AQ 5000 Series Ultron 8 5900X Desktop Processor",Standard,15,2035.23,0.2563,1513.600551,0.2625,1116.2804063625
2017-09-01,2021,90022075,USA,A1219150301,"AQ 5000 Series Ultron 8 5900X Desktop Processor",Standard,15,2035.23,0.2293,1568.551761,0.2625,1156.8069237375
2017-09-01,2021,90022075,USA,A1219150301,"AQ 5000 Series Ultron 8 5900X Desktop Processor",Standard,15,2035.23,0.2375,1551.862875,0.2625,1144.4988703125
2017-09-01,2021,90022075,USA,A1219150301,"AQ 5000 Series Ultron 8 5900X Desktop Processor",Standard,15,2035.23,0.2158,1596.027366,0.2625,1177.0701824250
2017-09-01,2022,90022075,USA,A1219150301,"AQ 5000 Series Ultron 8 5900X Desktop Processor",Standard,15,2129.35,0.2553,1585.726945,0.2625,1169.4736219375
2017-09-01,2022,90022075,USA,A1219150301,"AQ 5000 Series Ultron 8 5900X Desktop Processor",Standard,15,2129.35,0.2563,1583.597595,0.2625,1167.9032263125
2017-09-01,2022,90022075,USA,A1219150301,"AQ 5000 Series Ultron 8 5900X Desktop Processor",Standard,15,2129.35,0.2293,1641.090045,0.2625,1210.3039081875
2017-09-01,2022,90022075,USA,A1219150301,"AQ 5000 Series Ultron 8 5900X Desktop Processor",Standard,15,2129.35,0.2375,1623.629375,0.2625,1197.4266640625
2017-09-01,2022,90022075,USA,A1219150301,"AQ 5000 Series Ultron 8 5900X Desktop Processor",Standard,15,2129.35,0.2158,1669.836270,0.2625,1231.5042491250
2017-09-01,2018,90022077,USA,A1219150301,"AQ 5000 Series Ultron 8 5900X Desktop Processor",Standard,25,3084.42,0.2394,2346.009852,0.2870,1672.7050244760
2017-09-01,2018,90022077,USA,A1219150301,"AQ 5000 Series Ultron 8 5900X Desktop Processor",Standard,25,3084.42,0.2502,2312.698116,0.2870,1648.9537567080
2017-09-01,2018,90022077,USA,A1219150301,"AQ 5000 Series Ultron 8 5900X Desktop Processor",Standard,25,3084.42,0.2448,2329.353984,0.2870,1660.8293905920
2017-09-01,2018,90022077,USA,A1219150301,"AQ 5000 Series Ultron 8 5900X Desktop Processor",Standard,25,3084.42,0.3028,2150.457624,0.2870,1533.2762859120
2017-09-01,2018,90022077,USA,A1219150301,"AQ 5000 Series Ultron 8 5900X Desktop Processor",Standard,25,3084.42,0.2383,2349.402714,0.2870,1675.1241350820
2017-09-01,2019,90022077,USA,A1219150301,"AQ 5000 Series Ultron 8 5900X Desktop Processor",Standard,25,3067.04,0.2394,2332.790624,0.2870,1663.2797149120
2017-09-01,2019,90022077,USA,A1219150301,"AQ 5000 Series Ultron 8 5900X Desktop Processor",Standard,25,3067.04,0.2502,2299.666592,0.2870,1639.6622800960
2017-09-01,2019,90022077,USA,A1219150301,"AQ 5000 Series Ultron 8 5900X Desktop Processor",Standard,25,3067.04,0.2448,2316.228608,0.2870,1651.4709975040
2017-09-01,2019,90022077,USA,A1219150301,"AQ 5000 Series Ultron 8 5900X Desktop Processor",Standard,25,3067.04,0.3028,2138.340288,0.2870,1524.6366253440
2017-09-01,2019,90022077,USA,A1219150301,"AQ 5000 Series Ultron 8 5900X Desktop Processor",Standard,25,3067.04,0.2383,2336.164368,0.2870,1665.6851943840
2017-09-01,2020,90022077,USA,A1219150301,"AQ 5000 Series Ultron 8 5900X Desktop Processor",Standard,25,3230.48,0.2394,2457.103088,0.2870,1751.9145017440
2017-09-01,2020,90022077,USA,A1219150301,"AQ 5000 Series Ultron 8 5900X Desktop Processor",Standard,25,3230.48,0.2502,2422.213904,0.2870,1727.0385135520
2017-09-01,2020,90022077,USA,A1219150301,"AQ 5000 Series Ultron 8 5900X Desktop Processor",Standard,25,3230.48,0.2448,2439.658496,0.2870,1739.4765076480
2017-09-01,2020,90022077,USA,A1219150301,"AQ 5000 Series Ultron 8 5900X Desktop Processor",Standard,25,3230.48,0.3028,2252.290656,0.2870,1605.8832377280
2017-09-01,2020,90022077,USA,A1219150301,"AQ 5000 Series Ultron 8 5900X Desktop Processor",Standard,25,3230.48,0.2383,2460.656616,0.2870,1754.4481672080
2017-09-01,2021,90022077,USA,A1219150301,"AQ 5000 Series Ultron 8 5900X Desktop Processor",Standard,25,3392.06,0.2394,2580.000836,0.2870,1839.5405960680
2017-09-01,2021,90022077,USA,A1219150301,"AQ 5000 Series Ultron 8 5900X Desktop Processor",Standard,25,3392.06,0.2502,2543.366588,0.2870,1813.4203772440
2017-09-01,2021,90022077,USA,A1219150301,"AQ 5000 Series Ultron 8 5900X Desktop Processor",Standard,25,3392.06,0.2448,2561.683712,0.2870,1826.4804866560
2017-09-01,2021,90022077,USA,A1219150301,"AQ 5000 Series Ultron 8 5900X Desktop Processor",Standard,25,3392.06,0.3028,2364.944232,0.2870,1686.2052374160
2017-09-01,2021,90022077,USA,A1219150301,"AQ 5000 Series Ultron 8 5900X Desktop Processor",Standard,25,3392.06,0.2383,2583.732102,0.2870,1842.2009887260
2017-09-01,2022,90022077,USA,A1219150301,"AQ 5000 Series Ultron 8 5900X Desktop Processor",Standard,25,3548.91,0.2394,2699.300946,0.2870,1924.6015744980
2017-09-01,2022,90022077,USA,A1219150301,"AQ 5000 Series Ultron 8 5900X Desktop Processor",Standard,25,3548.91,0.2502,2660.972718,0.2870,1897.2735479340
2017-09-01,2022,90022077,USA,A1219150301,"AQ 5000 Series Ultron 8 5900X Desktop Processor",Standard,25,3548.91,0.2448,2680.136832,0.2870,1910.9375612160
2017-09-01,2022,90022077,USA,A1219150301,"AQ 5000 Series Ultron 8 5900X Desktop Processor",Standard,25,3548.91,0.3028,2474.300052,0.2870,1764.1759370760
2017-09-01,2022,90022077,USA,A1219150301,"AQ 5000 Series Ultron 8 5900X Desktop Processor",Standard,25,3548.91,0.2383,2703.204747,0.2870,1927.3849846110
2017-09-01,2018,90022078,USA,A1219150301,"AQ 5000 Series Ultron 8 5900X Desktop Processor",Standard,16,1974.03,0.2882,1405.114554,0.2715,1023.6259525890
2017-09-01,2018,90022078,USA,A1219150301,"AQ 5000 Series Ultron 8 5900X Desktop Processor",Standard,16,1974.03,0.2872,1407.088584,0.2715,1025.0640334440
2017-09-01,2018,90022078,USA,A1219150301,"AQ 5000 Series Ultron 8 5900X Desktop Processor",Standard,16,1974.03,0.2358,1508.553726,0.2715,1098.9813893910
2017-09-01,2018,90022078,USA,A1219150301,"AQ 5000 Series Ultron 8 5900X Desktop Processor",Standard,16,1974.03,0.2162,1547.244714,0.2715,1127.1677741490
2017-09-01,2018,90022078,USA,A1219150301,"AQ 5000 Series Ultron 8 5900X Desktop Processor",Standard,16,1974.03,0.3067,1368.594999,0.2715,997.0214567715
2017-09-01,2019,90022078,USA,A1219150301,"AQ 5000 Series Ultron 8 5900X Desktop Processor",Standard,16,1962.91,0.2882,1397.199338,0.2715,1017.8597177330
2017-09-01,2019,90022078,USA,A1219150301,"AQ 5000 Series Ultron 8 5900X Desktop Processor",Standard,16,1962.91,0.2872,1399.162248,0.2715,1019.2896976680
2017-09-01,2019,90022078,USA,A1219150301,"AQ 5000 Series Ultron 8 5900X Desktop Processor",Standard,16,1962.91,0.2358,1500.055822,0.2715,1092.7906663270
2017-09-01,2019,90022078,USA,A1219150301,"AQ 5000 Series Ultron 8 5900X Desktop Processor",Standard,16,1962.91,0.2162,1538.528858,0.2715,1120.8182730530
2017-09-01,2019,90022078,USA,A1219150301,"AQ 5000 Series Ultron 8 5900X Desktop Processor",Standard,16,1962.91,0.3067,1360.885503,0.2715,991.4050889355
2017-09-01,2020,90022078,USA,A1219150301,"AQ 5000 Series Ultron 8 5900X Desktop Processor",Standard,16,2067.51,0.2882,1471.653618,0.2715,1072.0996607130
2017-09-01,2020,90022078,USA,A1219150301,"AQ 5000 Series Ultron 8 5900X Desktop Processor",Standard,16,2067.51,0.2872,1473.721128,0.2715,1073.6058417480
2017-09-01,2020,90022078,USA,A1219150301,"AQ 5000 Series Ultron 8 5900X Desktop Processor",Standard,16,2067.51,0.2358,1579.991142,0.2715,1151.0235469470
2017-09-01,2020,90022078,USA,A1219150301,"AQ 5000 Series Ultron 8 5900X Desktop Processor",Standard,16,2067.51,0.2162,1620.514338,0.2715,1180.5446952330
2017-09-01,2020,90022078,USA,A1219150301,"AQ 5000 Series Ultron 8 5900X Desktop Processor",Standard,16,2067.51,0.3067,1433.404683,0.2715,1044.2353115655
2017-09-01,2021,90022078,USA,A1219150301,"AQ 5000 Series Ultron 8 5900X Desktop Processor",Standard,16,2170.92,0.2882,1545.260856,0.2715,1125.7225335960
2017-09-01,2021,90022078,USA,A1219150301,"AQ 5000 Series Ultron 8 5900X Desktop Processor",Standard,16,2170.92,0.2872,1547.431776,0.2715,1127.3040488160
2017-09-01,2021,90022078,USA,A1219150301,"AQ 5000 Series Ultron 8 5900X Desktop Processor",Standard,16,2170.92,0.2358,1659.017064,0.2715,1208.5939311240
2017-09-01,2021,90022078,USA,A1219150301,"AQ 5000 Series Ultron 8 5900X Desktop Processor",Standard,16,2170.92,0.2162,1701.567096,0.2715,1239.5916294360
2017-09-01,2021,90022078,USA,A1219150301,"AQ 5000 Series Ultron 8 5900X Desktop Processor",Standard,16,2170.92,0.3067,1505.098836,0.2715,1096.4645020260
2017-09-01,2022,90022078,USA,A1219150301,"AQ 5000 Series Ultron 8 5900X Desktop Processor",Standard,16,2271.30,0.2882,1616.711340,0.2715,1177.7742111900
2017-09-01,2022,90022078,USA,A1219150301,"AQ 5000 Series Ultron 8 5900X Desktop Processor",Standard,16,2271.30,0.2872,1618.982640,0.2715,1179.4288532400
2017-09-01,2022,90022078,USA,A1219150301,"AQ 5000 Series Ultron 8 5900X Desktop Processor",Standard,16,2271.30,0.2358,1735.727460,0.2715,1264.4774546100
2017-09-01,2022,90022078,USA,A1219150301,"AQ 5000 Series Ultron 8 5900X Desktop Processor",Standard,16,2271.30,0.2162,1780.244940,0.2715,1296.9084387900
2017-09-01,2022,90022078,USA,A1219150301,"AQ 5000 Series Ultron 8 5900X Desktop Processor",Standard,16,2271.30,0.3067,1574.692290,0.2715,1147.1633332650
2017-09-01,2018,90022079,USA,A1219150301,"AQ 5000 Series Ultron 8 5900X Desktop Processor",Standard,25,3084.42,0.2788,2224.483704,0.2644,1636.3302126624
2017-09-01,2018,90022079,USA,A1219150301,"AQ 5000 Series Ultron 8 5900X Desktop Processor",Standard,25,3084.42,0.2482,2318.866956,0.2644,1705.7585328336
2017-09-01,2018,90022079,USA,A1219150301,"AQ 5000 Series Ultron 8 5900X Desktop Processor",Standard,25,3084.42,0.2584,2287.405872,0.2644,1682.6157594432
2017-09-01,2018,90022079,USA,A1219150301,"AQ 5000 Series Ultron 8 5900X Desktop Processor",Standard,25,3084.42,0.2075,2444.402850,0.2644,1798.1027364600
2017-09-01,2018,90022079,USA,A1219150301,"AQ 5000 Series Ultron 8 5900X Desktop Processor",Standard,25,3084.42,0.1833,2519.045814,0.2644,1853.0101007784
2017-09-01,2019,90022079,USA,A1219150301,"AQ 5000 Series Ultron 8 5900X Desktop Processor",Standard,25,3067.04,0.2788,2211.949248,0.2644,1627.1098668288
2017-09-01,2019,90022079,USA,A1219150301,"AQ 5000 Series Ultron 8 5900X Desktop Processor",Standard,25,3067.04,0.2482,2305.800672,0.2644,1696.1469743232
2017-09-01,2019,90022079,USA,A1219150301,"AQ 5000 Series Ultron 8 5900X Desktop Processor",Standard,25,3067.04,0.2584,2274.516864,0.2644,1673.1346051584
2017-09-01,2019,90022079,USA,A1219150301,"AQ 5000 Series Ultron 8 5900X Desktop Processor",Standard,25,3067.04,0.2075,2430.629200,0.2644,1787.9708395200
2017-09-01,2019,90022079,USA,A1219150301,"AQ 5000 Series Ultron 8 5900X Desktop Processor",Standard,25,3067.04,0.1833,2504.851568,0.2644,1842.5688134208
2017-09-01,2020,90022079,USA,A1219150301,"AQ 5000 Series Ultron 8 5900X Desktop Processor",Standard,25,3230.48,0.2788,2329.822176,0.2644,1713.8171926656
2017-09-01,2020,90022079,USA,A1219150301,"AQ 5000 Series Ultron 8 5900X Desktop Processor",Standard,25,3230.48,0.2482,2428.674864,0.2644,1786.5332299584
2017-09-01,2020,90022079,USA,A1219150301,"AQ 5000 Series Ultron 8 5900X Desktop Processor",Standard,25,3230.48,0.2584,2395.723968,0.2644,1762.2945508608
2017-09-01,2020,90022079,USA,A1219150301,"AQ 5000 Series Ultron 8 5900X Desktop Processor",Standard,25,3230.48,0.2075,2560.155400,0.2644,1883.2503122400
2017-09-01,2020,90022079,USA,A1219150301,"AQ 5000 Series Ultron 8 5900X Desktop Processor",Standard,25,3230.48,0.1833,2638.333016,0.2644,1940.7577665696
2017-09-01,2021,90022079,USA,A1219150301,"AQ 5000 Series Ultron 8 5900X Desktop Processor",Standard,25,3392.06,0.2788,2446.353672,0.2644,1799.5377611232
2017-09-01,2021,90022079,USA,A1219150301,"AQ 5000 Series Ultron 8 5900X Desktop Processor",Standard,25,3392.06,0.2482,2550.150708,0.2644,1875.8908608048
2017-09-01,2021,90022079,USA,A1219150301,"AQ 5000 Series Ultron 8 5900X Desktop Processor",Standard,25,3392.06,0.2584,2515.551696,0.2644,1850.4398275776
2017-09-01,2021,90022079,USA,A1219150301,"AQ 5000 Series Ultron 8 5900X Desktop Processor",Standard,25,3392.06,0.2075,2688.207550,0.2644,1977.4454737800
2017-09-01,2021,90022079,USA,A1219150301,"AQ 5000 Series Ultron 8 5900X Desktop Processor",Standard,25,3392.06,0.1833,2770.295402,0.2644,2037.8292977112
2017-09-01,2022,90022079,USA,A1219150301,"AQ 5000 Series Ultron 8 5900X Desktop Processor",Standard,25,3548.91,0.2788,2559.473892,0.2644,1882.7489949552
2017-09-01,2022,90022079,USA,A1219150301,"AQ 5000 Series Ultron 8 5900X Desktop Processor",Standard,25,3548.91,0.2482,2668.070538,0.2644,1962.6326877528
2017-09-01,2022,90022079,USA,A1219150301,"AQ 5000 Series Ultron 8 5900X Desktop Processor",Standard,25,3548.91,0.2584,2631.871656,0.2644,1936.0047901536
2017-09-01,2022,90022079,USA,A1219150301,"AQ 5000 Series Ultron 8 5900X Desktop Processor",Standard,25,3548.91,0.2075,2812.511175,0.2644,2068.8832203300
2017-09-01,2022,90022079,USA,A1219150301,"AQ 5000 Series Ultron 8 5900X Desktop Processor",Standard,25,3548.91,0.1833,2898.394797,0.2644,2132.0592126732
2017-09-01,2018,90022081,USA,A1219150301,"AQ 5000 Series Ultron 8 5900X Desktop Processor",Standard,30,3701.30,0.2957,2606.825590,0.2639,1918.8843167990
2017-09-01,2018,90022081,USA,A1219150301,"AQ 5000 Series Ultron 8 5900X Desktop Processor",Standard,30,3701.30,0.2483,2782.267210,0.2639,2048.0268932810
2017-09-01,2018,90022081,USA,A1219150301,"AQ 5000 Series Ultron 8 5900X Desktop Processor",Standard,30,3701.30,0.2112,2919.585440,0.2639,2149.1068423840
2017-09-01,2018,90022081,USA,A1219150301,"AQ 5000 Series Ultron 8 5900X Desktop Processor",Standard,30,3701.30,0.2902,2627.182740,0.2639,1933.8692149140
2017-09-01,2018,90022081,USA,A1219150301,"AQ 5000 Series Ultron 8 5900X Desktop Processor",Standard,30,3701.30,0.2330,2838.897100,0.2639,2089.7121553100
2017-09-01,2019,90022081,USA,A1219150301,"AQ 5000 Series Ultron 8 5900X Desktop Processor",Standard,30,3680.45,0.2957,2592.140935,0.2639,1908.0749422535
2017-09-01,2019,90022081,USA,A1219150301,"AQ 5000 Series Ultron 8 5900X Desktop Processor",Standard,30,3680.45,0.2483,2766.594265,0.2639,2036.4900384665
2017-09-01,2019,90022081,USA,A1219150301,"AQ 5000 Series Ultron 8 5900X Desktop Processor",Standard,30,3680.45,0.2112,2903.138960,0.2639,2137.0005884560
2017-09-01,2019,90022081,USA,A1219150301,"AQ 5000 Series Ultron 8 5900X Desktop Processor",Standard,30,3680.45,0.2902,2612.383410,0.2639,1922.9754281010
2017-09-01,2019,90022081,USA,A1219150301,"AQ 5000 Series Ultron 8 5900X Desktop Processor",Standard,30,3680.45,0.2330,2822.905150,0.2639,2077.9404809150
2017-09-01,2020,90022081,USA,A1219150301,"AQ 5000 Series Ultron 8 5900X Desktop Processor",Standard,30,3876.57,0.2957,2730.268251,0.2639,2009.7504595611
2017-09-01,2020,90022081,USA,A1219150301,"AQ 5000 Series Ultron 8 5900X Desktop Processor",Standard,30,3876.57,0.2483,2914.017669,0.2639,2145.0084061509
2017-09-01,2020,90022081,USA,A1219150301,"AQ 5000 Series Ultron 8 5900X Desktop Processor",Standard,30,3876.57,0.2112,3057.838416,0.2639,2250.8748580176
2017-09-01,2020,90022081,USA,A1219150301,"AQ 5000 Series Ultron 8 5900X Desktop Processor",Standard,30,3876.57,0.2902,2751.589386,0.2639,2025.4449470346
2017-09-01,2020,90022081,USA,A1219150301,"AQ 5000 Series Ultron 8 5900X Desktop Processor",Standard,30,3876.57,0.2330,2973.329190,0.2639,2188.6676167590
2017-09-01,2021,90022081,USA,A1219150301,"AQ 5000 Series Ultron 8 5900X Desktop Processor",Standard,30,4070.47,0.2957,2866.832021,0.2639,2110.2750506581
2017-09-01,2021,90022081,USA,A1219150301,"AQ 5000 Series Ultron 8 5900X Desktop Processor",Standard,30,4070.47,0.2483,3059.772299,0.2639,2252.2983892939
2017-09-01,2021,90022081,USA,A1219150301,"AQ 5000 Series Ultron 8 5900X Desktop Processor",Standard,30,4070.47,0.2112,3210.786736,0.2639,2363.4601163696
2017-09-01,2021,90022081,USA,A1219150301,"AQ 5000 Series Ultron 8 5900X Desktop Processor",Standard,30,4070.47,0.2902,2889.219606,0.2639,2126.7545519766
2017-09-01,2021,90022081,USA,A1219150301,"AQ 5000 Series Ultron 8 5900X Desktop Processor",Standard,30,4070.47,0.2330,3122.050490,0.2639,2298.1413656890
2017-09-01,2022,90022081,USA,A1219150301,"AQ 5000 Series Ultron 8 5900X Desktop Processor",Standard,30,4258.70,0.2957,2999.402410,0.2639,2207.8601140010
2017-09-01,2022,90022081,USA,A1219150301,"AQ 5000 Series Ultron 8 5900X Desktop Processor",Standard,30,4258.70,0.2483,3201.264790,0.2639,2356.4510119190
2017-09-01,2022,90022081,USA,A1219150301,"AQ 5000 Series Ultron 8 5900X Desktop Processor",Standard,30,4258.70,0.2112,3359.262560,0.2639,2472.7531704160
2017-09-01,2022,90022081,USA,A1219150301,"AQ 5000 Series Ultron 8 5900X Desktop Processor",Standard,30,4258.70,0.2902,3022.825260,0.2639,2225.1016738860
2017-09-01,2022,90022081,USA,A1219150301,"AQ 5000 Series Ultron 8 5900X Desktop Processor",Standard,30,4258.70,0.2330,3266.422900,0.2639,2404.4138966900
2017-09-01,2018,90022082,USA,A1219150301,"AQ 5000 Series Ultron 8 5900X Desktop Processor",Standard,29,3577.93,0.2954,2521.009478,0.3183,1718.5721611526
2017-09-01,2018,90022082,USA,A1219150301,"AQ 5000 Series Ultron 8 5900X Desktop Processor",Standard,29,3577.93,0.2639,2633.714273,0.3183,1795.4030199041
2017-09-01,2018,90022082,USA,A1219150301,"AQ 5000 Series Ultron 8 5900X Desktop Processor",Standard,29,3577.93,0.2478,2691.318946,0.3183,1834.6721254882
2017-09-01,2018,90022082,USA,A1219150301,"AQ 5000 Series Ultron 8 5900X Desktop Processor",Standard,29,3577.93,0.2128,2816.546496,0.3183,1920.0397463232
2017-09-01,2018,90022082,USA,A1219150301,"AQ 5000 Series Ultron 8 5900X Desktop Processor",Standard,29,3577.93,0.2221,2783.271747,0.3183,1897.3563499299
2017-09-01,2019,90022082,USA,A1219150301,"AQ 5000 Series Ultron 8 5900X Desktop Processor",Standard,29,3557.77,0.2954,2506.804742,0.3183,1708.8887926214
2017-09-01,2019,90022082,USA,A1219150301,"AQ 5000 Series Ultron 8 5900X Desktop Processor",Standard,29,3557.77,0.2639,2618.874497,0.3183,1785.2867446049
2017-09-01,2019,90022082,USA,A1219150301,"AQ 5000 Series Ultron 8 5900X Desktop Processor",Standard,29,3557.77,0.2478,2676.154594,0.3183,1824.3345867298
2017-09-01,2019,90022082,USA,A1219150301,"AQ 5000 Series Ultron 8 5900X Desktop Processor",Standard,29,3557.77,0.2128,2800.676544,0.3183,1909.2212000448
2017-09-01,2019,90022082,USA,A1219150301,"AQ 5000 Series Ultron 8 5900X Desktop Processor",Standard,29,3557.77,0.2221,2767.589283,0.3183,1886.6656142211
2017-09-01,2020,90022082,USA,A1219150301,"AQ 5000 Series Ultron 8 5900X Desktop Processor",Standard,29,3747.35,0.2954,2640.382810,0.3183,1799.9489615770
2017-09-01,2020,90022082,USA,A1219150301,"AQ 5000 Series Ultron 8 5900X Desktop Processor",Standard,29,3747.35,0.2639,2758.424335,0.3183,1880.4178691695
2017-09-01,2020,90022082,USA,A1219150301,"AQ 5000 Series Ultron 8 5900X Desktop Processor",Standard,29,3747.35,0.2478,2818.756670,0.3183,1921.5464219390
2017-09-01,2020,90022082,USA,A1219150301,"AQ 5000 Series Ultron 8 5900X Desktop Processor",Standard,29,3747.35,0.2128,2949.913920,0.3183,2010.9563192640
2017-09-01,2020,90022082,USA,A1219150301,"AQ 5000 Series Ultron 8 5900X Desktop Processor",Standard,29,3747.35,0.2221,2915.063565,0.3183,1987.1988322605
2017-09-01,2021,90022082,USA,A1219150301,"AQ 5000 Series Ultron 8 5900X Desktop Processor",Standard,29,3934.78,0.2954,2772.445988,0.3183,1889.9764300196
2017-09-01,2021,90022082,USA,A1219150301,"AQ 5000 Series Ultron 8 5900X Desktop Processor",Standard,29,3934.78,0.2639,2896.391558,0.3183,1974.4701250886
2017-09-01,2021,90022082,USA,A1219150301,"AQ 5000 Series Ultron 8 5900X Desktop Processor",Standard,29,3934.78,0.2478,2959.741516,0.3183,2017.6557914572
2017-09-01,2021,90022082,USA,A1219150301,"AQ 5000 Series Ultron 8 5900X Desktop Processor",Standard,29,3934.78,0.2128,3097.458816,0.3183,2111.5376748672
2017-09-01,2021,90022082,USA,A1219150301,"AQ 5000 Series Ultron 8 5900X Desktop Processor",Standard,29,3934.78,0.2221,3060.865362,0.3183,2086.5919172754
2017-09-01,2022,90022082,USA,A1219150301,"AQ 5000 Series Ultron 8 5900X Desktop Processor",Standard,29,4116.74,0.2954,2900.655004,0.3183,1977.3765162268
2017-09-01,2022,90022082,USA,A1219150301,"AQ 5000 Series Ultron 8 5900X Desktop Processor",Standard,29,4116.74,0.2639,3030.332314,0.3183,2065.7775384538
2017-09-01,2022,90022082,USA,A1219150301,"AQ 5000 Series Ultron 8 5900X Desktop Processor",Standard,29,4116.74,0.2478,3096.611828,0.3183,2110.9602831476
2017-09-01,2022,90022082,USA,A1219150301,"AQ 5000 Series Ultron 8 5900X Desktop Processor",Standard,29,4116.74,0.2128,3240.697728,0.3183,2209.1836411776
2017-09-01,2022,90022082,USA,A1219150301,"AQ 5000 Series Ultron 8 5900X Desktop Processor",Standard,29,4116.74,0.2221,3202.412046,0.3183,2183.0842917582
2017-09-01,2018,90022083,USA,A1219150301,"AQ 5000 Series Ultron 8 5900X Desktop Processor",Standard,7,863.64,0.2551,643.325436,0.2453,485.5177065492
2017-09-01,2018,90022083,USA,A1219150301,"AQ 5000 Series Ultron 8 5900X Desktop Processor",Standard,7,863.64,0.1988,691.948368,0.2453,522.2134333296
2017-09-01,2018,90022083,USA,A1219150301,"AQ 5000 Series Ultron 8 5900X Desktop Processor",Standard,7,863.64,0.2734,627.520824,0.2453,473.5899658728
2017-09-01,2018,90022083,USA,A1219150301,"AQ 5000 Series Ultron 8 5900X Desktop Processor",Standard,7,863.64,0.1927,697.216572,0.2453,526.1893468884
2017-09-01,2018,90022083,USA,A1219150301,"AQ 5000 Series Ultron 8 5900X Desktop Processor",Standard,7,863.64,0.2906,612.666216,0.2453,462.3791932152
2017-09-01,2019,90022083,USA,A1219150301,"AQ 5000 Series Ultron 8 5900X Desktop Processor",Standard,7,858.77,0.2551,639.697773,0.2453,482.7799092831
2017-09-01,2019,90022083,USA,A1219150301,"AQ 5000 Series Ultron 8 5900X Desktop Processor",Standard,7,858.77,0.1988,688.046524,0.2453,519.2687116628
2017-09-01,2019,90022083,USA,A1219150301,"AQ 5000 Series Ultron 8 5900X Desktop Processor",Standard,7,858.77,0.2734,623.982282,0.2453,470.9194282254
2017-09-01,2019,90022083,USA,A1219150301,"AQ 5000 Series Ultron 8 5900X Desktop Processor",Standard,7,858.77,0.1927,693.285021,0.2453,523.2222053487
2017-09-01,2019,90022083,USA,A1219150301,"AQ 5000 Series Ultron 8 5900X Desktop Processor",Standard,7,858.77,0.2906,609.211438,0.2453,459.7718722586
2017-09-01,2020,90022083,USA,A1219150301,"AQ 5000 Series Ultron 8 5900X Desktop Processor",Standard,7,904.53,0.2551,673.784397,0.2453,508.5050844159
2017-09-01,2020,90022083,USA,A1219150301,"AQ 5000 Series Ultron 8 5900X Desktop Processor",Standard,7,904.53,0.1988,724.709436,0.2453,546.9382113492
2017-09-01,2020,90022083,USA,A1219150301,"AQ 5000 Series Ultron 8 5900X Desktop Processor",Standard,7,904.53,0.2734,657.231498,0.2453,496.0126115406
2017-09-01,2020,90022083,USA,A1219150301,"AQ 5000 Series Ultron 8 5900X Desktop Processor",Standard,7,904.53,0.1927,730.227069,0.2453,551.1023689743
2017-09-01,2020,90022083,USA,A1219150301,"AQ 5000 Series Ultron 8 5900X Desktop Processor",Standard,7,904.53,0.2906,641.673582,0.2453,484.2710523354
2017-09-01,2021,90022083,USA,A1219150301,"AQ 5000 Series Ultron 8 5900X Desktop Processor",Standard,7,949.78,0.2551,707.491122,0.2453,533.9435497734
2017-09-01,2021,90022083,USA,A1219150301,"AQ 5000 Series Ultron 8 5900X Desktop Processor",Standard,7,949.78,0.1988,760.963736,0.2453,574.2993315592
2017-09-01,2021,90022083,USA,A1219150301,"AQ 5000 Series Ultron 8 5900X Desktop Processor",Standard,7,949.78,0.2734,690.110148,0.2453,520.8261286956
2017-09-01,2021,90022083,USA,A1219150301,"AQ 5000 Series Ultron 8 5900X Desktop Processor",Standard,7,949.78,0.1927,766.757394,0.2453,578.6718052518
2017-09-01,2021,90022083,USA,A1219150301,"AQ 5000 Series Ultron 8 5900X Desktop Processor",Standard,7,949.78,0.2906,673.773932,0.2453,508.4971864804
2017-09-01,2022,90022083,USA,A1219150301,"AQ 5000 Series Ultron 8 5900X Desktop Processor",Standard,7,993.70,0.2551,740.207130,0.2453,558.6343210110
2017-09-01,2022,90022083,USA,A1219150301,"AQ 5000 Series Ultron 8 5900X Desktop Processor",Standard,7,993.70,0.1988,796.152440,0.2453,600.8562464680
2017-09-01,2022,90022083,USA,A1219150301,"AQ 5000 Series Ultron 8 5900X Desktop Processor",Standard,7,993.70,0.2734,722.022420,0.2453,544.9103203740
2017-09-01,2022,90022083,USA,A1219150301,"AQ 5000 Series Ultron 8 5900X Desktop Processor",Standard,7,993.70,0.1927,802.214010,0.2453,605.4309133470
2017-09-01,2022,90022083,USA,A1219150301,"AQ 5000 Series Ultron 8 5900X Desktop Processor",Standard,7,993.70,0.2906,704.930780,0.2453,532.0112596660
2017-09-01,2018,90023022,Canada,A1219150301,"AQ 5000 Series Ultron 8 5900X Desktop Processor",Standard,3,370.13,0.2054,294.105298,0.3456,192.4625070112
2017-09-01,2018,90023022,Canada,A1219150301,"AQ 5000 Series Ultron 8 5900X Desktop Processor",Standard,3,370.13,0.1826,302.544262,0.3456,197.9849650528
2017-09-01,2018,90023022,Canada,A1219150301,"AQ 5000 Series Ultron 8 5900X Desktop Processor",Standard,3,370.13,0.3063,256.759181,0.3456,168.0232080464
2017-09-01,2018,90023022,Canada,A1219150301,"AQ 5000 Series Ultron 8 5900X Desktop Processor",Standard,3,370.13,0.2556,275.524772,0.3456,180.3034107968
2017-09-01,2018,90023022,Canada,A1219150301,"AQ 5000 Series Ultron 8 5900X Desktop Processor",Standard,3,370.13,0.2128,291.366336,0.3456,190.6701302784
2017-09-01,2019,90023022,Canada,A1219150301,"AQ 5000 Series Ultron 8 5900X Desktop Processor",Standard,3,368.05,0.2054,292.452530,0.3456,191.3809356320
2017-09-01,2019,90023022,Canada,A1219150301,"AQ 5000 Series Ultron 8 5900X Desktop Processor",Standard,3,368.05,0.1826,300.844070,0.3456,196.8723594080
2017-09-01,2019,90023022,Canada,A1219150301,"AQ 5000 Series Ultron 8 5900X Desktop Processor",Standard,3,368.05,0.3063,255.316285,0.3456,167.0789769040
2017-09-01,2019,90023022,Canada,A1219150301,"AQ 5000 Series Ultron 8 5900X Desktop Processor",Standard,3,368.05,0.2556,273.976420,0.3456,179.2901692480
2017-09-01,2019,90023022,Canada,A1219150301,"AQ 5000 Series Ultron 8 5900X Desktop Processor",Standard,3,368.05,0.2128,289.728960,0.3456,189.5986314240
2017-09-01,2020,90023022,Canada,A1219150301,"AQ 5000 Series Ultron 8 5900X Desktop Processor",Standard,3,387.66,0.2054,308.034636,0.3456,201.5778657984
2017-09-01,2020,90023022,Canada,A1219150301,"AQ 5000 Series Ultron 8 5900X Desktop Processor",Standard,3,387.66,0.1826,316.873284,0.3456,207.3618770496
2017-09-01,2020,90023022,Canada,A1219150301,"AQ 5000 Series Ultron 8 5900X Desktop Processor",Standard,3,387.66,0.3063,268.919742,0.3456,175.9810791648
2017-09-01,2020,90023022,Canada,A1219150301,"AQ 5000 Series Ultron 8 5900X Desktop Processor",Standard,3,387.66,0.2556,288.574104,0.3456,188.8428936576
2017-09-01,2020,90023022,Canada,A1219150301,"AQ 5000 Series Ultron 8 5900X Desktop Processor",Standard,3,387.66,0.2128,305.165952,0.3456,199.7005989888
2017-09-01,2021,90023022,Canada,A1219150301,"AQ 5000 Series Ultron 8 5900X Desktop Processor",Standard,3,407.05,0.2054,323.441930,0.3456,211.6603989920
2017-09-01,2021,90023022,Canada,A1219150301,"AQ 5000 Series Ultron 8 5900X Desktop Processor",Standard,3,407.05,0.1826,332.722670,0.3456,217.7337152480
2017-09-01,2021,90023022,Canada,A1219150301,"AQ 5000 Series Ultron 8 5900X Desktop Processor",Standard,3,407.05,0.3063,282.370585,0.3456,184.7833108240
2017-09-01,2021,90023022,Canada,A1219150301,"AQ 5000 Series Ultron 8 5900X Desktop Processor",Standard,3,407.05,0.2556,303.008020,0.3456,198.2884482880
2017-09-01,2021,90023022,Canada,A1219150301,"AQ 5000 Series Ultron 8 5900X Desktop Processor",Standard,3,407.05,0.2128,320.429760,0.3456,209.6892349440
2017-09-01,2022,90023022,Canada,A1219150301,"AQ 5000 Series Ultron 8 5900X Desktop Processor",Standard,3,425.87,0.2054,338.396302,0.3456,221.4465400288
2017-09-01,2022,90023022,Canada,A1219150301,"AQ 5000 Series Ultron 8 5900X Desktop Processor",Standard,3,425.87,0.1826,348.106138,0.3456,227.8006567072
2017-09-01,2022,90023022,Canada,A1219150301,"AQ 5000 Series Ultron 8 5900X Desktop Processor",Standard,3,425.87,0.3063,295.426019,0.3456,193.3267868336
2017-09-01,2022,90023022,Canada,A1219150301,"AQ 5000 Series Ultron 8 5900X Desktop Processor",Standard,3,425.87,0.2556,317.017628,0.3456,207.4563357632
2017-09-01,2022,90023022,Canada,A1219150301,"AQ 5000 Series Ultron 8 5900X Desktop Processor",Standard,3,425.87,0.2128,335.244864,0.3456,219.3842390016
2017-09-01,2018,90023023,Canada,A1219150301,"AQ 5000 Series Ultron 8 5900X Desktop Processor",Standard,2,246.75,0.2764,178.548300,0.3287,119.8594737900
2017-09-01,2018,90023023,Canada,A1219150301,"AQ 5000 Series Ultron 8 5900X Desktop Processor",Standard,2,246.75,0.1852,201.051900,0.3287,134.9661404700
2017-09-01,2018,90023023,Canada,A1219150301,"AQ 5000 Series Ultron 8 5900X Desktop Processor",Standard,2,246.75,0.2292,190.194900,0.3287,127.6778363700
2017-09-01,2018,90023023,Canada,A1219150301,"AQ 5000 Series Ultron 8 5900X Desktop Processor",Standard,2,246.75,0.2652,181.311900,0.3287,121.7146784700
2017-09-01,2018,90023023,Canada,A1219150301,"AQ 5000 Series Ultron 8 5900X Desktop Processor",Standard,2,246.75,0.2562,183.532650,0.3287,123.2054679450
2017-09-01,2019,90023023,Canada,A1219150301,"AQ 5000 Series Ultron 8 5900X Desktop Processor",Standard,2,245.36,0.2764,177.542496,0.3287,119.1842775648
2017-09-01,2019,90023023,Canada,A1219150301,"AQ 5000 Series Ultron 8 5900X Desktop Processor",Standard,2,245.36,0.1852,199.919328,0.3287,134.2058448864
2017-09-01,2019,90023023,Canada,A1219150301,"AQ 5000 Series Ultron 8 5900X Desktop Processor",Standard,2,245.36,0.2292,189.123488,0.3287,126.9585974944
2017-09-01,2019,90023023,Canada,A1219150301,"AQ 5000 Series Ultron 8 5900X Desktop Processor",Standard,2,245.36,0.2652,180.290528,0.3287,121.0290314464
2017-09-01,2019,90023023,Canada,A1219150301,"AQ 5000 Series Ultron 8 5900X Desktop Processor",Standard,2,245.36,0.2562,182.498768,0.3287,122.5114229584
2017-09-01,2020,90023023,Canada,A1219150301,"AQ 5000 Series Ultron 8 5900X Desktop Processor",Standard,2,258.44,0.2764,187.007184,0.3287,125.5379226192
2017-09-01,2020,90023023,Canada,A1219150301,"AQ 5000 Series Ultron 8 5900X Desktop Processor",Standard,2,258.44,0.1852,210.576912,0.3287,141.3602810256
2017-09-01,2020,90023023,Canada,A1219150301,"AQ 5000 Series Ultron 8 5900X Desktop Processor",Standard,2,258.44,0.2292,199.205552,0.3287,133.7266870576
2017-09-01,2020,90023023,Canada,A1219150301,"AQ 5000 Series Ultron 8 5900X Desktop Processor",Standard,2,258.44,0.2652,189.901712,0.3287,127.4810192656
2017-09-01,2020,90023023,Canada,A1219150301,"AQ 5000 Series Ultron 8 5900X Desktop Processor",Standard,2,258.44,0.2562,192.227672,0.3287,129.0424362136
2017-09-01,2021,90023023,Canada,A1219150301,"AQ 5000 Series Ultron 8 5900X Desktop Processor",Standard,2,271.36,0.2764,196.356096,0.3287,131.8138472448
2017-09-01,2021,90023023,Canada,A1219150301,"AQ 5000 Series Ultron 8 5900X Desktop Processor",Standard,2,271.36,0.1852,221.104128,0.3287,148.4272011264
2017-09-01,2021,90023023,Canada,A1219150301,"AQ 5000 Series Ultron 8 5900X Desktop Processor",Standard,2,271.36,0.2292,209.164288,0.3287,140.4119865344
2017-09-01,2021,90023023,Canada,A1219150301,"AQ 5000 Series Ultron 8 5900X Desktop Processor",Standard,2,271.36,0.2652,199.395328,0.3287,133.8540836864
2017-09-01,2021,90023023,Canada,A1219150301,"AQ 5000 Series Ultron 8 5900X Desktop Processor",Standard,2,271.36,0.2562,201.837568,0.3287,135.4935593984
2017-09-01,2022,90023023,Canada,A1219150301,"AQ 5000 Series Ultron 8 5900X Desktop Processor",Standard,2,283.91,0.2764,205.437276,0.3287,137.9100433788
2017-09-01,2022,90023023,Canada,A1219150301,"AQ 5000 Series Ultron 8 5900X Desktop Processor",Standard,2,283.91,0.1852,231.329868,0.3287,155.2917403884
2017-09-01,2022,90023023,Canada,A1219150301,"AQ 5000 Series Ultron 8 5900X Desktop Processor",Standard,2,283.91,0.2292,218.837828,0.3287,146.9058339364
2017-09-01,2022,90023023,Canada,A1219150301,"AQ 5000 Series Ultron 8 5900X Desktop Processor",Standard,2,283.91,0.2652,208.617068,0.3287,140.0446377484
2017-09-01,2022,90023023,Canada,A1219150301,"AQ 5000 Series Ultron 8 5900X Desktop Processor",Standard,2,283.91,0.2562,211.172258,0.3287,141.7599367954
2017-09-01,2018,90023025,Canada,A1219150301,"AQ 5000 Series Ultron 8 5900X Desktop Processor",Standard,2,246.75,0.2908,174.995100,0.3550,112.8718395000
2017-09-01,2018,90023025,Canada,A1219150301,"AQ 5000 Series Ultron 8 5900X Desktop Processor",Standard,2,246.75,0.2494,185.210550,0.3550,119.4608047500
2017-09-01,2018,90023025,Canada,A1219150301,"AQ 5000 Series Ultron 8 5900X Desktop Processor",Standard,2,246.75,0.2824,177.067800,0.3550,114.2087310000
2017-09-01,2018,90023025,Canada,A1219150301,"AQ 5000 Series Ultron 8 5900X Desktop Processor",Standard,2,246.75,0.2571,183.310575,0.3550,118.2353208750
2017-09-01,2018,90023025,Canada,A1219150301,"AQ 5000 Series Ultron 8 5900X Desktop Processor",Standard,2,246.75,0.1810,202.088250,0.3550,130.3469212500
2017-09-01,2019,90023025,Canada,A1219150301,"AQ 5000 Series Ultron 8 5900X Desktop Processor",Standard,2,245.36,0.2908,174.009312,0.3550,112.2360062400
2017-09-01,2019,90023025,Canada,A1219150301,"AQ 5000 Series Ultron 8 5900X Desktop Processor",Standard,2,245.36,0.2494,184.167216,0.3550,118.7878543200
2017-09-01,2019,90023025,Canada,A1219150301,"AQ 5000 Series Ultron 8 5900X Desktop Processor",Standard,2,245.36,0.2824,176.070336,0.3550,113.5653667200
2017-09-01,2019,90023025,Canada,A1219150301,"AQ 5000 Series Ultron 8 5900X Desktop Processor",Standard,2,245.36,0.2571,182.277944,0.3550,117.5692738800
2017-09-01,2019,90023025,Canada,A1219150301,"AQ 5000 Series Ultron 8 5900X Desktop Processor",Standard,2,245.36,0.1810,200.949840,0.3550,129.6126468000
2017-09-01,2020,90023025,Canada,A1219150301,"AQ 5000 Series Ultron 8 5900X Desktop Processor",Standard,2,258.44,0.2908,183.285648,0.3550,118.2192429600
2017-09-01,2020,90023025,Canada,A1219150301,"AQ 5000 Series Ultron 8 5900X Desktop Processor",Standard,2,258.44,0.2494,193.985064,0.3550,125.1203662800
2017-09-01,2020,90023025,Canada,A1219150301,"AQ 5000 Series Ultron 8 5900X Desktop Processor",Standard,2,258.44,0.2824,185.456544,0.3550,119.6194708800
2017-09-01,2020,90023025,Canada,A1219150301,"AQ 5000 Series Ultron 8 5900X Desktop Processor",Standard,2,258.44,0.2571,191.995076,0.3550,123.8368240200
2017-09-01,2020,90023025,Canada,A1219150301,"AQ 5000 Series Ultron 8 5900X Desktop Processor",Standard,2,258.44,0.1810,211.662360,0.3550,136.5222222000
2017-09-01,2021,90023025,Canada,A1219150301,"AQ 5000 Series Ultron 8 5900X Desktop Processor",Standard,2,271.36,0.2908,192.448512,0.3550,124.1292902400
2017-09-01,2021,90023025,Canada,A1219150301,"AQ 5000 Series Ultron 8 5900X Desktop Processor",Standard,2,271.36,0.2494,203.682816,0.3550,131.3754163200
2017-09-01,2021,90023025,Canada,A1219150301,"AQ 5000 Series Ultron 8 5900X Desktop Processor",Standard,2,271.36,0.2824,194.727936,0.3550,125.5995187200
2017-09-01,2021,90023025,Canada,A1219150301,"AQ 5000 Series Ultron 8 5900X Desktop Processor",Standard,2,271.36,0.2571,201.593344,0.3550,130.0277068800
2017-09-01,2021,90023025,Canada,A1219150301,"AQ 5000 Series Ultron 8 5900X Desktop Processor",Standard,2,271.36,0.1810,222.243840,0.3550,143.3472768000
2017-09-01,2022,90023025,Canada,A1219150301,"AQ 5000 Series Ultron 8 5900X Desktop Processor",Standard,2,283.91,0.2908,201.348972,0.3550,129.8700869400
2017-09-01,2022,90023025,Canada,A1219150301,"AQ 5000 Series Ultron 8 5900X Desktop Processor",Standard,2,283.91,0.2494,213.102846,0.3550,137.4513356700
2017-09-01,2022,90023025,Canada,A1219150301,"AQ 5000 Series Ultron 8 5900X Desktop Processor",Standard,2,283.91,0.2824,203.733816,0.3550,131.4083113200
2017-09-01,2022,90023025,Canada,A1219150301,"AQ 5000 Series Ultron 8 5900X Desktop Processor",Standard,2,283.91,0.2571,210.916739,0.3550,136.0412966550
2017-09-01,2022,90023025,Canada,A1219150301,"AQ 5000 Series Ultron 8 5900X Desktop Processor",Standard,2,283.91,0.1810,232.522290,0.3550,149.9768770500
2017-09-01,2018,90023026,Canada,A1219150301,"AQ 5000 Series Ultron 8 5900X Desktop Processor",Standard,1,123.38,0.2998,86.390676,0.3536,55.8429329664
2017-09-01,2018,90023026,Canada,A1219150301,"AQ 5000 Series Ultron 8 5900X Desktop Processor",Standard,1,123.38,0.2659,90.573258,0.3536,58.5465539712
2017-09-01,2018,90023026,Canada,A1219150301,"AQ 5000 Series Ultron 8 5900X Desktop Processor",Standard,1,123.38,0.3080,85.378960,0.3536,55.1889597440
2017-09-01,2018,90023026,Canada,A1219150301,"AQ 5000 Series Ultron 8 5900X Desktop Processor",Standard,1,123.38,0.2918,87.377716,0.3536,56.4809556224
2017-09-01,2018,90023026,Canada,A1219150301,"AQ 5000 Series Ultron 8 5900X Desktop Processor",Standard,1,123.38,0.1855,100.493010,0.3536,64.9586816640
2017-09-01,2019,90023026,Canada,A1219150301,"AQ 5000 Series Ultron 8 5900X Desktop Processor",Standard,1,122.68,0.2998,85.900536,0.3536,55.5261064704
2017-09-01,2019,90023026,Canada,A1219150301,"AQ 5000 Series Ultron 8 5900X Desktop Processor",Standard,1,122.68,0.2659,90.059388,0.3536,58.2143884032
2017-09-01,2019,90023026,Canada,A1219150301,"AQ 5000 Series Ultron 8 5900X Desktop Processor",Standard,1,122.68,0.3080,84.894560,0.3536,54.8758435840
2017-09-01,2019,90023026,Canada,A1219150301,"AQ 5000 Series Ultron 8 5900X Desktop Processor",Standard,1,122.68,0.2918,86.881976,0.3536,56.1605092864
2017-09-01,2019,90023026,Canada,A1219150301,"AQ 5000 Series Ultron 8 5900X Desktop Processor",Standard,1,122.68,0.1855,99.922860,0.3536,64.5901367040
2017-09-01,2020,90023026,Canada,A1219150301,"AQ 5000 Series Ultron 8 5900X Desktop Processor",Standard,1,129.22,0.2998,90.479844,0.3536,58.4861711616
2017-09-01,2020,90023026,Canada,A1219150301,"AQ 5000 Series Ultron 8 5900X Desktop Processor",Standard,1,129.22,0.2659,94.860402,0.3536,61.3177638528
2017-09-01,2020,90023026,Canada,A1219150301,"AQ 5000 Series Ultron 8 5900X Desktop Processor",Standard,1,129.22,0.3080,89.420240,0.3536,57.8012431360
2017-09-01,2020,90023026,Canada,A1219150301,"AQ 5000 Series Ultron 8 5900X Desktop Processor",Standard,1,129.22,0.2918,91.513604,0.3536,59.1543936256
2017-09-01,2020,90023026,Canada,A1219150301,"AQ 5000 Series Ultron 8 5900X Desktop Processor",Standard,1,129.22,0.1855,105.249690,0.3536,68.0333996160
2017-09-01,2021,90023026,Canada,A1219150301,"AQ 5000 Series Ultron 8 5900X Desktop Processor",Standard,1,135.68,0.2998,95.003136,0.3536,61.4100271104
2017-09-01,2021,90023026,Canada,A1219150301,"AQ 5000 Series Ultron 8 5900X Desktop Processor",Standard,1,135.68,0.2659,99.602688,0.3536,64.3831775232
2017-09-01,2021,90023026,Canada,A1219150301,"AQ 5000 Series Ultron 8 5900X Desktop Processor",Standard,1,135.68,0.3080,93.890560,0.3536,60.6908579840
2017-09-01,2021,90023026,Canada,A1219150301,"AQ 5000 Series Ultron 8 5900X Desktop Processor",Standard,1,135.68,0.2918,96.088576,0.3536,62.1116555264
2017-09-01,2021,90023026,Canada,A1219150301,"AQ 5000 Series Ultron 8 5900X Desktop Processor",Standard,1,135.68,0.1855,110.511360,0.3536,71.4345431040
2017-09-01,2022,90023026,Canada,A1219150301,"AQ 5000 Series Ultron 8 5900X Desktop Processor",Standard,1,141.96,0.2998,99.400392,0.3536,64.2524133888
2017-09-01,2022,90023026,Canada,A1219150301,"AQ 5000 Series Ultron 8 5900X Desktop Processor",Standard,1,141.96,0.2659,104.212836,0.3536,67.3631771904
2017-09-01,2022,90023026,Canada,A1219150301,"AQ 5000 Series Ultron 8 5900X Desktop Processor",Standard,1,141.96,0.3080,98.236320,0.3536,63.4999572480
2017-09-01,2022,90023026,Canada,A1219150301,"AQ 5000 Series Ultron 8 5900X Desktop Processor",Standard,1,141.96,0.2918,100.536072,0.3536,64.9865169408
2017-09-01,2022,90023026,Canada,A1219150301,"AQ 5000 Series Ultron 8 5900X Desktop Processor",Standard,1,141.96,0.1855,115.626420,0.3536,74.7409178880
2017-09-01,2018,90023027,Canada,A1219150301,"AQ 5000 Series Ultron 8 5900X Desktop Processor",Standard,1,123.38,0.2755,89.388810,0.2752,64.7890094880
2017-09-01,2018,90023027,Canada,A1219150301,"AQ 5000 Series Ultron 8 5900X Desktop Processor",Standard,1,123.38,0.2997,86.403014,0.2752,62.6249045472
2017-09-01,2018,90023027,Canada,A1219150301,"AQ 5000 Series Ultron 8 5900X Desktop Processor",Standard,1,123.38,0.2505,92.473310,0.2752,67.0246550880
2017-09-01,2018,90023027,Canada,A1219150301,"AQ 5000 Series Ultron 8 5900X Desktop Processor",Standard,1,123.38,0.2554,91.868748,0.2752,66.5864685504
2017-09-01,2018,90023027,Canada,A1219150301,"AQ 5000 Series Ultron 8 5900X Desktop Processor",Standard,1,123.38,0.2995,86.427690,0.2752,62.6427897120
2017-09-01,2019,90023027,Canada,A1219150301,"AQ 5000 Series Ultron 8 5900X Desktop Processor",Standard,1,122.68,0.2755,88.881660,0.2752,64.4214271680
2017-09-01,2019,90023027,Canada,A1219150301,"AQ 5000 Series Ultron 8 5900X Desktop Processor",Standard,1,122.68,0.2997,85.912804,0.2752,62.2696003392
2017-09-01,2019,90023027,Canada,A1219150301,"AQ 5000 Series Ultron 8 5900X Desktop Processor",Standard,1,122.68,0.2505,91.948660,0.2752,66.6443887680
2017-09-01,2019,90023027,Canada,A1219150301,"AQ 5000 Series Ultron 8 5900X Desktop Processor",Standard,1,122.68,0.2554,91.347528,0.2752,66.2086882944
2017-09-01,2019,90023027,Canada,A1219150301,"AQ 5000 Series Ultron 8 5900X Desktop Processor",Standard,1,122.68,0.2995,85.937340,0.2752,62.2873840320
2017-09-01,2020,90023027,Canada,A1219150301,"AQ 5000 Series Ultron 8 5900X Desktop Processor",Standard,1,129.22,0.2755,93.619890,0.2752,67.8556962720
2017-09-01,2020,90023027,Canada,A1219150301,"AQ 5000 Series Ultron 8 5900X Desktop Processor",Standard,1,129.22,0.2997,90.492766,0.2752,65.5891567968
2017-09-01,2020,90023027,Canada,A1219150301,"AQ 5000 Series Ultron 8 5900X Desktop Processor",Standard,1,129.22,0.2505,96.850390,0.2752,70.1971626720
2017-09-01,2020,90023027,Canada,A1219150301,"AQ 5000 Series Ultron 8 5900X Desktop Processor",Standard,1,129.22,0.2554,96.217212,0.2752,69.7382352576
2017-09-01,2020,90023027,Canada,A1219150301,"AQ 5000 Series Ultron 8 5900X Desktop Processor",Standard,1,129.22,0.2995,90.518610,0.2752,65.6078885280
2017-09-01,2021,90023027,Canada,A1219150301,"AQ 5000 Series Ultron 8 5900X Desktop Processor",Standard,1,135.68,0.2755,98.300160,0.2752,71.2479559680
2017-09-01,2021,90023027,Canada,A1219150301,"AQ 5000 Series Ultron 8 5900X Desktop Processor",Standard,1,135.68,0.2997,95.016704,0.2752,68.8681070592
2017-09-01,2021,90023027,Canada,A1219150301,"AQ 5000 Series Ultron 8 5900X Desktop Processor",Standard,1,135.68,0.2505,101.692160,0.2752,73.7064775680
2017-09-01,2021,90023027,Canada,A1219150301,"AQ 5000 Series Ultron 8 5900X Desktop Processor",Standard,1,135.68,0.2554,101.027328,0.2752,73.2246073344
2017-09-01,2021,90023027,Canada,A1219150301,"AQ 5000 Series Ultron 8 5900X Desktop Processor",Standard,1,135.68,0.2995,95.043840,0.2752,68.8877752320
2017-09-01,2022,90023027,Canada,A1219150301,"AQ 5000 Series Ultron 8 5900X Desktop Processor",Standard,1,141.96,0.2755,102.850020,0.2752,74.5456944960
2017-09-01,2022,90023027,Canada,A1219150301,"AQ 5000 Series Ultron 8 5900X Desktop Processor",Standard,1,141.96,0.2997,99.414588,0.2752,72.0556933824
2017-09-01,2022,90023027,Canada,A1219150301,"AQ 5000 Series Ultron 8 5900X Desktop Processor",Standard,1,141.96,0.2505,106.399020,0.2752,77.1180096960
2017-09-01,2022,90023027,Canada,A1219150301,"AQ 5000 Series Ultron 8 5900X Desktop Processor",Standard,1,141.96,0.2554,105.703416,0.2752,76.6138359168
2017-09-01,2022,90023027,Canada,A1219150301,"AQ 5000 Series Ultron 8 5900X Desktop Processor",Standard,1,141.96,0.2995,99.442980,0.2752,72.0762719040
2017-09-01,2018,90023029,Canada,A1219150301,"AQ 5000 Series Ultron 8 5900X Desktop Processor",Standard,4,493.51,0.2171,386.368979,0.3298,258.9444897258
2017-09-01,2018,90023029,Canada,A1219150301,"AQ 5000 Series Ultron 8 5900X Desktop Processor",Standard,4,493.51,0.2537,368.306513,0.3298,246.8390250126
2017-09-01,2018,90023029,Canada,A1219150301,"AQ 5000 Series Ultron 8 5900X Desktop Processor",Standard,4,493.51,0.3008,345.062192,0.3298,231.2606810784
2017-09-01,2018,90023029,Canada,A1219150301,"AQ 5000 Series Ultron 8 5900X Desktop Processor",Standard,4,493.51,0.2506,369.836394,0.3298,247.8643512588
2017-09-01,2018,90023029,Canada,A1219150301,"AQ 5000 Series Ultron 8 5900X Desktop Processor",Standard,4,493.51,0.2976,346.641424,0.3298,232.3190823648
2017-09-01,2019,90023029,Canada,A1219150301,"AQ 5000 Series Ultron 8 5900X Desktop Processor",Standard,4,490.73,0.2171,384.192517,0.3298,257.4858248934
2017-09-01,2019,90023029,Canada,A1219150301,"AQ 5000 Series Ultron 8 5900X Desktop Processor",Standard,4,490.73,0.2537,366.231799,0.3298,245.4485516898
2017-09-01,2019,90023029,Canada,A1219150301,"AQ 5000 Series Ultron 8 5900X Desktop Processor",Standard,4,490.73,0.3008,343.118416,0.3298,229.9579624032
2017-09-01,2019,90023029,Canada,A1219150301,"AQ 5000 Series Ultron 8 5900X Desktop Processor",Standard,4,490.73,0.2506,367.753062,0.3298,246.4681021524
2017-09-01,2019,90023029,Canada,A1219150301,"AQ 5000 Series Ultron 8 5900X Desktop Processor",Standard,4,490.73,0.2976,344.688752,0.3298,231.0104015904
2017-09-01,2020,90023029,Canada,A1219150301,"AQ 5000 Series Ultron 8 5900X Desktop Processor",Standard,4,516.88,0.2171,404.665352,0.3298,271.2067189104
2017-09-01,2020,90023029,Canada,A1219150301,"AQ 5000 Series Ultron 8 5900X Desktop Processor",Standard,4,516.88,0.2537,385.747544,0.3298,258.5280039888
2017-09-01,2020,90023029,Canada,A1219150301,"AQ 5000 Series Ultron 8 5900X Desktop Processor",Standard,4,516.88,0.3008,361.402496,0.3298,242.2119528192
2017-09-01,2020,90023029,Canada,A1219150301,"AQ 5000 Series Ultron 8 5900X Desktop Processor",Standard,4,516.88,0.2506,387.349872,0.3298,259.6018842144
2017-09-01,2020,90023029,Canada,A1219150301,"AQ 5000 Series Ultron 8 5900X Desktop Processor",Standard,4,516.88,0.2976,363.056512,0.3298,243.3204743424
2017-09-01,2021,90023029,Canada,A1219150301,"AQ 5000 Series Ultron 8 5900X Desktop Processor",Standard,4,542.73,0.2171,424.903317,0.3298,284.7702030534
2017-09-01,2021,90023029,Canada,A1219150301,"AQ 5000 Series Ultron 8 5900X Desktop Processor",Standard,4,542.73,0.2537,405.039399,0.3298,271.4574052098
2017-09-01,2021,90023029,Canada,A1219150301,"AQ 5000 Series Ultron 8 5900X Desktop Processor",Standard,4,542.73,0.3008,379.476816,0.3298,254.3253620832
2017-09-01,2021,90023029,Canada,A1219150301,"AQ 5000 Series Ultron 8 5900X Desktop Processor",Standard,4,542.73,0.2506,406.721862,0.3298,272.5849919124
2017-09-01,2021,90023029,Canada,A1219150301,"AQ 5000 Series Ultron 8 5900X Desktop Processor",Standard,4,542.73,0.2976,381.213552,0.3298,255.4893225504
2017-09-01,2022,90023029,Canada,A1219150301,"AQ 5000 Series Ultron 8 5900X Desktop Processor",Standard,4,567.83,0.2171,444.554107,0.3298,297.9401625114
2017-09-01,2022,90023029,Canada,A1219150301,"AQ 5000 Series Ultron 8 5900X Desktop Processor",Standard,4,567.83,0.2537,423.771529,0.3298,284.0116787358
2017-09-01,2022,90023029,Canada,A1219150301,"AQ 5000 Series Ultron 8 5900X Desktop Processor",Standard,4,567.83,0.3008,397.026736,0.3298,266.0873184672
2017-09-01,2022,90023029,Canada,A1219150301,"AQ 5000 Series Ultron 8 5900X Desktop Processor",Standard,4,567.83,0.2506,425.531802,0.3298,285.1914137004
2017-09-01,2022,90023029,Canada,A1219150301,"AQ 5000 Series Ultron 8 5900X Desktop Processor",Standard,4,567.83,0.2976,398.843792,0.3298,267.3051093984
2017-09-01,2018,90023030,Canada,A1219150301,"AQ 5000 Series Ultron 8 5900X Desktop Processor",Standard,2,246.75,0.2117,194.513025,0.2953,137.0733287175
2017-09-01,2018,90023030,Canada,A1219150301,"AQ 5000 Series Ultron 8 5900X Desktop Processor",Standard,2,246.75,0.2227,191.798775,0.2953,135.1605967425
2017-09-01,2018,90023030,Canada,A1219150301,"AQ 5000 Series Ultron 8 5900X Desktop Processor",Standard,2,246.75,0.3048,171.540600,0.2953,120.8846608200
2017-09-01,2018,90023030,Canada,A1219150301,"AQ 5000 Series Ultron 8 5900X Desktop Processor",Standard,2,246.75,0.2186,192.810450,0.2953,135.8735241150
2017-09-01,2018,90023030,Canada,A1219150301,"AQ 5000 Series Ultron 8 5900X Desktop Processor",Standard,2,246.75,0.1923,199.299975,0.2953,140.4466923825
2017-09-01,2019,90023030,Canada,A1219150301,"AQ 5000 Series Ultron 8 5900X Desktop Processor",Standard,2,245.36,0.2117,193.417288,0.2953,136.3011628536
2017-09-01,2019,90023030,Canada,A1219150301,"AQ 5000 Series Ultron 8 5900X Desktop Processor",Standard,2,245.36,0.2227,190.718328,0.2953,134.3992057416
2017-09-01,2019,90023030,Canada,A1219150301,"AQ 5000 Series Ultron 8 5900X Desktop Processor",Standard,2,245.36,0.3048,170.574272,0.2953,120.2036894784
2017-09-01,2019,90023030,Canada,A1219150301,"AQ 5000 Series Ultron 8 5900X Desktop Processor",Standard,2,245.36,0.2186,191.724304,0.2953,135.1081170288
2017-09-01,2019,90023030,Canada,A1219150301,"AQ 5000 Series Ultron 8 5900X Desktop Processor",Standard,2,245.36,0.1923,198.177272,0.2953,139.6555235784
2017-09-01,2020,90023030,Canada,A1219150301,"AQ 5000 Series Ultron 8 5900X Desktop Processor",Standard,2,258.44,0.2117,203.728252,0.2953,143.5672991844
2017-09-01,2020,90023030,Canada,A1219150301,"AQ 5000 Series Ultron 8 5900X Desktop Processor",Standard,2,258.44,0.2227,200.885412,0.2953,141.5639498364
2017-09-01,2020,90023030,Canada,A1219150301,"AQ 5000 Series Ultron 8 5900X Desktop Processor",Standard,2,258.44,0.3048,179.667488,0.2953,126.6116787936
2017-09-01,2020,90023030,Canada,A1219150301,"AQ 5000 Series Ultron 8 5900X Desktop Processor",Standard,2,258.44,0.2186,201.945016,0.2953,142.3106527752
2017-09-01,2020,90023030,Canada,A1219150301,"AQ 5000 Series Ultron 8 5900X Desktop Processor",Standard,2,258.44,0.1923,208.741988,0.2953,147.1004789436
2017-09-01,2021,90023030,Canada,A1219150301,"AQ 5000 Series Ultron 8 5900X Desktop Processor",Standard,2,271.36,0.2117,213.913088,0.2953,150.7445531136
2017-09-01,2021,90023030,Canada,A1219150301,"AQ 5000 Series Ultron 8 5900X Desktop Processor",Standard,2,271.36,0.2227,210.928128,0.2953,148.6410518016
2017-09-01,2021,90023030,Canada,A1219150301,"AQ 5000 Series Ultron 8 5900X Desktop Processor",Standard,2,271.36,0.3048,188.649472,0.2953,132.9412829184
2017-09-01,2021,90023030,Canada,A1219150301,"AQ 5000 Series Ultron 8 5900X Desktop Processor",Standard,2,271.36,0.2186,212.040704,0.2953,149.4250841088
2017-09-01,2021,90023030,Canada,A1219150301,"AQ 5000 Series Ultron 8 5900X Desktop Processor",Standard,2,271.36,0.1923,219.177472,0.2953,154.4543645184
2017-09-01,2022,90023030,Canada,A1219150301,"AQ 5000 Series Ultron 8 5900X Desktop Processor",Standard,2,283.91,0.2117,223.806253,0.2953,157.7162664891
2017-09-01,2022,90023030,Canada,A1219150301,"AQ 5000 Series Ultron 8 5900X Desktop Processor",Standard,2,283.91,0.2227,220.683243,0.2953,155.5154813421
2017-09-01,2022,90023030,Canada,A1219150301,"AQ 5000 Series Ultron 8 5900X Desktop Processor",Standard,2,283.91,0.3048,197.374232,0.2953,139.0896212904
2017-09-01,2022,90023030,Canada,A1219150301,"AQ 5000 Series Ultron 8 5900X Desktop Processor",Standard,2,283.91,0.2186,221.847274,0.2953,156.3357739878
2017-09-01,2022,90023030,Canada,A1219150301,"AQ 5000 Series Ultron 8 5900X Desktop Processor",Standard,2,283.91,0.1923,229.314107,0.2953,161.5976512029
2017-09-01,2018,90027207,Brazil,A1219150301,"AQ 5000 Series Ultron 8 5900X Desktop Processor",Standard,4,493.51,0.2803,355.179147,0.4056,211.1184849768
2017-09-01,2018,90027207,Brazil,A1219150301,"AQ 5000 Series Ultron 8 5900X Desktop Processor",Standard,4,493.51,0.2248,382.568952,0.4056,227.3989850688
2017-09-01,2018,90027207,Brazil,A1219150301,"AQ 5000 Series Ultron 8 5900X Desktop Processor",Standard,4,493.51,0.2386,375.758514,0.4056,223.3508607216
2017-09-01,2018,90027207,Brazil,A1219150301,"AQ 5000 Series Ultron 8 5900X Desktop Processor",Standard,4,493.51,0.2772,356.709028,0.4056,212.0278462432
2017-09-01,2018,90027207,Brazil,A1219150301,"AQ 5000 Series Ultron 8 5900X Desktop Processor",Standard,4,493.51,0.2317,379.163733,0.4056,225.3749228952
2017-09-01,2019,90027207,Brazil,A1219150301,"AQ 5000 Series Ultron 8 5900X Desktop Processor",Standard,4,490.73,0.2803,353.178381,0.4056,209.9292296664
2017-09-01,2019,90027207,Brazil,A1219150301,"AQ 5000 Series Ultron 8 5900X Desktop Processor",Standard,4,490.73,0.2248,380.413896,0.4056,226.1180197824
2017-09-01,2019,90027207,Brazil,A1219150301,"AQ 5000 Series Ultron 8 5900X Desktop Processor",Standard,4,490.73,0.2386,373.641822,0.4056,222.0926989968
2017-09-01,2019,90027207,Brazil,A1219150301,"AQ 5000 Series Ultron 8 5900X Desktop Processor",Standard,4,490.73,0.2772,354.699644,0.4056,210.8334683936
2017-09-01,2019,90027207,Brazil,A1219150301,"AQ 5000 Series Ultron 8 5900X Desktop Processor",Standard,4,490.73,0.2317,377.027859,0.4056,224.1053593896
2017-09-01,2020,90027207,Brazil,A1219150301,"AQ 5000 Series Ultron 8 5900X Desktop Processor",Standard,4,516.88,0.2803,371.998536,0.4056,221.1159297984
2017-09-01,2020,90027207,Brazil,A1219150301,"AQ 5000 Series Ultron 8 5900X Desktop Processor",Standard,4,516.88,0.2248,400.685376,0.4056,238.1673874944
2017-09-01,2020,90027207,Brazil,A1219150301,"AQ 5000 Series Ultron 8 5900X Desktop Processor",Standard,4,516.88,0.2386,393.552432,0.4056,233.9275655808
2017-09-01,2020,90027207,Brazil,A1219150301,"AQ 5000 Series Ultron 8 5900X Desktop Processor",Standard,4,516.88,0.2772,373.600864,0.4056,222.0683535616
2017-09-01,2020,90027207,Brazil,A1219150301,"AQ 5000 Series Ultron 8 5900X Desktop Processor",Standard,4,516.88,0.2317,397.118904,0.4056,236.0474765376
2017-09-01,2021,90027207,Brazil,A1219150301,"AQ 5000 Series Ultron 8 5900X Desktop Processor",Standard,4,542.73,0.2803,390.602781,0.4056,232.1742930264
2017-09-01,2021,90027207,Brazil,A1219150301,"AQ 5000 Series Ultron 8 5900X Desktop Processor",Standard,4,542.73,0.2248,420.724296,0.4056,250.0785215424
2017-09-01,2021,90027207,Brazil,A1219150301,"AQ 5000 Series Ultron 8 5900X Desktop Processor",Standard,4,542.73,0.2386,413.234622,0.4056,245.6266593168
2017-09-01,2021,90027207,Brazil,A1219150301,"AQ 5000 Series Ultron 8 5900X Desktop Processor",Standard,4,542.73,0.2772,392.285244,0.4056,233.1743490336
2017-09-01,2021,90027207,Brazil,A1219150301,"AQ 5000 Series Ultron 8 5900X Desktop Processor",Standard,4,542.73,0.2317,416.979459,0.4056,247.8525904296
2017-09-01,2022,90027207,Brazil,A1219150301,"AQ 5000 Series Ultron 8 5900X Desktop Processor",Standard,4,567.83,0.2803,408.667251,0.4056,242.9118139944
2017-09-01,2022,90027207,Brazil,A1219150301,"AQ 5000 Series Ultron 8 5900X Desktop Processor",Standard,4,567.83,0.2248,440.181816,0.4056,261.6440714304
2017-09-01,2022,90027207,Brazil,A1219150301,"AQ 5000 Series Ultron 8 5900X Desktop Processor",Standard,4,567.83,0.2386,432.345762,0.4056,256.9863209328
2017-09-01,2022,90027207,Brazil,A1219150301,"AQ 5000 Series Ultron 8 5900X Desktop Processor",Standard,4,567.83,0.2772,410.427524,0.4056,243.9581202656
2017-09-01,2022,90027207,Brazil,A1219150301,"AQ 5000 Series Ultron 8 5900X Desktop Processor",Standard,4,567.83,0.2317,436.263789,0.4056,259.3151961816
2017-09-01,2018,70002017,India,A1618150101,"AQ MB Elite",Standard,3,52.15,0.0824,47.852840,0.4088,28.2905990080
2017-09-01,2018,70002017,India,A1618150101,"AQ MB Elite",Standard,3,52.15,0.0777,48.097945,0.4088,28.4355050840
2017-09-01,2018,70002017,India,A1618150101,"AQ MB Elite",Standard,3,52.15,0.0735,48.316975,0.4088,28.5649956200
2017-09-01,2018,70002017,India,A1618150101,"AQ MB Elite",Standard,3,52.15,0.0703,48.483855,0.4088,28.6636550760
2017-09-01,2018,70002017,India,A1618150101,"AQ MB Elite",Standard,3,52.15,0.1057,46.637745,0.4088,27.5722348440
2017-09-01,2019,70002017,India,A1618150101,"AQ MB Elite",Standard,3,44.96,0.0824,41.255296,0.4088,24.3901309952
2017-09-01,2019,70002017,India,A1618150101,"AQ MB Elite",Standard,3,44.96,0.0777,41.466608,0.4088,24.5150586496
2017-09-01,2019,70002017,India,A1618150101,"AQ MB Elite",Standard,3,44.96,0.0735,41.655440,0.4088,24.6266961280
2017-09-01,2019,70002017,India,A1618150101,"AQ MB Elite",Standard,3,44.96,0.0703,41.799312,0.4088,24.7117532544
2017-09-01,2019,70002017,India,A1618150101,"AQ MB Elite",Standard,3,44.96,0.1057,40.207728,0.4088,23.7708087936
2017-09-01,2020,70002017,India,A1618150101,"AQ MB Elite",Standard,3,55.61,0.0824,51.027736,0.4088,30.1675975232
2017-09-01,2020,70002017,India,A1618150101,"AQ MB Elite",Standard,3,55.61,0.0777,51.289103,0.4088,30.3221176936
2017-09-01,2020,70002017,India,A1618150101,"AQ MB Elite",Standard,3,55.61,0.0735,51.522665,0.4088,30.4601995480
2017-09-01,2020,70002017,India,A1618150101,"AQ MB Elite",Standard,3,55.61,0.0703,51.700617,0.4088,30.5654047704
2017-09-01,2020,70002017,India,A1618150101,"AQ MB Elite",Standard,3,55.61,0.1057,49.732023,0.4088,29.4015719976
2017-09-01,2021,70002017,India,A1618150101,"AQ MB Elite",Standard,3,58.95,0.0824,54.092520,0.4088,31.9794978240
2017-09-01,2021,70002017,India,A1618150101,"AQ MB Elite",Standard,3,58.95,0.0777,54.369585,0.4088,32.1432986520
2017-09-01,2021,70002017,India,A1618150101,"AQ MB Elite",Standard,3,58.95,0.0735,54.617175,0.4088,32.2896738600
2017-09-01,2021,70002017,India,A1618150101,"AQ MB Elite",Standard,3,58.95,0.0703,54.805815,0.4088,32.4011978280
2017-09-01,2021,70002017,India,A1618150101,"AQ MB Elite",Standard,3,58.95,0.1057,52.718985,0.4088,31.1674639320
2017-09-01,2018,70002018,India,A1618150101,"AQ MB Elite",Standard,4,69.54,0.2956,48.983976,0.4048,29.1552625152
2017-09-01,2018,70002018,India,A1618150101,"AQ MB Elite",Standard,4,69.54,0.2577,51.619542,0.4048,30.7239513984
2017-09-01,2018,70002018,India,A1618150101,"AQ MB Elite",Standard,4,69.54,0.2255,53.858730,0.4048,32.0567160960
2017-09-01,2018,70002018,India,A1618150101,"AQ MB Elite",Standard,4,69.54,0.2061,55.207806,0.4048,32.8596861312
2017-09-01,2018,70002018,India,A1618150101,"AQ MB Elite",Standard,4,69.54,0.2931,49.157826,0.4048,29.2587380352
2017-09-01,2019,70002018,India,A1618150101,"AQ MB Elite",Standard,4,59.95,0.2956,42.228780,0.4048,25.1345698560
2017-09-01,2019,70002018,India,A1618150101,"AQ MB Elite",Standard,4,59.95,0.2577,44.500885,0.4048,26.4869267520
2017-09-01,2019,70002018,India,A1618150101,"AQ MB Elite",Standard,4,59.95,0.2255,46.431275,0.4048,27.6358948800
2017-09-01,2019,70002018,India,A1618150101,"AQ MB Elite",Standard,4,59.95,0.2061,47.594305,0.4048,28.3281303360
2017-09-01,2019,70002018,India,A1618150101,"AQ MB Elite",Standard,4,59.95,0.2931,42.378655,0.4048,25.2237754560
2017-09-01,2020,70002018,India,A1618150101,"AQ MB Elite",Standard,4,74.15,0.2956,52.231260,0.4048,31.0880459520
2017-09-01,2020,70002018,India,A1618150101,"AQ MB Elite",Standard,4,74.15,0.2577,55.041545,0.4048,32.7607275840
2017-09-01,2020,70002018,India,A1618150101,"AQ MB Elite",Standard,4,74.15,0.2255,57.429175,0.4048,34.1818449600
2017-09-01,2020,70002018,India,A1618150101,"AQ MB Elite",Standard,4,74.15,0.2061,58.867685,0.4048,35.0380461120
2017-09-01,2020,70002018,India,A1618150101,"AQ MB Elite",Standard,4,74.15,0.2931,52.416635,0.4048,31.1983811520
2017-09-01,2021,70002018,India,A1618150101,"AQ MB Elite",Standard,4,78.59,0.2956,55.358796,0.4048,32.9495553792
2017-09-01,2021,70002018,India,A1618150101,"AQ MB Elite",Standard,4,78.59,0.2577,58.337357,0.4048,34.7223948864
2017-09-01,2021,70002018,India,A1618150101,"AQ MB Elite",Standard,4,78.59,0.2255,60.867955,0.4048,36.2286068160
2017-09-01,2021,70002018,India,A1618150101,"AQ MB Elite",Standard,4,78.59,0.2061,62.392601,0.4048,37.1360761152
2017-09-01,2021,70002018,India,A1618150101,"AQ MB Elite",Standard,4,78.59,0.2931,55.555271,0.4048,33.0664972992
2017-09-01,2018,70003181,Indonesia,A1618150101,"AQ MB Elite",Standard,1,17.38,0.0536,16.448432,0.3413,10.8345821584
2017-09-01,2018,70003181,Indonesia,A1618150101,"AQ MB Elite",Standard,1,17.38,0.0546,16.431052,0.3413,10.8231339524
2017-09-01,2018,70003181,Indonesia,A1618150101,"AQ MB Elite",Standard,1,17.38,0.0531,16.457122,0.3413,10.8403062614
2017-09-01,2018,70003181,Indonesia,A1618150101,"AQ MB Elite",Standard,1,17.38,0.0974,15.687188,0.3413,10.3331507356
2017-09-01,2018,70003181,Indonesia,A1618150101,"AQ MB Elite",Standard,1,17.38,0.0727,16.116474,0.3413,10.6159214238
2017-09-01,2019,70003181,Indonesia,A1618150101,"AQ MB Elite",Standard,1,14.99,0.0536,14.186536,0.3413,9.3446712632
2017-09-01,2019,70003181,Indonesia,A1618150101,"AQ MB Elite",Standard,1,14.99,0.0546,14.171546,0.3413,9.3347973502
2017-09-01,2019,70003181,Indonesia,A1618150101,"AQ MB Elite",Standard,1,14.99,0.0531,14.194031,0.3413,9.3496082197
2017-09-01,2019,70003181,Indonesia,A1618150101,"AQ MB Elite",Standard,1,14.99,0.0974,13.529974,0.3413,8.9121938738
2017-09-01,2019,70003181,Indonesia,A1618150101,"AQ MB Elite",Standard,1,14.99,0.0727,13.900227,0.3413,9.1560795249
2017-09-01,2020,70003181,Indonesia,A1618150101,"AQ MB Elite",Standard,1,18.54,0.0536,17.546256,0.3413,11.5577188272
2017-09-01,2020,70003181,Indonesia,A1618150101,"AQ MB Elite",Standard,1,18.54,0.0546,17.527716,0.3413,11.5455065292
2017-09-01,2020,70003181,Indonesia,A1618150101,"AQ MB Elite",Standard,1,18.54,0.0531,17.555526,0.3413,11.5638249762
2017-09-01,2020,70003181,Indonesia,A1618150101,"AQ MB Elite",Standard,1,18.54,0.0974,16.734204,0.3413,11.0228201748
2017-09-01,2020,70003181,Indonesia,A1618150101,"AQ MB Elite",Standard,1,18.54,0.0727,17.192142,0.3413,11.3244639354
2017-09-01,2021,70003181,Indonesia,A1618150101,"AQ MB Elite",Standard,1,19.65,0.0536,18.596760,0.3413,12.2496858120
2017-09-01,2021,70003181,Indonesia,A1618150101,"AQ MB Elite",Standard,1,19.65,0.0546,18.577110,0.3413,12.2367423570
2017-09-01,2021,70003181,Indonesia,A1618150101,"AQ MB Elite",Standard,1,19.65,0.0531,18.606585,0.3413,12.2561575395
2017-09-01,2021,70003181,Indonesia,A1618150101,"AQ MB Elite",Standard,1,19.65,0.0974,17.736090,0.3413,11.6827624830
2017-09-01,2021,70003181,Indonesia,A1618150101,"AQ MB Elite",Standard,1,19.65,0.0727,18.221445,0.3413,12.0024658215
2017-09-01,2018,70003182,Indonesia,A1618150101,"AQ MB Elite",Standard,1,17.38,0.2378,13.247036,0.3114,9.1219089896
2017-09-01,2018,70003182,Indonesia,A1618150101,"AQ MB Elite",Standard,1,17.38,0.2023,13.864026,0.3114,9.5467683036
2017-09-01,2018,70003182,Indonesia,A1618150101,"AQ MB Elite",Standard,1,17.38,0.1823,14.211626,0.3114,9.7861256636
2017-09-01,2018,70003182,Indonesia,A1618150101,"AQ MB Elite",Standard,1,17.38,0.2065,13.791030,0.3114,9.4965032580
2017-09-01,2018,70003182,Indonesia,A1618150101,"AQ MB Elite",Standard,1,17.38,0.2147,13.648514,0.3114,9.3983667404
2017-09-01,2019,70003182,Indonesia,A1618150101,"AQ MB Elite",Standard,1,14.99,0.2378,11.425378,0.3114,7.8675152908
2017-09-01,2019,70003182,Indonesia,A1618150101,"AQ MB Elite",Standard,1,14.99,0.2023,11.957523,0.3114,8.2339503378
2017-09-01,2019,70003182,Indonesia,A1618150101,"AQ MB Elite",Standard,1,14.99,0.1823,12.257323,0.3114,8.4403926178
2017-09-01,2019,70003182,Indonesia,A1618150101,"AQ MB Elite",Standard,1,14.99,0.2065,11.894565,0.3114,8.1905974590
2017-09-01,2019,70003182,Indonesia,A1618150101,"AQ MB Elite",Standard,1,14.99,0.2147,11.771647,0.3114,8.1059561242
2017-09-01,2020,70003182,Indonesia,A1618150101,"AQ MB Elite",Standard,1,18.54,0.2378,14.131188,0.3114,9.7307360568
2017-09-01,2020,70003182,Indonesia,A1618150101,"AQ MB Elite",Standard,1,18.54,0.2023,14.789358,0.3114,10.1839519188
2017-09-01,2020,70003182,Indonesia,A1618150101,"AQ MB Elite",Standard,1,18.54,0.1823,15.160158,0.3114,10.4392847988
2017-09-01,2020,70003182,Indonesia,A1618150101,"AQ MB Elite",Standard,1,18.54,0.2065,14.711490,0.3114,10.1303320140
2017-09-01,2020,70003182,Indonesia,A1618150101,"AQ MB Elite",Standard,1,18.54,0.2147,14.559462,0.3114,10.0256455332
2017-09-01,2021,70003182,Indonesia,A1618150101,"AQ MB Elite",Standard,1,19.65,0.2378,14.977230,0.3114,10.3133205780
2017-09-01,2021,70003182,Indonesia,A1618150101,"AQ MB Elite",Standard,1,19.65,0.2023,15.674805,0.3114,10.7936707230
2017-09-01,2021,70003182,Indonesia,A1618150101,"AQ MB Elite",Standard,1,19.65,0.1823,16.067805,0.3114,11.0642905230
2017-09-01,2021,70003182,Indonesia,A1618150101,"AQ MB Elite",Standard,1,19.65,0.2065,15.592275,0.3114,10.7368405650
2017-09-01,2021,70003182,Indonesia,A1618150101,"AQ MB Elite",Standard,1,19.65,0.2147,15.431145,0.3114,10.6258864470
2017-09-01,2018,70006157,Philiphines,A1618150101,"AQ MB Elite",Standard,1,17.38,0.1057,15.542934,0.3717,9.7656254322
2017-09-01,2018,70006157,Philiphines,A1618150101,"AQ MB Elite",Standard,1,17.38,0.0972,15.690664,0.3717,9.8584441912
2017-09-01,2018,70006157,Philiphines,A1618150101,"AQ MB Elite",Standard,1,17.38,0.0765,16.050430,0.3717,10.0844851690
2017-09-01,2018,70006157,Philiphines,A1618150101,"AQ MB Elite",Standard,1,17.38,0.0858,15.888796,0.3717,9.9829305268
2017-09-01,2018,70006157,Philiphines,A1618150101,"AQ MB Elite",Standard,1,17.38,0.0552,16.420624,0.3717,10.3170780592
2017-09-01,2019,70006157,Philiphines,A1618150101,"AQ MB Elite",Standard,1,14.99,0.1057,13.405557,0.3717,8.4227114631
2017-09-01,2019,70006157,Philiphines,A1618150101,"AQ MB Elite",Standard,1,14.99,0.0972,13.532972,0.3717,8.5027663076
2017-09-01,2019,70006157,Philiphines,A1618150101,"AQ MB Elite",Standard,1,14.99,0.0765,13.843265,0.3717,8.6977233995
2017-09-01,2019,70006157,Philiphines,A1618150101,"AQ MB Elite",Standard,1,14.99,0.0858,13.703858,0.3717,8.6101339814
2017-09-01,2019,70006157,Philiphines,A1618150101,"AQ MB Elite",Standard,1,14.99,0.0552,14.162552,0.3717,8.8983314216
2017-09-01,2020,70006157,Philiphines,A1618150101,"AQ MB Elite",Standard,1,18.54,0.1057,16.580322,0.3717,10.4174163126
2017-09-01,2020,70006157,Philiphines,A1618150101,"AQ MB Elite",Standard,1,18.54,0.0972,16.737912,0.3717,10.5164301096
2017-09-01,2020,70006157,Philiphines,A1618150101,"AQ MB Elite",Standard,1,18.54,0.0765,17.121690,0.3717,10.7575578270
2017-09-01,2020,70006157,Philiphines,A1618150101,"AQ MB Elite",Standard,1,18.54,0.0858,16.949268,0.3717,10.6492250844
2017-09-01,2020,70006157,Philiphines,A1618150101,"AQ MB Elite",Standard,1,18.54,0.0552,17.516592,0.3717,11.0056747536
2017-09-01,2021,70006157,Philiphines,A1618150101,"AQ MB Elite",Standard,1,19.65,0.1057,17.572995,0.3717,11.0411127585
2017-09-01,2021,70006157,Philiphines,A1618150101,"AQ MB Elite",Standard,1,19.65,0.0972,17.740020,0.3717,11.1460545660
2017-09-01,2021,70006157,Philiphines,A1618150101,"AQ MB Elite",Standard,1,19.65,0.0765,18.146775,0.3717,11.4016187325
2017-09-01,2021,70006157,Philiphines,A1618150101,"AQ MB Elite",Standard,1,19.65,0.0858,17.964030,0.3717,11.2868000490
2017-09-01,2021,70006157,Philiphines,A1618150101,"AQ MB Elite",Standard,1,19.65,0.0552,18.565320,0.3717,11.6645905560
2017-09-01,2018,70007198,"South Korea",A1618150101,"AQ MB Elite",Standard,1,17.38,0.0700,16.163400,0.4616,8.7023745600
2017-09-01,2018,70007198,"South Korea",A1618150101,"AQ MB Elite",Standard,1,17.38,0.0534,16.451908,0.4616,8.8577072672
2017-09-01,2018,70007198,"South Korea",A1618150101,"AQ MB Elite",Standard,1,17.38,0.0703,16.158186,0.4616,8.6995673424
2017-09-01,2018,70007198,"South Korea",A1618150101,"AQ MB Elite",Standard,1,17.38,0.0736,16.100832,0.4616,8.6686879488
2017-09-01,2018,70007198,"South Korea",A1618150101,"AQ MB Elite",Standard,1,17.38,0.0977,15.681974,0.4616,8.4431748016
2017-09-01,2019,70007198,"South Korea",A1618150101,"AQ MB Elite",Standard,1,14.99,0.0700,13.940700,0.4616,7.5056728800
2017-09-01,2019,70007198,"South Korea",A1618150101,"AQ MB Elite",Standard,1,14.99,0.0534,14.189534,0.4616,7.6396451056
2017-09-01,2019,70007198,"South Korea",A1618150101,"AQ MB Elite",Standard,1,14.99,0.0703,13.936203,0.4616,7.5032516952
2017-09-01,2019,70007198,"South Korea",A1618150101,"AQ MB Elite",Standard,1,14.99,0.0736,13.886736,0.4616,7.4766186624
2017-09-01,2019,70007198,"South Korea",A1618150101,"AQ MB Elite",Standard,1,14.99,0.0977,13.525477,0.4616,7.2821168168
2017-09-01,2020,70007198,"South Korea",A1618150101,"AQ MB Elite",Standard,1,18.54,0.0700,17.242200,0.4616,9.2832004800
2017-09-01,2020,70007198,"South Korea",A1618150101,"AQ MB Elite",Standard,1,18.54,0.0534,17.549964,0.4616,9.4489006176
2017-09-01,2020,70007198,"South Korea",A1618150101,"AQ MB Elite",Standard,1,18.54,0.0703,17.236638,0.4616,9.2802058992
2017-09-01,2020,70007198,"South Korea",A1618150101,"AQ MB Elite",Standard,1,18.54,0.0736,17.175456,0.4616,9.2472655104
2017-09-01,2020,70007198,"South Korea",A1618150101,"AQ MB Elite",Standard,1,18.54,0.0977,16.728642,0.4616,9.0067008528
2017-09-01,2021,70007198,"South Korea",A1618150101,"AQ MB Elite",Standard,1,19.65,0.0700,18.274500,0.4616,9.8389908000
2017-09-01,2021,70007198,"South Korea",A1618150101,"AQ MB Elite",Standard,1,19.65,0.0534,18.600690,0.4616,10.0146114960
2017-09-01,2021,70007198,"South Korea",A1618150101,"AQ MB Elite",Standard,1,19.65,0.0703,18.268605,0.4616,9.8358169320
2017-09-01,2021,70007198,"South Korea",A1618150101,"AQ MB Elite",Standard,1,19.65,0.0736,18.203760,0.4616,9.8009043840
2017-09-01,2021,70007198,"South Korea",A1618150101,"AQ MB Elite",Standard,1,19.65,0.0977,17.730195,0.4616,9.5459369880
2017-09-01,2018,70007199,"South Korea",A1618150101,"AQ MB Elite",Standard,1,17.38,0.2551,12.946362,0.3690,8.1691544220
2017-09-01,2018,70007199,"South Korea",A1618150101,"AQ MB Elite",Standard,1,17.38,0.1824,14.209888,0.3690,8.9664393280
2017-09-01,2018,70007199,"South Korea",A1618150101,"AQ MB Elite",Standard,1,17.38,0.2123,13.690226,0.3690,8.6385326060
2017-09-01,2018,70007199,"South Korea",A1618150101,"AQ MB Elite",Standard,1,17.38,0.2105,13.721510,0.3690,8.6582728100
2017-09-01,2018,70007199,"South Korea",A1618150101,"AQ MB Elite",Standard,1,17.38,0.2057,13.804934,0.3690,8.7109133540
2017-09-01,2019,70007199,"South Korea",A1618150101,"AQ MB Elite",Standard,1,14.99,0.2551,11.166051,0.3690,7.0457781810
2017-09-01,2019,70007199,"South Korea",A1618150101,"AQ MB Elite",Standard,1,14.99,0.1824,12.255824,0.3690,7.7334249440
2017-09-01,2019,70007199,"South Korea",A1618150101,"AQ MB Elite",Standard,1,14.99,0.2123,11.807623,0.3690,7.4506101130
2017-09-01,2019,70007199,"South Korea",A1618150101,"AQ MB Elite",Standard,1,14.99,0.2105,11.834605,0.3690,7.4676357550
2017-09-01,2019,70007199,"South Korea",A1618150101,"AQ MB Elite",Standard,1,14.99,0.2057,11.906557,0.3690,7.5130374670
2017-09-01,2020,70007199,"South Korea",A1618150101,"AQ MB Elite",Standard,1,18.54,0.2551,13.810446,0.3690,8.7143914260
2017-09-01,2020,70007199,"South Korea",A1618150101,"AQ MB Elite",Standard,1,18.54,0.1824,15.158304,0.3690,9.5648898240
2017-09-01,2020,70007199,"South Korea",A1618150101,"AQ MB Elite",Standard,1,18.54,0.2123,14.603958,0.3690,9.2150974980
2017-09-01,2020,70007199,"South Korea",A1618150101,"AQ MB Elite",Standard,1,18.54,0.2105,14.637330,0.3690,9.2361552300
2017-09-01,2020,70007199,"South Korea",A1618150101,"AQ MB Elite",Standard,1,18.54,0.2057,14.726322,0.3690,9.2923091820
2017-09-01,2021,70007199,"South Korea",A1618150101,"AQ MB Elite",Standard,1,19.65,0.2551,14.637285,0.3690,9.2361268350
2017-09-01,2021,70007199,"South Korea",A1618150101,"AQ MB Elite",Standard,1,19.65,0.1824,16.065840,0.3690,10.1375450400
2017-09-01,2021,70007199,"South Korea",A1618150101,"AQ MB Elite",Standard,1,19.65,0.2123,15.478305,0.3690,9.7668104550
2017-09-01,2021,70007199,"South Korea",A1618150101,"AQ MB Elite",Standard,1,19.65,0.2105,15.513675,0.3690,9.7891289250
2017-09-01,2021,70007199,"South Korea",A1618150101,"AQ MB Elite",Standard,1,19.65,0.2057,15.607995,0.3690,9.8486448450
2017-09-01,2018,70008169,Australia,A1618150101,"AQ MB Elite",Standard,1,17.38,0.0953,15.723686,0.3517,10.1936656338
2017-09-01,2018,70008169,Australia,A1618150101,"AQ MB Elite",Standard,1,17.38,0.0748,16.079976,0.3517,10.4246484408
2017-09-01,2018,70008169,Australia,A1618150101,"AQ MB Elite",Standard,1,17.38,0.0975,15.685450,0.3517,10.1688772350
2017-09-01,2018,70008169,Australia,A1618150101,"AQ MB Elite",Standard,1,17.38,0.0793,16.001766,0.3517,10.3739448978
2017-09-01,2018,70008169,Australia,A1618150101,"AQ MB Elite",Standard,1,17.38,0.0832,15.933984,0.3517,10.3300018272
2017-09-01,2019,70008169,Australia,A1618150101,"AQ MB Elite",Standard,1,14.99,0.0953,13.561453,0.3517,8.7918899799
2017-09-01,2019,70008169,Australia,A1618150101,"AQ MB Elite",Standard,1,14.99,0.0748,13.868748,0.3517,8.9911093284
2017-09-01,2019,70008169,Australia,A1618150101,"AQ MB Elite",Standard,1,14.99,0.0975,13.528475,0.3517,8.7705103425
2017-09-01,2019,70008169,Australia,A1618150101,"AQ MB Elite",Standard,1,14.99,0.0793,13.801293,0.3517,8.9473782519
2017-09-01,2019,70008169,Australia,A1618150101,"AQ MB Elite",Standard,1,14.99,0.0832,13.742832,0.3517,8.9094779856
2017-09-01,2020,70008169,Australia,A1618150101,"AQ MB Elite",Standard,1,18.54,0.0953,16.773138,0.3517,10.8740253654
2017-09-01,2020,70008169,Australia,A1618150101,"AQ MB Elite",Standard,1,18.54,0.0748,17.153208,0.3517,11.1204247464
2017-09-01,2020,70008169,Australia,A1618150101,"AQ MB Elite",Standard,1,18.54,0.0975,16.732350,0.3517,10.8475825050
2017-09-01,2020,70008169,Australia,A1618150101,"AQ MB Elite",Standard,1,18.54,0.0793,17.069778,0.3517,11.0663370774
2017-09-01,2020,70008169,Australia,A1618150101,"AQ MB Elite",Standard,1,18.54,0.0832,16.997472,0.3517,11.0194610976
2017-09-01,2021,70008169,Australia,A1618150101,"AQ MB Elite",Standard,1,19.65,0.0953,17.777355,0.3517,11.5250592465
2017-09-01,2021,70008169,Australia,A1618150101,"AQ MB Elite",Standard,1,19.65,0.0748,18.180180,0.3517,11.7862106940
2017-09-01,2021,70008169,Australia,A1618150101,"AQ MB Elite",Standard,1,19.65,0.0975,17.734125,0.3517,11.4970332375
2017-09-01,2021,70008169,Australia,A1618150101,"AQ MB Elite",Standard,1,19.65,0.0793,18.091755,0.3517,11.7288847665
2017-09-01,2021,70008169,Australia,A1618150101,"AQ MB Elite",Standard,1,19.65,0.0832,18.015120,0.3517,11.6792022960
2017-09-01,2018,70008170,Australia,A1618150101,"AQ MB Elite",Standard,1,17.38,0.1896,14.084752,0.3431,9.2522735888
2017-09-01,2018,70008170,Australia,A1618150101,"AQ MB Elite",Standard,1,17.38,0.2037,13.839694,0.3431,9.0912949886
2017-09-01,2018,70008170,Australia,A1618150101,"AQ MB Elite",Standard,1,17.38,0.2207,13.544234,0.3431,8.8972073146
2017-09-01,2018,70008170,Australia,A1618150101,"AQ MB Elite",Standard,1,17.38,0.1817,14.222054,0.3431,9.3424672726
2017-09-01,2018,70008170,Australia,A1618150101,"AQ MB Elite",Standard,1,17.38,0.2165,13.617230,0.3431,8.9451583870
2017-09-01,2019,70008170,Australia,A1618150101,"AQ MB Elite",Standard,1,14.99,0.1896,12.147896,0.3431,7.9799528824
2017-09-01,2019,70008170,Australia,A1618150101,"AQ MB Elite",Standard,1,14.99,0.2037,11.936537,0.3431,7.8411111553
2017-09-01,2019,70008170,Australia,A1618150101,"AQ MB Elite",Standard,1,14.99,0.2207,11.681707,0.3431,7.6737133283
2017-09-01,2019,70008170,Australia,A1618150101,"AQ MB Elite",Standard,1,14.99,0.1817,12.266317,0.3431,8.0577436373
2017-09-01,2019,70008170,Australia,A1618150101,"AQ MB Elite",Standard,1,14.99,0.2165,11.744665,0.3431,7.7150704385
2017-09-01,2020,70008170,Australia,A1618150101,"AQ MB Elite",Standard,1,18.54,0.1896,15.024816,0.3431,9.8698016304
2017-09-01,2020,70008170,Australia,A1618150101,"AQ MB Elite",Standard,1,18.54,0.2037,14.763402,0.3431,9.6980787738
2017-09-01,2020,70008170,Australia,A1618150101,"AQ MB Elite",Standard,1,18.54,0.2207,14.448222,0.3431,9.4910370318
2017-09-01,2020,70008170,Australia,A1618150101,"AQ MB Elite",Standard,1,18.54,0.1817,15.171282,0.3431,9.9660151458
2017-09-01,2020,70008170,Australia,A1618150101,"AQ MB Elite",Standard,1,18.54,0.2165,14.526090,0.3431,9.5421885210
2017-09-01,2021,70008170,Australia,A1618150101,"AQ MB Elite",Standard,1,19.65,0.1896,15.924360,0.3431,10.4607120840
2017-09-01,2021,70008170,Australia,A1618150101,"AQ MB Elite",Standard,1,19.65,0.2037,15.647295,0.3431,10.2787080855
2017-09-01,2021,70008170,Australia,A1618150101,"AQ MB Elite",Standard,1,19.65,0.2207,15.313245,0.3431,10.0592706405
2017-09-01,2021,70008170,Australia,A1618150101,"AQ MB Elite",Standard,1,19.65,0.1817,16.079595,0.3431,10.5626859555
2017-09-01,2021,70008170,Australia,A1618150101,"AQ MB Elite",Standard,1,19.65,0.2165,15.395775,0.3431,10.1134845975
2017-09-01,2018,70011193,France,A1618150101,"AQ MB Elite",Standard,1,17.38,0.0521,16.474502,0.2528,12.3097478944
2017-09-01,2018,70011193,France,A1618150101,"AQ MB Elite",Standard,1,17.38,0.0634,16.278108,0.2528,12.1630022976
2017-09-01,2018,70011193,France,A1618150101,"AQ MB Elite",Standard,1,17.38,0.0643,16.262466,0.2528,12.1513145952
2017-09-01,2018,70011193,France,A1618150101,"AQ MB Elite",Standard,1,17.38,0.1056,15.544672,0.2528,11.6149789184
2017-09-01,2018,70011193,France,A1618150101,"AQ MB Elite",Standard,1,17.38,0.0510,16.493620,0.2528,12.3240328640
2017-09-01,2019,70011193,France,A1618150101,"AQ MB Elite",Standard,1,14.99,0.0521,14.209021,0.2528,10.6169804912
2017-09-01,2019,70011193,France,A1618150101,"AQ MB Elite",Standard,1,14.99,0.0634,14.039634,0.2528,10.4904145248
2017-09-01,2019,70011193,France,A1618150101,"AQ MB Elite",Standard,1,14.99,0.0643,14.026143,0.2528,10.4803340496
2017-09-01,2019,70011193,France,A1618150101,"AQ MB Elite",Standard,1,14.99,0.1056,13.407056,0.2528,10.0177522432
2017-09-01,2019,70011193,France,A1618150101,"AQ MB Elite",Standard,1,14.99,0.0510,14.225510,0.2528,10.6293010720
2017-09-01,2020,70011193,France,A1618150101,"AQ MB Elite",Standard,1,18.54,0.0521,17.574066,0.2528,13.1313421152
2017-09-01,2020,70011193,France,A1618150101,"AQ MB Elite",Standard,1,18.54,0.0634,17.364564,0.2528,12.9748022208
2017-09-01,2020,70011193,France,A1618150101,"AQ MB Elite",Standard,1,18.54,0.0643,17.347878,0.2528,12.9623344416
2017-09-01,2020,70011193,France,A1618150101,"AQ MB Elite",Standard,1,18.54,0.1056,16.582176,0.2528,12.3902019072
2017-09-01,2020,70011193,France,A1618150101,"AQ MB Elite",Standard,1,18.54,0.0510,17.594460,0.2528,13.1465805120
2017-09-01,2021,70011193,France,A1618150101,"AQ MB Elite",Standard,1,19.65,0.0521,18.626235,0.2528,13.9175227920
2017-09-01,2021,70011193,France,A1618150101,"AQ MB Elite",Standard,1,19.65,0.0634,18.404190,0.2528,13.7516107680
2017-09-01,2021,70011193,France,A1618150101,"AQ MB Elite",Standard,1,19.65,0.0643,18.386505,0.2528,13.7383965360
2017-09-01,2021,70011193,France,A1618150101,"AQ MB Elite",Standard,1,19.65,0.1056,17.574960,0.2528,13.1320101120
2017-09-01,2021,70011193,France,A1618150101,"AQ MB Elite",Standard,1,19.65,0.0510,18.647850,0.2528,13.9336735200
2017-09-01,2018,70011194,France,A1618150101,"AQ MB Elite",Standard,1,17.38,0.2046,13.824052,0.2909,9.8026352732
2017-09-01,2018,70011194,France,A1618150101,"AQ MB Elite",Standard,1,17.38,0.1941,14.006542,0.2909,9.9320389322
2017-09-01,2018,70011194,France,A1618150101,"AQ MB Elite",Standard,1,17.38,0.1917,14.048254,0.2909,9.9616169114
2017-09-01,2018,70011194,France,A1618150101,"AQ MB Elite",Standard,1,17.38,0.1859,14.149058,0.2909,10.0330970278
2017-09-01,2018,70011194,France,A1618150101,"AQ MB Elite",Standard,1,17.38,0.2609,12.845558,0.2909,9.1087851778
2017-09-01,2019,70011194,France,A1618150101,"AQ MB Elite",Standard,1,14.99,0.2046,11.923046,0.2909,8.4546319186
2017-09-01,2019,70011194,France,A1618150101,"AQ MB Elite",Standard,1,14.99,0.1941,12.080441,0.2909,8.5662407131
2017-09-01,2019,70011194,France,A1618150101,"AQ MB Elite",Standard,1,14.99,0.1917,12.116417,0.2909,8.5917512947
2017-09-01,2019,70011194,France,A1618150101,"AQ MB Elite",Standard,1,14.99,0.1859,12.203359,0.2909,8.6534018669
2017-09-01,2019,70011194,France,A1618150101,"AQ MB Elite",Standard,1,14.99,0.2609,11.079109,0.2909,7.8561961919
2017-09-01,2020,70011194,France,A1618150101,"AQ MB Elite",Standard,1,18.54,0.2046,14.746716,0.2909,10.4568963156
2017-09-01,2020,70011194,France,A1618150101,"AQ MB Elite",Standard,1,18.54,0.1941,14.941386,0.2909,10.5949368126
2017-09-01,2020,70011194,France,A1618150101,"AQ MB Elite",Standard,1,18.54,0.1917,14.985882,0.2909,10.6264889262
2017-09-01,2020,70011194,France,A1618150101,"AQ MB Elite",Standard,1,18.54,0.1859,15.093414,0.2909,10.7027398674
2017-09-01,2020,70011194,France,A1618150101,"AQ MB Elite",Standard,1,18.54,0.2609,13.702914,0.2909,9.7167363174
2017-09-01,2021,70011194,France,A1618150101,"AQ MB Elite",Standard,1,19.65,0.2046,15.629610,0.2909,11.0829564510
2017-09-01,2021,70011194,France,A1618150101,"AQ MB Elite",Standard,1,19.65,0.1941,15.835935,0.2909,11.2292615085
2017-09-01,2021,70011194,France,A1618150101,"AQ MB Elite",Standard,1,19.65,0.1917,15.883095,0.2909,11.2627026645
2017-09-01,2021,70011194,France,A1618150101,"AQ MB Elite",Standard,1,19.65,0.1859,15.997065,0.2909,11.3435187915
2017-09-01,2021,70011194,France,A1618150101,"AQ MB Elite",Standard,1,19.65,0.2609,14.523315,0.2909,10.2984826665
2017-09-01,2018,80006154,Philiphines,A1618150101,"AQ MB Elite",Standard,3,52.15,0.2728,37.923480,0.3405,25.0105350600
2017-09-01,2018,80006154,Philiphines,A1618150101,"AQ MB Elite",Standard,3,52.15,0.2101,41.193285,0.3405,27.1669714575
2017-09-01,2018,80006154,Philiphines,A1618150101,"AQ MB Elite",Standard,3,52.15,0.2346,39.915610,0.3405,26.3243447950
2017-09-01,2018,80006154,Philiphines,A1618150101,"AQ MB Elite",Standard,3,52.15,0.2103,41.182855,0.3405,27.1600928725
2017-09-01,2018,80006154,Philiphines,A1618150101,"AQ MB Elite",Standard,3,52.15,0.2307,40.118995,0.3405,26.4584772025
2017-09-01,2019,80006154,Philiphines,A1618150101,"AQ MB Elite",Standard,3,44.96,0.2728,32.694912,0.3405,21.5622944640
2017-09-01,2019,80006154,Philiphines,A1618150101,"AQ MB Elite",Standard,3,44.96,0.2101,35.513904,0.3405,23.4214196880
2017-09-01,2019,80006154,Philiphines,A1618150101,"AQ MB Elite",Standard,3,44.96,0.2346,34.412384,0.3405,22.6949672480
2017-09-01,2019,80006154,Philiphines,A1618150101,"AQ MB Elite",Standard,3,44.96,0.2103,35.504912,0.3405,23.4154894640
2017-09-01,2019,80006154,Philiphines,A1618150101,"AQ MB Elite",Standard,3,44.96,0.2307,34.587728,0.3405,22.8106066160
2017-09-01,2020,80006154,Philiphines,A1618150101,"AQ MB Elite",Standard,3,55.61,0.2728,40.439592,0.3405,26.6699109240
2017-09-01,2020,80006154,Philiphines,A1618150101,"AQ MB Elite",Standard,3,55.61,0.2101,43.926339,0.3405,28.9694205705
2017-09-01,2020,80006154,Philiphines,A1618150101,"AQ MB Elite",Standard,3,55.61,0.2346,42.563894,0.3405,28.0708880930
2017-09-01,2020,80006154,Philiphines,A1618150101,"AQ MB Elite",Standard,3,55.61,0.2103,43.915217,0.3405,28.9620856115
2017-09-01,2020,80006154,Philiphines,A1618150101,"AQ MB Elite",Standard,3,55.61,0.2307,42.780773,0.3405,28.2139197935
2017-09-01,2021,80006154,Philiphines,A1618150101,"AQ MB Elite",Standard,3,58.95,0.2728,42.868440,0.3405,28.2717361800
2017-09-01,2021,80006154,Philiphines,A1618150101,"AQ MB Elite",Standard,3,58.95,0.2101,46.564605,0.3405,30.7093569975
2017-09-01,2021,80006154,Philiphines,A1618150101,"AQ MB Elite",Standard,3,58.95,0.2346,45.120330,0.3405,29.7568576350
2017-09-01,2021,80006154,Philiphines,A1618150101,"AQ MB Elite",Standard,3,58.95,0.2103,46.552815,0.3405,30.7015814925
2017-09-01,2021,80006154,Philiphines,A1618150101,"AQ MB Elite",Standard,3,58.95,0.2307,45.350235,0.3405,29.9084799825
2017-09-01,2018,80006155,Philiphines,A1618150101,"AQ MB Elite",Standard,2,34.77,0.2797,25.044831,0.3447,16.4118777543
2017-09-01,2018,80006155,Philiphines,A1618150101,"AQ MB Elite",Standard,2,34.77,0.2565,25.851495,0.3447,16.9404846735
2017-09-01,2018,80006155,Philiphines,A1618150101,"AQ MB Elite",Standard,2,34.77,0.2862,24.818826,0.3447,16.2637766778
2017-09-01,2018,80006155,Philiphines,A1618150101,"AQ MB Elite",Standard,2,34.77,0.3091,24.022593,0.3447,15.7420051929
2017-09-01,2018,80006155,Philiphines,A1618150101,"AQ MB Elite",Standard,2,34.77,0.2939,24.551097,0.3447,16.0883338641
2017-09-01,2019,80006155,Philiphines,A1618150101,"AQ MB Elite",Standard,2,29.98,0.2797,21.594594,0.3447,14.1509374482
2017-09-01,2019,80006155,Philiphines,A1618150101,"AQ MB Elite",Standard,2,29.98,0.2565,22.290130,0.3447,14.6067221890
2017-09-01,2019,80006155,Philiphines,A1618150101,"AQ MB Elite",Standard,2,29.98,0.2862,21.399724,0.3447,14.0232391372
2017-09-01,2019,80006155,Philiphines,A1618150101,"AQ MB Elite",Standard,2,29.98,0.3091,20.713182,0.3447,13.5733481646
2017-09-01,2019,80006155,Philiphines,A1618150101,"AQ MB Elite",Standard,2,29.98,0.2939,21.168878,0.3447,13.8719657534
2017-09-01,2020,80006155,Philiphines,A1618150101,"AQ MB Elite",Standard,2,37.08,0.2797,26.708724,0.3447,17.5022268372
2017-09-01,2020,80006155,Philiphines,A1618150101,"AQ MB Elite",Standard,2,37.08,0.2565,27.568980,0.3447,18.0659525940
2017-09-01,2020,80006155,Philiphines,A1618150101,"AQ MB Elite",Standard,2,37.08,0.2862,26.467704,0.3447,17.3442864312
2017-09-01,2020,80006155,Philiphines,A1618150101,"AQ MB Elite",Standard,2,37.08,0.3091,25.618572,0.3447,16.7878502316
2017-09-01,2020,80006155,Philiphines,A1618150101,"AQ MB Elite",Standard,2,37.08,0.2939,26.182188,0.3447,17.1571877964
2017-09-01,2021,80006155,Philiphines,A1618150101,"AQ MB Elite",Standard,2,39.30,0.2797,28.307790,0.3447,18.5500947870
2017-09-01,2021,80006155,Philiphines,A1618150101,"AQ MB Elite",Standard,2,39.30,0.2565,29.219550,0.3447,19.1475711150
2017-09-01,2021,80006155,Philiphines,A1618150101,"AQ MB Elite",Standard,2,39.30,0.2862,28.052340,0.3447,18.3826984020
2017-09-01,2021,80006155,Philiphines,A1618150101,"AQ MB Elite",Standard,2,39.30,0.3091,27.152370,0.3447,17.7929480610
2017-09-01,2021,80006155,Philiphines,A1618150101,"AQ MB Elite",Standard,2,39.30,0.2939,27.749730,0.3447,18.1843980690
2017-09-01,2018,80007195,"South Korea",A1618150101,"AQ MB Elite",Standard,2,34.77,0.2990,24.373770,0.3605,15.5870259150
2017-09-01,2018,80007195,"South Korea",A1618150101,"AQ MB Elite",Standard,2,34.77,0.2557,25.879311,0.3605,16.5498193845
2017-09-01,2018,80007195,"South Korea",A1618150101,"AQ MB Elite",Standard,2,34.77,0.2390,26.459970,0.3605,16.9211508150
2017-09-01,2018,80007195,"South Korea",A1618150101,"AQ MB Elite",Standard,2,34.77,0.2617,25.670691,0.3605,16.4164068945
2017-09-01,2018,80007195,"South Korea",A1618150101,"AQ MB Elite",Standard,2,34.77,0.2929,24.585867,0.3605,15.7226619465
2017-09-01,2019,80007195,"South Korea",A1618150101,"AQ MB Elite",Standard,2,29.98,0.2990,21.015980,0.3605,13.4397192100
2017-09-01,2019,80007195,"South Korea",A1618150101,"AQ MB Elite",Standard,2,29.98,0.2557,22.314114,0.3605,14.2698759030
2017-09-01,2019,80007195,"South Korea",A1618150101,"AQ MB Elite",Standard,2,29.98,0.2390,22.814780,0.3605,14.5900518100
2017-09-01,2019,80007195,"South Korea",A1618150101,"AQ MB Elite",Standard,2,29.98,0.2617,22.134234,0.3605,14.1548426430
2017-09-01,2019,80007195,"South Korea",A1618150101,"AQ MB Elite",Standard,2,29.98,0.2929,21.198858,0.3605,13.5566696910
2017-09-01,2020,80007195,"South Korea",A1618150101,"AQ MB Elite",Standard,2,37.08,0.2990,25.993080,0.3605,16.6225746600
2017-09-01,2020,80007195,"South Korea",A1618150101,"AQ MB Elite",Standard,2,37.08,0.2557,27.598644,0.3605,17.6493328380
2017-09-01,2020,80007195,"South Korea",A1618150101,"AQ MB Elite",Standard,2,37.08,0.2390,28.217880,0.3605,18.0453342600
2017-09-01,2020,80007195,"South Korea",A1618150101,"AQ MB Elite",Standard,2,37.08,0.2617,27.376164,0.3605,17.5070568780
2017-09-01,2020,80007195,"South Korea",A1618150101,"AQ MB Elite",Standard,2,37.08,0.2929,26.219268,0.3605,16.7672218860
2017-09-01,2021,80007195,"South Korea",A1618150101,"AQ MB Elite",Standard,2,39.30,0.2990,27.549300,0.3605,17.6177773500
2017-09-01,2021,80007195,"South Korea",A1618150101,"AQ MB Elite",Standard,2,39.30,0.2557,29.250990,0.3605,18.7060081050
2017-09-01,2021,80007195,"South Korea",A1618150101,"AQ MB Elite",Standard,2,39.30,0.2390,29.907300,0.3605,19.1257183500
2017-09-01,2021,80007195,"South Korea",A1618150101,"AQ MB Elite",Standard,2,39.30,0.2617,29.015190,0.3605,18.5552140050
2017-09-01,2021,80007195,"South Korea",A1618150101,"AQ MB Elite",Standard,2,39.30,0.2929,27.789030,0.3605,17.7710846850
2017-09-01,2018,90002001,India,A1618150101,"AQ MB Elite",Standard,2,34.77,0.2490,26.112270,0.3865,16.0198776450
2017-09-01,2018,90002001,India,A1618150101,"AQ MB Elite",Standard,2,34.77,0.2247,26.957181,0.3865,16.5382305435
2017-09-01,2018,90002001,India,A1618150101,"AQ MB Elite",Standard,2,34.77,0.1894,28.184562,0.3865,17.2912287870
2017-09-01,2018,90002001,India,A1618150101,"AQ MB Elite",Standard,2,34.77,0.2119,27.402237,0.3865,16.8112723995
2017-09-01,2018,90002001,India,A1618150101,"AQ MB Elite",Standard,2,34.77,0.1964,27.941172,0.3865,17.1419090220
2017-09-01,2019,90002001,India,A1618150101,"AQ MB Elite",Standard,2,29.98,0.2490,22.514980,0.3865,13.8129402300
2017-09-01,2019,90002001,India,A1618150101,"AQ MB Elite",Standard,2,29.98,0.2247,23.243494,0.3865,14.2598835690
2017-09-01,2019,90002001,India,A1618150101,"AQ MB Elite",Standard,2,29.98,0.1894,24.301788,0.3865,14.9091469380
2017-09-01,2019,90002001,India,A1618150101,"AQ MB Elite",Standard,2,29.98,0.2119,23.627238,0.3865,14.4953105130
2017-09-01,2019,90002001,India,A1618150101,"AQ MB Elite",Standard,2,29.98,0.1964,24.091928,0.3865,14.7803978280
2017-09-01,2020,90002001,India,A1618150101,"AQ MB Elite",Standard,2,37.08,0.2490,27.847080,0.3865,17.0841835800
2017-09-01,2020,90002001,India,A1618150101,"AQ MB Elite",Standard,2,37.08,0.2247,28.748124,0.3865,17.6369740740
2017-09-01,2020,90002001,India,A1618150101,"AQ MB Elite",Standard,2,37.08,0.1894,30.057048,0.3865,18.4399989480
2017-09-01,2020,90002001,India,A1618150101,"AQ MB Elite",Standard,2,37.08,0.2119,29.222748,0.3865,17.9281558980
2017-09-01,2020,90002001,India,A1618150101,"AQ MB Elite",Standard,2,37.08,0.1964,29.797488,0.3865,18.2807588880
2017-09-01,2021,90002001,India,A1618150101,"AQ MB Elite",Standard,2,39.30,0.2490,29.514300,0.3865,18.1070230500
2017-09-01,2021,90002001,India,A1618150101,"AQ MB Elite",Standard,2,39.30,0.2247,30.469290,0.3865,18.6929094150
2017-09-01,2021,90002001,India,A1618150101,"AQ MB Elite",Standard,2,39.30,0.1894,31.856580,0.3865,19.5440118300
2017-09-01,2021,90002001,India,A1618150101,"AQ MB Elite",Standard,2,39.30,0.2119,30.972330,0.3865,19.0015244550
2017-09-01,2021,90002001,India,A1618150101,"AQ MB Elite",Standard,2,39.30,0.1964,31.581480,0.3865,19.3752379800
2017-09-01,2018,90002002,India,A1618150101,"AQ MB Elite",Standard,2,34.77,0.2005,27.798615,0.4076,16.4678995260
2017-09-01,2018,90002002,India,A1618150101,"AQ MB Elite",Standard,2,34.77,0.1878,28.240194,0.4076,16.7294909256
2017-09-01,2018,90002002,India,A1618150101,"AQ MB Elite",Standard,2,34.77,0.1860,28.302780,0.4076,16.7665668720
2017-09-01,2018,90002002,India,A1618150101,"AQ MB Elite",Standard,2,34.77,0.3025,24.252075,0.4076,14.3669292300
2017-09-01,2018,90002002,India,A1618150101,"AQ MB Elite",Standard,2,34.77,0.1828,28.414044,0.4076,16.8324796656
2017-09-01,2019,90002002,India,A1618150101,"AQ MB Elite",Standard,2,29.98,0.2005,23.969010,0.4076,14.1992415240
2017-09-01,2019,90002002,India,A1618150101,"AQ MB Elite",Standard,2,29.98,0.1878,24.349756,0.4076,14.4247954544
2017-09-01,2019,90002002,India,A1618150101,"AQ MB Elite",Standard,2,29.98,0.1860,24.403720,0.4076,14.4567637280
2017-09-01,2019,90002002,India,A1618150101,"AQ MB Elite",Standard,2,29.98,0.3025,20.911050,0.4076,12.3877060200
2017-09-01,2019,90002002,India,A1618150101,"AQ MB Elite",Standard,2,29.98,0.1828,24.499656,0.4076,14.5135962144
2017-09-01,2020,90002002,India,A1618150101,"AQ MB Elite",Standard,2,37.08,0.2005,29.645460,0.4076,17.5619705040
2017-09-01,2020,90002002,India,A1618150101,"AQ MB Elite",Standard,2,37.08,0.1878,30.116376,0.4076,17.8409411424
2017-09-01,2020,90002002,India,A1618150101,"AQ MB Elite",Standard,2,37.08,0.1860,30.183120,0.4076,17.8804802880
2017-09-01,2020,90002002,India,A1618150101,"AQ MB Elite",Standard,2,37.08,0.3025,25.863300,0.4076,15.3214189200
2017-09-01,2020,90002002,India,A1618150101,"AQ MB Elite",Standard,2,37.08,0.1828,30.301776,0.4076,17.9507721024
2017-09-01,2021,90002002,India,A1618150101,"AQ MB Elite",Standard,2,39.30,0.2005,31.420350,0.4076,18.6134153400
2017-09-01,2021,90002002,India,A1618150101,"AQ MB Elite",Standard,2,39.30,0.1878,31.919460,0.4076,18.9090881040
2017-09-01,2021,90002002,India,A1618150101,"AQ MB Elite",Standard,2,39.30,0.1860,31.990200,0.4076,18.9509944800
2017-09-01,2021,90002002,India,A1618150101,"AQ MB Elite",Standard,2,39.30,0.3025,27.411750,0.4076,16.2387207000
2017-09-01,2021,90002002,India,A1618150101,"AQ MB Elite",Standard,2,39.30,0.1828,32.115960,0.4076,19.0254947040
2017-09-01,2018,90002003,India,A1618150101,"AQ MB Elite",Standard,4,69.54,0.2831,49.853226,0.3394,32.9330410956
2017-09-01,2018,90002003,India,A1618150101,"AQ MB Elite",Standard,4,69.54,0.2851,49.714146,0.3394,32.8411648476
2017-09-01,2018,90002003,India,A1618150101,"AQ MB Elite",Standard,4,69.54,0.2611,51.383106,0.3394,33.9436798236
2017-09-01,2018,90002003,India,A1618150101,"AQ MB Elite",Standard,4,69.54,0.3028,48.483288,0.3394,32.0280600528
2017-09-01,2018,90002003,India,A1618150101,"AQ MB Elite",Standard,4,69.54,0.2867,49.602882,0.3394,32.7676638492
2017-09-01,2019,90002003,India,A1618150101,"AQ MB Elite",Standard,4,59.95,0.2831,42.978155,0.3394,28.3913691930
2017-09-01,2019,90002003,India,A1618150101,"AQ MB Elite",Standard,4,59.95,0.2851,42.858255,0.3394,28.3121632530
2017-09-01,2019,90002003,India,A1618150101,"AQ MB Elite",Standard,4,59.95,0.2611,44.297055,0.3394,29.2626345330
2017-09-01,2019,90002003,India,A1618150101,"AQ MB Elite",Standard,4,59.95,0.3028,41.797140,0.3394,27.6111906840
2017-09-01,2019,90002003,India,A1618150101,"AQ MB Elite",Standard,4,59.95,0.2867,42.762335,0.3394,28.2487985010
2017-09-01,2020,90002003,India,A1618150101,"AQ MB Elite",Standard,4,74.15,0.2831,53.158135,0.3394,35.1162639810
2017-09-01,2020,90002003,India,A1618150101,"AQ MB Elite",Standard,4,74.15,0.2851,53.009835,0.3394,35.0182970010
2017-09-01,2020,90002003,India,A1618150101,"AQ MB Elite",Standard,4,74.15,0.2611,54.789435,0.3394,36.1939007610
2017-09-01,2020,90002003,India,A1618150101,"AQ MB Elite",Standard,4,74.15,0.3028,51.697380,0.3394,34.1512892280
2017-09-01,2020,90002003,India,A1618150101,"AQ MB Elite",Standard,4,74.15,0.2867,52.891195,0.3394,34.9399234170
2017-09-01,2021,90002003,India,A1618150101,"AQ MB Elite",Standard,4,78.59,0.2831,56.341171,0.3394,37.2189775626
2017-09-01,2021,90002003,India,A1618150101,"AQ MB Elite",Standard,4,78.59,0.2851,56.183991,0.3394,37.1151444546
2017-09-01,2021,90002003,India,A1618150101,"AQ MB Elite",Standard,4,78.59,0.2611,58.070151,0.3394,38.3611417506
2017-09-01,2021,90002003,India,A1618150101,"AQ MB Elite",Standard,4,78.59,0.3028,54.792948,0.3394,36.1962214488
2017-09-01,2021,90002003,India,A1618150101,"AQ MB Elite",Standard,4,78.59,0.2867,56.058247,0.3394,37.0320779682
2017-09-01,2018,90002005,India,A1618150101,"AQ MB Elite",Standard,4,69.54,0.2121,54.790566,0.3830,33.8057792220
2017-09-01,2018,90002005,India,A1618150101,"AQ MB Elite",Standard,4,69.54,0.2610,51.390060,0.3830,31.7076670200
2017-09-01,2018,90002005,India,A1618150101,"AQ MB Elite",Standard,4,69.54,0.2350,53.198100,0.3830,32.8232277000
2017-09-01,2018,90002005,India,A1618150101,"AQ MB Elite",Standard,4,69.54,0.2702,50.750292,0.3830,31.3129301640
2017-09-01,2018,90002005,India,A1618150101,"AQ MB Elite",Standard,4,69.54,0.2473,52.342758,0.3830,32.2954816860
2017-09-01,2019,90002005,India,A1618150101,"AQ MB Elite",Standard,4,59.95,0.2121,47.234605,0.3830,29.1437512850
2017-09-01,2019,90002005,India,A1618150101,"AQ MB Elite",Standard,4,59.95,0.2610,44.303050,0.3830,27.3349818500
2017-09-01,2019,90002005,India,A1618150101,"AQ MB Elite",Standard,4,59.95,0.2350,45.861750,0.3830,28.2966997500
2017-09-01,2019,90002005,India,A1618150101,"AQ MB Elite",Standard,4,59.95,0.2702,43.751510,0.3830,26.9946816700
2017-09-01,2019,90002005,India,A1618150101,"AQ MB Elite",Standard,4,59.95,0.2473,45.124365,0.3830,27.8417332050
2017-09-01,2020,90002005,India,A1618150101,"AQ MB Elite",Standard,4,74.15,0.2121,58.422785,0.3830,36.0468583450
2017-09-01,2020,90002005,India,A1618150101,"AQ MB Elite",Standard,4,74.15,0.2610,54.796850,0.3830,33.8096564500
2017-09-01,2020,90002005,India,A1618150101,"AQ MB Elite",Standard,4,74.15,0.2350,56.724750,0.3830,34.9991707500
2017-09-01,2020,90002005,India,A1618150101,"AQ MB Elite",Standard,4,74.15,0.2702,54.114670,0.3830,33.3887513900
2017-09-01,2020,90002005,India,A1618150101,"AQ MB Elite",Standard,4,74.15,0.2473,55.812705,0.3830,34.4364389850
2017-09-01,2021,90002005,India,A1618150101,"AQ MB Elite",Standard,4,78.59,0.2121,61.921061,0.3830,38.2052946370
2017-09-01,2021,90002005,India,A1618150101,"AQ MB Elite",Standard,4,78.59,0.2610,58.078010,0.3830,35.8341321700
2017-09-01,2021,90002005,India,A1618150101,"AQ MB Elite",Standard,4,78.59,0.2350,60.121350,0.3830,37.0948729500
2017-09-01,2021,90002005,India,A1618150101,"AQ MB Elite",Standard,4,78.59,0.2702,57.354982,0.3830,35.3880238940
2017-09-01,2021,90002005,India,A1618150101,"AQ MB Elite",Standard,4,78.59,0.2473,59.154693,0.3830,36.4984455810
2017-09-01,2018,90002006,India,A1618150101,"AQ MB Elite",Standard,4,69.54,0.2923,49.213458,0.3990,29.5772882580
2017-09-01,2018,90002006,India,A1618150101,"AQ MB Elite",Standard,4,69.54,0.2695,50.798970,0.3990,30.5301809700
2017-09-01,2018,90002006,India,A1618150101,"AQ MB Elite",Standard,4,69.54,0.2398,52.864308,0.3990,31.7714491080
2017-09-01,2018,90002006,India,A1618150101,"AQ MB Elite",Standard,4,69.54,0.3038,48.413748,0.3990,29.0966625480
2017-09-01,2018,90002006,India,A1618150101,"AQ MB Elite",Standard,4,69.54,0.2841,49.783686,0.3990,29.9199952860
2017-09-01,2019,90002006,India,A1618150101,"AQ MB Elite",Standard,4,59.95,0.2923,42.426615,0.3990,25.4983956150
2017-09-01,2019,90002006,India,A1618150101,"AQ MB Elite",Standard,4,59.95,0.2695,43.793475,0.3990,26.3198784750
2017-09-01,2019,90002006,India,A1618150101,"AQ MB Elite",Standard,4,59.95,0.2398,45.573990,0.3990,27.3899679900
2017-09-01,2019,90002006,India,A1618150101,"AQ MB Elite",Standard,4,59.95,0.3038,41.737190,0.3990,25.0840511900
2017-09-01,2019,90002006,India,A1618150101,"AQ MB Elite",Standard,4,59.95,0.2841,42.918205,0.3990,25.7938412050
2017-09-01,2020,90002006,India,A1618150101,"AQ MB Elite",Standard,4,74.15,0.2923,52.475955,0.3990,31.5380489550
2017-09-01,2020,90002006,India,A1618150101,"AQ MB Elite",Standard,4,74.15,0.2695,54.166575,0.3990,32.5541115750
2017-09-01,2020,90002006,India,A1618150101,"AQ MB Elite",Standard,4,74.15,0.2398,56.368830,0.3990,33.8776668300
2017-09-01,2020,90002006,India,A1618150101,"AQ MB Elite",Standard,4,74.15,0.3038,51.623230,0.3990,31.0255612300
2017-09-01,2020,90002006,India,A1618150101,"AQ MB Elite",Standard,4,74.15,0.2841,53.083985,0.3990,31.9034749850
2017-09-01,2021,90002006,India,A1618150101,"AQ MB Elite",Standard,4,78.59,0.2923,55.618143,0.3990,33.4265039430
2017-09-01,2021,90002006,India,A1618150101,"AQ MB Elite",Standard,4,78.59,0.2695,57.409995,0.3990,34.5034069950
2017-09-01,2021,90002006,India,A1618150101,"AQ MB Elite",Standard,4,78.59,0.2398,59.744118,0.3990,35.9062149180
2017-09-01,2021,90002006,India,A1618150101,"AQ MB Elite",Standard,4,78.59,0.3038,54.714358,0.3990,32.8833291580
2017-09-01,2021,90002006,India,A1618150101,"AQ MB Elite",Standard,4,78.59,0.2841,56.262581,0.3990,33.8138111810
2017-09-01,2018,90002007,India,A1618150101,"AQ MB Elite",Standard,2,34.77,0.2265,26.894595,0.4049,16.0049734845
2017-09-01,2018,90002007,India,A1618150101,"AQ MB Elite",Standard,2,34.77,0.3035,24.217305,0.4049,14.4117182055
2017-09-01,2018,90002007,India,A1618150101,"AQ MB Elite",Standard,2,34.77,0.2620,25.660260,0.4049,15.2704207260
2017-09-01,2018,90002007,India,A1618150101,"AQ MB Elite",Standard,2,34.77,0.2508,26.049684,0.4049,15.5021669484
2017-09-01,2018,90002007,India,A1618150101,"AQ MB Elite",Standard,2,34.77,0.2599,25.733277,0.4049,15.3138731427
2017-09-01,2019,90002007,India,A1618150101,"AQ MB Elite",Standard,2,29.98,0.2265,23.189530,0.4049,13.8000893030
2017-09-01,2019,90002007,India,A1618150101,"AQ MB Elite",Standard,2,29.98,0.3035,20.881070,0.4049,12.4263247570
2017-09-01,2019,90002007,India,A1618150101,"AQ MB Elite",Standard,2,29.98,0.2620,22.125240,0.4049,13.1667303240
2017-09-01,2019,90002007,India,A1618150101,"AQ MB Elite",Standard,2,29.98,0.2508,22.461016,0.4049,13.3665506216
2017-09-01,2019,90002007,India,A1618150101,"AQ MB Elite",Standard,2,29.98,0.2599,22.188198,0.4049,13.2041966298
2017-09-01,2020,90002007,India,A1618150101,"AQ MB Elite",Standard,2,37.08,0.2265,28.681380,0.4049,17.0682892380
2017-09-01,2020,90002007,India,A1618150101,"AQ MB Elite",Standard,2,37.08,0.3035,25.826220,0.4049,15.3691835220
2017-09-01,2020,90002007,India,A1618150101,"AQ MB Elite",Standard,2,37.08,0.2620,27.365040,0.4049,16.2849353040
2017-09-01,2020,90002007,India,A1618150101,"AQ MB Elite",Standard,2,37.08,0.2508,27.780336,0.4049,16.5320779536
2017-09-01,2020,90002007,India,A1618150101,"AQ MB Elite",Standard,2,37.08,0.2599,27.442908,0.4049,16.3312745508
2017-09-01,2021,90002007,India,A1618150101,"AQ MB Elite",Standard,2,39.30,0.2265,30.398550,0.4049,18.0901771050
2017-09-01,2021,90002007,India,A1618150101,"AQ MB Elite",Standard,2,39.30,0.3035,27.372450,0.4049,16.2893449950
2017-09-01,2021,90002007,India,A1618150101,"AQ MB Elite",Standard,2,39.30,0.2620,29.003400,0.4049,17.2599233400
2017-09-01,2021,90002007,India,A1618150101,"AQ MB Elite",Standard,2,39.30,0.2508,29.443560,0.4049,17.5218625560
2017-09-01,2021,90002007,India,A1618150101,"AQ MB Elite",Standard,2,39.30,0.2599,29.085930,0.4049,17.3090369430
2017-09-01,2018,90002009,India,A1618150101,"AQ MB Elite",Standard,4,69.54,0.2156,54.547176,0.3245,36.8466173880
2017-09-01,2018,90002009,India,A1618150101,"AQ MB Elite",Standard,4,69.54,0.2910,49.303860,0.3245,33.3047574300
2017-09-01,2018,90002009,India,A1618150101,"AQ MB Elite",Standard,4,69.54,0.2826,49.887996,0.3245,33.6993412980
2017-09-01,2018,90002009,India,A1618150101,"AQ MB Elite",Standard,4,69.54,0.3083,48.100818,0.3245,32.4921025590
2017-09-01,2018,90002009,India,A1618150101,"AQ MB Elite",Standard,4,69.54,0.1895,56.362170,0.3245,38.0726458350
2017-09-01,2019,90002009,India,A1618150101,"AQ MB Elite",Standard,4,59.95,0.2156,47.024780,0.3245,31.7652388900
2017-09-01,2019,90002009,India,A1618150101,"AQ MB Elite",Standard,4,59.95,0.2910,42.504550,0.3245,28.7118235250
2017-09-01,2019,90002009,India,A1618150101,"AQ MB Elite",Standard,4,59.95,0.2826,43.008130,0.3245,29.0519918150
2017-09-01,2019,90002009,India,A1618150101,"AQ MB Elite",Standard,4,59.95,0.3083,41.467415,0.3245,28.0112388325
2017-09-01,2019,90002009,India,A1618150101,"AQ MB Elite",Standard,4,59.95,0.1895,48.589475,0.3245,32.8221903625
2017-09-01,2020,90002009,India,A1618150101,"AQ MB Elite",Standard,4,74.15,0.2156,58.163260,0.3245,39.2892821300
2017-09-01,2020,90002009,India,A1618150101,"AQ MB Elite",Standard,4,74.15,0.2910,52.572350,0.3245,35.5126224250
2017-09-01,2020,90002009,India,A1618150101,"AQ MB Elite",Standard,4,74.15,0.2826,53.195210,0.3245,35.9333643550
2017-09-01,2020,90002009,India,A1618150101,"AQ MB Elite",Standard,4,74.15,0.3083,51.289555,0.3245,34.6460944025
2017-09-01,2020,90002009,India,A1618150101,"AQ MB Elite",Standard,4,74.15,0.1895,60.098575,0.3245,40.5965874125
2017-09-01,2021,90002009,India,A1618150101,"AQ MB Elite",Standard,4,78.59,0.2156,61.645996,0.3245,41.6418702980
2017-09-01,2021,90002009,India,A1618150101,"AQ MB Elite",Standard,4,78.59,0.2910,55.720310,0.3245,37.6390694050
2017-09-01,2021,90002009,India,A1618150101,"AQ MB Elite",Standard,4,78.59,0.2826,56.380466,0.3245,38.0850047830
2017-09-01,2021,90002009,India,A1618150101,"AQ MB Elite",Standard,4,78.59,0.3083,54.360703,0.3245,36.7206548765
2017-09-01,2021,90002009,India,A1618150101,"AQ MB Elite",Standard,4,78.59,0.1895,63.697195,0.3245,43.0274552225
2017-09-01,2018,90002010,India,A1618150101,"AQ MB Elite",Standard,3,52.15,0.2242,40.457970,0.3065,28.0576021950
2017-09-01,2018,90002010,India,A1618150101,"AQ MB Elite",Standard,3,52.15,0.1832,42.596120,0.3065,29.5404092200
2017-09-01,2018,90002010,India,A1618150101,"AQ MB Elite",Standard,3,52.15,0.2076,41.323660,0.3065,28.6579582100
2017-09-01,2018,90002010,India,A1618150101,"AQ MB Elite",Standard,3,52.15,0.2259,40.369315,0.3065,27.9961199525
2017-09-01,2018,90002010,India,A1618150101,"AQ MB Elite",Standard,3,52.15,0.2714,37.996490,0.3065,26.3505658150
2017-09-01,2019,90002010,India,A1618150101,"AQ MB Elite",Standard,3,44.96,0.2242,34.879968,0.3065,24.1892578080
2017-09-01,2019,90002010,India,A1618150101,"AQ MB Elite",Standard,3,44.96,0.1832,36.723328,0.3065,25.4676279680
2017-09-01,2019,90002010,India,A1618150101,"AQ MB Elite",Standard,3,44.96,0.2076,35.626304,0.3065,24.7068418240
2017-09-01,2019,90002010,India,A1618150101,"AQ MB Elite",Standard,3,44.96,0.2259,34.803536,0.3065,24.1362522160
2017-09-01,2019,90002010,India,A1618150101,"AQ MB Elite",Standard,3,44.96,0.2714,32.757856,0.3065,22.7175731360
2017-09-01,2020,90002010,India,A1618150101,"AQ MB Elite",Standard,3,55.61,0.2242,43.142238,0.3065,29.9191420530
2017-09-01,2020,90002010,India,A1618150101,"AQ MB Elite",Standard,3,55.61,0.1832,45.422248,0.3065,31.5003289880
2017-09-01,2020,90002010,India,A1618150101,"AQ MB Elite",Standard,3,55.61,0.2076,44.065364,0.3065,30.5593299340
2017-09-01,2020,90002010,India,A1618150101,"AQ MB Elite",Standard,3,55.61,0.2259,43.047701,0.3065,29.8535806435
2017-09-01,2020,90002010,India,A1618150101,"AQ MB Elite",Standard,3,55.61,0.2714,40.517446,0.3065,28.0988488010
2017-09-01,2021,90002010,India,A1618150101,"AQ MB Elite",Standard,3,58.95,0.2242,45.733410,0.3065,31.7161198350
2017-09-01,2021,90002010,India,A1618150101,"AQ MB Elite",Standard,3,58.95,0.1832,48.150360,0.3065,33.3922746600
2017-09-01,2021,90002010,India,A1618150101,"AQ MB Elite",Standard,3,58.95,0.2076,46.711980,0.3065,32.3947581300
2017-09-01,2021,90002010,India,A1618150101,"AQ MB Elite",Standard,3,58.95,0.2259,45.633195,0.3065,31.6466207325
2017-09-01,2021,90002010,India,A1618150101,"AQ MB Elite",Standard,3,58.95,0.2714,42.950970,0.3065,29.7864976950
2017-09-01,2018,90002011,India,A1618150101,"AQ MB Elite",Standard,2,34.77,0.2902,24.679746,0.4088,14.5906658352
2017-09-01,2018,90002011,India,A1618150101,"AQ MB Elite",Standard,2,34.77,0.3077,24.071271,0.4088,14.2309354152
2017-09-01,2018,90002011,India,A1618150101,"AQ MB Elite",Standard,2,34.77,0.2656,25.535088,0.4088,15.0963440256
2017-09-01,2018,90002011,India,A1618150101,"AQ MB Elite",Standard,2,34.77,0.2793,25.058739,0.4088,14.8147264968
2017-09-01,2018,90002011,India,A1618150101,"AQ MB Elite",Standard,2,34.77,0.1945,28.007235,0.4088,16.5578773320
2017-09-01,2019,90002011,India,A1618150101,"AQ MB Elite",Standard,2,29.98,0.2902,21.279804,0.4088,12.5806201248
2017-09-01,2019,90002011,India,A1618150101,"AQ MB Elite",Standard,2,29.98,0.3077,20.755154,0.4088,12.2704470448
2017-09-01,2019,90002011,India,A1618150101,"AQ MB Elite",Standard,2,29.98,0.2656,22.017312,0.4088,13.0166348544
2017-09-01,2019,90002011,India,A1618150101,"AQ MB Elite",Standard,2,29.98,0.2793,21.606586,0.4088,12.7738136432
2017-09-01,2019,90002011,India,A1618150101,"AQ MB Elite",Standard,2,29.98,0.1945,24.148890,0.4088,14.2768237680
2017-09-01,2020,90002011,India,A1618150101,"AQ MB Elite",Standard,2,37.08,0.2902,26.319384,0.4088,15.5600198208
2017-09-01,2020,90002011,India,A1618150101,"AQ MB Elite",Standard,2,37.08,0.3077,25.670484,0.4088,15.1763901408
2017-09-01,2020,90002011,India,A1618150101,"AQ MB Elite",Standard,2,37.08,0.2656,27.231552,0.4088,16.0992935424
2017-09-01,2020,90002011,India,A1618150101,"AQ MB Elite",Standard,2,37.08,0.2793,26.723556,0.4088,15.7989663072
2017-09-01,2020,90002011,India,A1618150101,"AQ MB Elite",Standard,2,37.08,0.1945,29.867940,0.4088,17.6579261280
2017-09-01,2021,90002011,India,A1618150101,"AQ MB Elite",Standard,2,39.30,0.2902,27.895140,0.4088,16.4916067680
2017-09-01,2021,90002011,India,A1618150101,"AQ MB Elite",Standard,2,39.30,0.3077,27.207390,0.4088,16.0850089680
2017-09-01,2021,90002011,India,A1618150101,"AQ MB Elite",Standard,2,39.30,0.2656,28.861920,0.4088,17.0631671040
2017-09-01,2021,90002011,India,A1618150101,"AQ MB Elite",Standard,2,39.30,0.2793,28.323510,0.4088,16.7448591120
2017-09-01,2021,90002011,India,A1618150101,"AQ MB Elite",Standard,2,39.30,0.1945,31.656150,0.4088,18.7151158800
2017-09-01,2018,90002013,India,A1618150101,"AQ MB Elite",Standard,1,17.38,0.2644,12.784728,0.3075,8.8534241400
2017-09-01,2018,90002013,India,A1618150101,"AQ MB Elite",Standard,1,17.38,0.2436,13.146232,0.3075,9.1037656600
2017-09-01,2018,90002013,India,A1618150101,"AQ MB Elite",Standard,1,17.38,0.2885,12.365870,0.3075,8.5633649750
2017-09-01,2018,90002013,India,A1618150101,"AQ MB Elite",Standard,1,17.38,0.2253,13.464286,0.3075,9.3240180550
2017-09-01,2018,90002013,India,A1618150101,"AQ MB Elite",Standard,1,17.38,0.2022,13.865764,0.3075,9.6020415700
2017-09-01,2019,90002013,India,A1618150101,"AQ MB Elite",Standard,1,14.99,0.2644,11.026644,0.3075,7.6359509700
2017-09-01,2019,90002013,India,A1618150101,"AQ MB Elite",Standard,1,14.99,0.2436,11.338436,0.3075,7.8518669300
2017-09-01,2019,90002013,India,A1618150101,"AQ MB Elite",Standard,1,14.99,0.2885,10.665385,0.3075,7.3857791125
2017-09-01,2019,90002013,India,A1618150101,"AQ MB Elite",Standard,1,14.99,0.2253,11.612753,0.3075,8.0418314525
2017-09-01,2019,90002013,India,A1618150101,"AQ MB Elite",Standard,1,14.99,0.2022,11.959022,0.3075,8.2816227350
2017-09-01,2020,90002013,India,A1618150101,"AQ MB Elite",Standard,1,18.54,0.2644,13.638024,0.3075,9.4443316200
2017-09-01,2020,90002013,India,A1618150101,"AQ MB Elite",Standard,1,18.54,0.2436,14.023656,0.3075,9.7113817800
2017-09-01,2020,90002013,India,A1618150101,"AQ MB Elite",Standard,1,18.54,0.2885,13.191210,0.3075,9.1349129250
2017-09-01,2020,90002013,India,A1618150101,"AQ MB Elite",Standard,1,18.54,0.2253,14.362938,0.3075,9.9463345650
2017-09-01,2020,90002013,India,A1618150101,"AQ MB Elite",Standard,1,18.54,0.2022,14.791212,0.3075,10.2429143100
2017-09-01,2021,90002013,India,A1618150101,"AQ MB Elite",Standard,1,19.65,0.2644,14.454540,0.3075,10.0097689500
2017-09-01,2021,90002013,India,A1618150101,"AQ MB Elite",Standard,1,19.65,0.2436,14.863260,0.3075,10.2928075500
2017-09-01,2021,90002013,India,A1618150101,"AQ MB Elite",Standard,1,19.65,0.2885,13.980975,0.3075,9.6818251875
2017-09-01,2021,90002013,India,A1618150101,"AQ MB Elite",Standard,1,19.65,0.2253,15.222855,0.3075,10.5418270875
2017-09-01,2021,90002013,India,A1618150101,"AQ MB Elite",Standard,1,19.65,0.2022,15.676770,0.3075,10.8561632250
2017-09-01,2018,90002014,India,A1618150101,"AQ MB Elite",Standard,5,86.92,0.2971,61.096068,0.3439,40.0851302148
2017-09-01,2018,90002014,India,A1618150101,"AQ MB Elite",Standard,5,86.92,0.2704,63.416832,0.3439,41.6077834752
2017-09-01,2018,90002014,India,A1618150101,"AQ MB Elite",Standard,5,86.92,0.2654,63.851432,0.3439,41.8929245352
2017-09-01,2018,90002014,India,A1618150101,"AQ MB Elite",Standard,5,86.92,0.2057,69.040556,0.3439,45.2975087916
2017-09-01,2018,90002014,India,A1618150101,"AQ MB Elite",Standard,5,86.92,0.2648,63.903584,0.3439,41.9271414624
2017-09-01,2019,90002014,India,A1618150101,"AQ MB Elite",Standard,5,74.94,0.2971,52.675326,0.3439,34.5602813886
2017-09-01,2019,90002014,India,A1618150101,"AQ MB Elite",Standard,5,74.94,0.2704,54.676224,0.3439,35.8730705664
2017-09-01,2019,90002014,India,A1618150101,"AQ MB Elite",Standard,5,74.94,0.2654,55.050924,0.3439,36.1189112364
2017-09-01,2019,90002014,India,A1618150101,"AQ MB Elite",Standard,5,74.94,0.2057,59.524842,0.3439,39.0542488362
2017-09-01,2019,90002014,India,A1618150101,"AQ MB Elite",Standard,5,74.94,0.2648,55.095888,0.3439,36.1484121168
2017-09-01,2020,90002014,India,A1618150101,"AQ MB Elite",Standard,5,92.69,0.2971,65.151801,0.3439,42.7460966361
2017-09-01,2020,90002014,India,A1618150101,"AQ MB Elite",Standard,5,92.69,0.2704,67.626624,0.3439,44.3698280064
2017-09-01,2020,90002014,India,A1618150101,"AQ MB Elite",Standard,5,92.69,0.2654,68.090074,0.3439,44.6738975514
2017-09-01,2020,90002014,India,A1618150101,"AQ MB Elite",Standard,5,92.69,0.2057,73.623667,0.3439,48.3044879187
2017-09-01,2020,90002014,India,A1618150101,"AQ MB Elite",Standard,5,92.69,0.2648,68.145688,0.3439,44.7103858968
2017-09-01,2021,90002014,India,A1618150101,"AQ MB Elite",Standard,5,98.24,0.2971,69.052896,0.3439,45.3056050656
2017-09-01,2021,90002014,India,A1618150101,"AQ MB Elite",Standard,5,98.24,0.2704,71.675904,0.3439,47.0265606144
2017-09-01,2021,90002014,India,A1618150101,"AQ MB Elite",Standard,5,98.24,0.2654,72.167104,0.3439,47.3488369344
2017-09-01,2021,90002014,India,A1618150101,"AQ MB Elite",Standard,5,98.24,0.2057,78.032032,0.3439,51.1968161952
2017-09-01,2021,90002014,India,A1618150101,"AQ MB Elite",Standard,5,98.24,0.2648,72.226048,0.3439,47.3875100928
2017-09-01,2018,90002015,India,A1618150101,"AQ MB Elite",Standard,5,86.92,0.2860,62.060880,0.3410,40.8981199200
2017-09-01,2018,90002015,India,A1618150101,"AQ MB Elite",Standard,5,86.92,0.2504,65.155232,0.3410,42.9372978880
2017-09-01,2018,90002015,India,A1618150101,"AQ MB Elite",Standard,5,86.92,0.2227,67.562916,0.3410,44.5239616440
2017-09-01,2018,90002015,India,A1618150101,"AQ MB Elite",Standard,5,86.92,0.2004,69.501232,0.3410,45.8013118880
2017-09-01,2018,90002015,India,A1618150101,"AQ MB Elite",Standard,5,86.92,0.2156,68.180048,0.3410,44.9306516320
2017-09-01,2019,90002015,India,A1618150101,"AQ MB Elite",Standard,5,74.94,0.2860,53.507160,0.3410,35.2612184400
2017-09-01,2019,90002015,India,A1618150101,"AQ MB Elite",Standard,5,74.94,0.2504,56.175024,0.3410,37.0193408160
2017-09-01,2019,90002015,India,A1618150101,"AQ MB Elite",Standard,5,74.94,0.2227,58.250862,0.3410,38.3873180580
2017-09-01,2019,90002015,India,A1618150101,"AQ MB Elite",Standard,5,74.94,0.2004,59.922024,0.3410,39.4886138160
2017-09-01,2019,90002015,India,A1618150101,"AQ MB Elite",Standard,5,74.94,0.2156,58.782936,0.3410,38.7379548240
2017-09-01,2020,90002015,India,A1618150101,"AQ MB Elite",Standard,5,92.69,0.2860,66.180660,0.3410,43.6130549400
2017-09-01,2020,90002015,India,A1618150101,"AQ MB Elite",Standard,5,92.69,0.2504,69.480424,0.3410,45.7875994160
2017-09-01,2020,90002015,India,A1618150101,"AQ MB Elite",Standard,5,92.69,0.2227,72.047937,0.3410,47.4795904830
2017-09-01,2020,90002015,India,A1618150101,"AQ MB Elite",Standard,5,92.69,0.2004,74.114924,0.3410,48.8417349160
2017-09-01,2020,90002015,India,A1618150101,"AQ MB Elite",Standard,5,92.69,0.2156,72.706036,0.3410,47.9132777240
2017-09-01,2021,90002015,India,A1618150101,"AQ MB Elite",Standard,5,98.24,0.2860,70.143360,0.3410,46.2244742400
2017-09-01,2021,90002015,India,A1618150101,"AQ MB Elite",Standard,5,98.24,0.2504,73.640704,0.3410,48.5292239360
2017-09-01,2021,90002015,India,A1618150101,"AQ MB Elite",Standard,5,98.24,0.2227,76.361952,0.3410,50.3225263680
2017-09-01,2021,90002015,India,A1618150101,"AQ MB Elite",Standard,5,98.24,0.2004,78.552704,0.3410,51.7662319360
2017-09-01,2021,90002015,India,A1618150101,"AQ MB Elite",Standard,5,98.24,0.2156,77.059456,0.3410,50.7821815040
2017-09-01,2018,90003179,Indonesia,A1618150101,"AQ MB Elite",Standard,1,17.38,0.2193,13.568566,0.2864,9.6825286976
2017-09-01,2018,90003179,Indonesia,A1618150101,"AQ MB Elite",Standard,1,17.38,0.2229,13.505998,0.2864,9.6378801728
2017-09-01,2018,90003179,Indonesia,A1618150101,"AQ MB Elite",Standard,1,17.38,0.2400,13.208800,0.2864,9.4257996800
2017-09-01,2018,90003179,Indonesia,A1618150101,"AQ MB Elite",Standard,1,17.38,0.2455,13.113210,0.2864,9.3575866560
2017-09-01,2018,90003179,Indonesia,A1618150101,"AQ MB Elite",Standard,1,17.38,0.2730,12.635260,0.2864,9.0165215360
2017-09-01,2019,90003179,Indonesia,A1618150101,"AQ MB Elite",Standard,1,14.99,0.2193,11.702693,0.2864,8.3510417248
2017-09-01,2019,90003179,Indonesia,A1618150101,"AQ MB Elite",Standard,1,14.99,0.2229,11.648729,0.2864,8.3125330144
2017-09-01,2019,90003179,Indonesia,A1618150101,"AQ MB Elite",Standard,1,14.99,0.2400,11.392400,0.2864,8.1296166400
2017-09-01,2019,90003179,Indonesia,A1618150101,"AQ MB Elite",Standard,1,14.99,0.2455,11.309955,0.2864,8.0707838880
2017-09-01,2019,90003179,Indonesia,A1618150101,"AQ MB Elite",Standard,1,14.99,0.2730,10.897730,0.2864,7.7766201280
2017-09-01,2020,90003179,Indonesia,A1618150101,"AQ MB Elite",Standard,1,18.54,0.2193,14.474178,0.2864,10.3287734208
2017-09-01,2020,90003179,Indonesia,A1618150101,"AQ MB Elite",Standard,1,18.54,0.2229,14.407434,0.2864,10.2811449024
2017-09-01,2020,90003179,Indonesia,A1618150101,"AQ MB Elite",Standard,1,18.54,0.2400,14.090400,0.2864,10.0549094400
2017-09-01,2020,90003179,Indonesia,A1618150101,"AQ MB Elite",Standard,1,18.54,0.2455,13.988430,0.2864,9.9821436480
2017-09-01,2020,90003179,Indonesia,A1618150101,"AQ MB Elite",Standard,1,18.54,0.2730,13.478580,0.2864,9.6183146880
2017-09-01,2021,90003179,Indonesia,A1618150101,"AQ MB Elite",Standard,1,19.65,0.2193,15.340755,0.2864,10.9471627680
2017-09-01,2021,90003179,Indonesia,A1618150101,"AQ MB Elite",Standard,1,19.65,0.2229,15.270015,0.2864,10.8966827040
2017-09-01,2021,90003179,Indonesia,A1618150101,"AQ MB Elite",Standard,1,19.65,0.2400,14.934000,0.2864,10.6569024000
2017-09-01,2021,90003179,Indonesia,A1618150101,"AQ MB Elite",Standard,1,19.65,0.2455,14.825925,0.2864,10.5797800800
2017-09-01,2021,90003179,Indonesia,A1618150101,"AQ MB Elite",Standard,1,19.65,0.2730,14.285550,0.2864,10.1941684800
2017-09-01,2018,90007197,"South Korea",A1618150101,"AQ MB Elite",Standard,3,52.15,0.2031,41.558335,0.3563,26.7511002395
2017-09-01,2018,90007197,"South Korea",A1618150101,"AQ MB Elite",Standard,3,52.15,0.1903,42.225855,0.3563,27.1807828635
2017-09-01,2018,90007197,"South Korea",A1618150101,"AQ MB Elite",Standard,3,52.15,0.2182,40.770870,0.3563,26.2442090190
2017-09-01,2018,90007197,"South Korea",A1618150101,"AQ MB Elite",Standard,3,52.15,0.2009,41.673065,0.3563,26.8249519405
2017-09-01,2018,90007197,"South Korea",A1618150101,"AQ MB Elite",Standard,3,52.15,0.2989,36.562365,0.3563,23.5351943505
2017-09-01,2019,90007197,"South Korea",A1618150101,"AQ MB Elite",Standard,3,44.96,0.2031,35.828624,0.3563,23.0628852688
2017-09-01,2019,90007197,"South Korea",A1618150101,"AQ MB Elite",Standard,3,44.96,0.1903,36.404112,0.3563,23.4333268944
2017-09-01,2019,90007197,"South Korea",A1618150101,"AQ MB Elite",Standard,3,44.96,0.2182,35.149728,0.3563,22.6258799136
2017-09-01,2019,90007197,"South Korea",A1618150101,"AQ MB Elite",Standard,3,44.96,0.2009,35.927536,0.3563,23.1265549232
2017-09-01,2019,90007197,"South Korea",A1618150101,"AQ MB Elite",Standard,3,44.96,0.2989,31.521456,0.3563,20.2903612272
2017-09-01,2020,90007197,"South Korea",A1618150101,"AQ MB Elite",Standard,3,55.61,0.2031,44.315609,0.3563,28.5259575133
2017-09-01,2020,90007197,"South Korea",A1618150101,"AQ MB Elite",Standard,3,55.61,0.1903,45.027417,0.3563,28.9841483229
2017-09-01,2020,90007197,"South Korea",A1618150101,"AQ MB Elite",Standard,3,55.61,0.2182,43.475898,0.3563,27.9854355426
2017-09-01,2020,90007197,"South Korea",A1618150101,"AQ MB Elite",Standard,3,55.61,0.2009,44.437951,0.3563,28.6047090587
2017-09-01,2020,90007197,"South Korea",A1618150101,"AQ MB Elite",Standard,3,55.61,0.2989,38.988171,0.3563,25.0966856727
2017-09-01,2021,90007197,"South Korea",A1618150101,"AQ MB Elite",Standard,3,58.95,0.2031,46.977255,0.3563,30.2392590435
2017-09-01,2021,90007197,"South Korea",A1618150101,"AQ MB Elite",Standard,3,58.95,0.1903,47.731815,0.3563,30.7249693155
2017-09-01,2021,90007197,"South Korea",A1618150101,"AQ MB Elite",Standard,3,58.95,0.2182,46.087110,0.3563,29.6662727070
2017-09-01,2021,90007197,"South Korea",A1618150101,"AQ MB Elite",Standard,3,58.95,0.2009,47.106945,0.3563,30.3227404965
2017-09-01,2021,90007197,"South Korea",A1618150101,"AQ MB Elite",Standard,3,58.95,0.2989,41.329845,0.3563,26.6040212265
2017-09-01,2018,90008165,Australia,A1618150101,"AQ MB Elite",Standard,1,17.38,0.2849,12.428438,0.3019,8.6762925678
2017-09-01,2018,90008165,Australia,A1618150101,"AQ MB Elite",Standard,1,17.38,0.2483,13.064546,0.3019,9.1203595626
2017-09-01,2018,90008165,Australia,A1618150101,"AQ MB Elite",Standard,1,17.38,0.2609,12.845558,0.3019,8.9674840398
2017-09-01,2018,90008165,Australia,A1618150101,"AQ MB Elite",Standard,1,17.38,0.2136,13.667632,0.3019,9.5413738992
2017-09-01,2018,90008165,Australia,A1618150101,"AQ MB Elite",Standard,1,17.38,0.2728,12.638736,0.3019,8.8231016016
2017-09-01,2019,90008165,Australia,A1618150101,"AQ MB Elite",Standard,1,14.99,0.2849,10.719349,0.3019,7.4831775369
2017-09-01,2019,90008165,Australia,A1618150101,"AQ MB Elite",Standard,1,14.99,0.2483,11.267983,0.3019,7.8661789323
2017-09-01,2019,90008165,Australia,A1618150101,"AQ MB Elite",Standard,1,14.99,0.2609,11.079109,0.3019,7.7343259929
2017-09-01,2019,90008165,Australia,A1618150101,"AQ MB Elite",Standard,1,14.99,0.2136,11.788136,0.3019,8.2292977416
2017-09-01,2019,90008165,Australia,A1618150101,"AQ MB Elite",Standard,1,14.99,0.2728,10.900728,0.3019,7.6097982168
2017-09-01,2020,90008165,Australia,A1618150101,"AQ MB Elite",Standard,1,18.54,0.2849,13.257954,0.3019,9.2553776874
2017-09-01,2020,90008165,Australia,A1618150101,"AQ MB Elite",Standard,1,18.54,0.2483,13.936518,0.3019,9.7290832158
2017-09-01,2020,90008165,Australia,A1618150101,"AQ MB Elite",Standard,1,18.54,0.2609,13.702914,0.3019,9.5660042634
2017-09-01,2020,90008165,Australia,A1618150101,"AQ MB Elite",Standard,1,18.54,0.2136,14.579856,0.3019,10.1781974736
2017-09-01,2020,90008165,Australia,A1618150101,"AQ MB Elite",Standard,1,18.54,0.2728,13.482288,0.3019,9.4119852528
2017-09-01,2021,90008165,Australia,A1618150101,"AQ MB Elite",Standard,1,19.65,0.2849,14.051715,0.3019,9.8095022415
2017-09-01,2021,90008165,Australia,A1618150101,"AQ MB Elite",Standard,1,19.65,0.2483,14.770905,0.3019,10.3115687805
2017-09-01,2021,90008165,Australia,A1618150101,"AQ MB Elite",Standard,1,19.65,0.2609,14.523315,0.3019,10.1387262015
2017-09-01,2021,90008165,Australia,A1618150101,"AQ MB Elite",Standard,1,19.65,0.2136,15.452760,0.3019,10.7875717560
2017-09-01,2021,90008165,Australia,A1618150101,"AQ MB Elite",Standard,1,19.65,0.2728,14.289480,0.3019,9.9754859880
2017-09-01,2018,90008166,Australia,A1618150101,"AQ MB Elite",Standard,1,17.38,0.2884,12.367608,0.3133,8.4928364136
2017-09-01,2018,90008166,Australia,A1618150101,"AQ MB Elite",Standard,1,17.38,0.2281,13.415622,0.3133,9.2125076274
2017-09-01,2018,90008166,Australia,A1618150101,"AQ MB Elite",Standard,1,17.38,0.1987,13.926594,0.3133,9.5633920998
2017-09-01,2018,90008166,Australia,A1618150101,"AQ MB Elite",Standard,1,17.38,0.3063,12.056506,0.3133,8.2792026702
2017-09-01,2018,90008166,Australia,A1618150101,"AQ MB Elite",Standard,1,17.38,0.2636,12.798632,0.3133,8.7888205944
2017-09-01,2019,90008166,Australia,A1618150101,"AQ MB Elite",Standard,1,14.99,0.2884,10.666884,0.3133,7.3249492428
2017-09-01,2019,90008166,Australia,A1618150101,"AQ MB Elite",Standard,1,14.99,0.2281,11.570781,0.3133,7.9456553127
2017-09-01,2019,90008166,Australia,A1618150101,"AQ MB Elite",Standard,1,14.99,0.1987,12.011487,0.3133,8.2482881229
2017-09-01,2019,90008166,Australia,A1618150101,"AQ MB Elite",Standard,1,14.99,0.3063,10.398563,0.3133,7.1406932121
2017-09-01,2019,90008166,Australia,A1618150101,"AQ MB Elite",Standard,1,14.99,0.2636,11.038636,0.3133,7.5802313412
2017-09-01,2020,90008166,Australia,A1618150101,"AQ MB Elite",Standard,1,18.54,0.2884,13.193064,0.3133,9.0596770488
2017-09-01,2020,90008166,Australia,A1618150101,"AQ MB Elite",Standard,1,18.54,0.2281,14.311026,0.3133,9.8273815542
2017-09-01,2020,90008166,Australia,A1618150101,"AQ MB Elite",Standard,1,18.54,0.1987,14.856102,0.3133,10.2016852434
2017-09-01,2020,90008166,Australia,A1618150101,"AQ MB Elite",Standard,1,18.54,0.3063,12.861198,0.3133,8.8317846666
2017-09-01,2020,90008166,Australia,A1618150101,"AQ MB Elite",Standard,1,18.54,0.2636,13.652856,0.3133,9.3754162152
2017-09-01,2021,90008166,Australia,A1618150101,"AQ MB Elite",Standard,1,19.65,0.2884,13.982940,0.3133,9.6020848980
2017-09-01,2021,90008166,Australia,A1618150101,"AQ MB Elite",Standard,1,19.65,0.2281,15.167835,0.3133,10.4157522945
2017-09-01,2021,90008166,Australia,A1618150101,"AQ MB Elite",Standard,1,19.65,0.1987,15.745545,0.3133,10.8124657515
2017-09-01,2021,90008166,Australia,A1618150101,"AQ MB Elite",Standard,1,19.65,0.3063,13.631205,0.3133,9.3605484735
2017-09-01,2021,90008166,Australia,A1618150101,"AQ MB Elite",Standard,1,19.65,0.2636,14.470260,0.3133,9.9367275420
2017-09-01,2018,90011187,France,A1618150101,"AQ MB Elite",Standard,1,17.38,0.2924,12.298088,0.2193,9.6011173016
2017-09-01,2018,90011187,France,A1618150101,"AQ MB Elite",Standard,1,17.38,0.2887,12.362394,0.2193,9.6513209958
2017-09-01,2018,90011187,France,A1618150101,"AQ MB Elite",Standard,1,17.38,0.2644,12.784728,0.2193,9.9810371496
2017-09-01,2018,90011187,France,A1618150101,"AQ MB Elite",Standard,1,17.38,0.2899,12.341538,0.2193,9.6350387166
2017-09-01,2018,90011187,France,A1618150101,"AQ MB Elite",Standard,1,17.38,0.1810,14.234220,0.2193,11.1126555540
2017-09-01,2019,90011187,France,A1618150101,"AQ MB Elite",Standard,1,14.99,0.2924,10.606924,0.2193,8.2808255668
2017-09-01,2019,90011187,France,A1618150101,"AQ MB Elite",Standard,1,14.99,0.2887,10.662387,0.2193,8.3241255309
2017-09-01,2019,90011187,France,A1618150101,"AQ MB Elite",Standard,1,14.99,0.2644,11.026644,0.2193,8.6085009708
2017-09-01,2019,90011187,France,A1618150101,"AQ MB Elite",Standard,1,14.99,0.2899,10.644399,0.2193,8.3100822993
2017-09-01,2019,90011187,France,A1618150101,"AQ MB Elite",Standard,1,14.99,0.1810,12.276810,0.2193,9.5845055670
2017-09-01,2020,90011187,France,A1618150101,"AQ MB Elite",Standard,1,18.54,0.2924,13.118904,0.2193,10.2419283528
2017-09-01,2020,90011187,France,A1618150101,"AQ MB Elite",Standard,1,18.54,0.2887,13.187502,0.2193,10.2954828114
2017-09-01,2020,90011187,France,A1618150101,"AQ MB Elite",Standard,1,18.54,0.2644,13.638024,0.2193,10.6472053368
2017-09-01,2020,90011187,France,A1618150101,"AQ MB Elite",Standard,1,18.54,0.2899,13.165254,0.2193,10.2781137978
2017-09-01,2020,90011187,France,A1618150101,"AQ MB Elite",Standard,1,18.54,0.1810,15.184260,0.2193,11.8543517820
2017-09-01,2021,90011187,France,A1618150101,"AQ MB Elite",Standard,1,19.65,0.2924,13.904340,0.2193,10.8551182380
2017-09-01,2021,90011187,France,A1618150101,"AQ MB Elite",Standard,1,19.65,0.2887,13.977045,0.2193,10.9118790315
2017-09-01,2021,90011187,France,A1618150101,"AQ MB Elite",Standard,1,19.65,0.2644,14.454540,0.2193,11.2846593780
2017-09-01,2021,90011187,France,A1618150101,"AQ MB Elite",Standard,1,19.65,0.2899,13.953465,0.2193,10.8934701255
2017-09-01,2021,90011187,France,A1618150101,"AQ MB Elite",Standard,1,19.65,0.1810,16.093350,0.2193,12.5640783450
2017-09-01,2018,90011190,France,A1618150101,"AQ MB Elite",Standard,1,17.38,0.2717,12.657854,0.2946,8.9288502116
2017-09-01,2018,90011190,France,A1618150101,"AQ MB Elite",Standard,1,17.38,0.3038,12.099956,0.2946,8.5353089624
2017-09-01,2018,90011190,France,A1618150101,"AQ MB Elite",Standard,1,17.38,0.1928,14.029136,0.2946,9.8961525344
2017-09-01,2018,90011190,France,A1618150101,"AQ MB Elite",Standard,1,17.38,0.1829,14.201198,0.2946,10.0175250692
2017-09-01,2018,90011190,France,A1618150101,"AQ MB Elite",Standard,1,17.38,0.2799,12.515338,0.2946,8.8283194252
2017-09-01,2019,90011190,France,A1618150101,"AQ MB Elite",Standard,1,14.99,0.2717,10.917217,0.2946,7.7010048718
2017-09-01,2019,90011190,France,A1618150101,"AQ MB Elite",Standard,1,14.99,0.3038,10.436038,0.2946,7.3615812052
2017-09-01,2019,90011190,France,A1618150101,"AQ MB Elite",Standard,1,14.99,0.1928,12.099928,0.2946,8.5352892112
2017-09-01,2019,90011190,France,A1618150101,"AQ MB Elite",Standard,1,14.99,0.1829,12.248329,0.2946,8.6399712766
2017-09-01,2019,90011190,France,A1618150101,"AQ MB Elite",Standard,1,14.99,0.2799,10.794299,0.2946,7.6142985146
2017-09-01,2020,90011190,France,A1618150101,"AQ MB Elite",Standard,1,18.54,0.2717,13.502682,0.2946,9.5247918828
2017-09-01,2020,90011190,France,A1618150101,"AQ MB Elite",Standard,1,18.54,0.3038,12.907548,0.2946,9.1049843592
2017-09-01,2020,90011190,France,A1618150101,"AQ MB Elite",Standard,1,18.54,0.1928,14.965488,0.2946,10.5566552352
2017-09-01,2020,90011190,France,A1618150101,"AQ MB Elite",Standard,1,18.54,0.1829,15.149034,0.2946,10.6861285836
2017-09-01,2020,90011190,France,A1618150101,"AQ MB Elite",Standard,1,18.54,0.2799,13.350654,0.2946,9.4175513316
2017-09-01,2021,90011190,France,A1618150101,"AQ MB Elite",Standard,1,19.65,0.2717,14.311095,0.2946,10.0950464130
2017-09-01,2021,90011190,France,A1618150101,"AQ MB Elite",Standard,1,19.65,0.3038,13.680330,0.2946,9.6501047820
2017-09-01,2021,90011190,France,A1618150101,"AQ MB Elite",Standard,1,19.65,0.1928,15.861480,0.2946,11.1886879920
2017-09-01,2021,90011190,France,A1618150101,"AQ MB Elite",Standard,1,19.65,0.1829,16.056015,0.2946,11.3259129810
2017-09-01,2021,90011190,France,A1618150101,"AQ MB Elite",Standard,1,19.65,0.2799,14.149965,0.2946,9.9813853110
2017-09-01,2018,90022071,USA,A1618150101,"AQ MB Elite",Standard,2,34.77,0.1906,28.142838,0.2367,21.4814282454
2017-09-01,2018,90022071,USA,A1618150101,"AQ MB Elite",Standard,2,34.77,0.2734,25.263882,0.2367,19.2839211306
2017-09-01,2018,90022071,USA,A1618150101,"AQ MB Elite",Standard,2,34.77,0.2674,25.472502,0.2367,19.4431607766
2017-09-01,2018,90022071,USA,A1618150101,"AQ MB Elite",Standard,2,34.77,0.2257,26.922411,0.2367,20.5498763163
2017-09-01,2018,90022071,USA,A1618150101,"AQ MB Elite",Standard,2,34.77,0.1944,28.010712,0.2367,21.3805764696
2017-09-01,2019,90022071,USA,A1618150101,"AQ MB Elite",Standard,2,29.98,0.1906,24.265812,0.2367,18.5220942996
2017-09-01,2019,90022071,USA,A1618150101,"AQ MB Elite",Standard,2,29.98,0.2734,21.783468,0.2367,16.6273211244
2017-09-01,2019,90022071,USA,A1618150101,"AQ MB Elite",Standard,2,29.98,0.2674,21.963348,0.2367,16.7646235284
2017-09-01,2019,90022071,USA,A1618150101,"AQ MB Elite",Standard,2,29.98,0.2257,23.213514,0.2367,17.7188752362
2017-09-01,2019,90022071,USA,A1618150101,"AQ MB Elite",Standard,2,29.98,0.1944,24.151888,0.2367,18.4351361104
2017-09-01,2020,90022071,USA,A1618150101,"AQ MB Elite",Standard,2,37.08,0.1906,30.012552,0.2367,22.9085809416
2017-09-01,2020,90022071,USA,A1618150101,"AQ MB Elite",Standard,2,37.08,0.2734,26.942328,0.2367,20.5650789624
2017-09-01,2020,90022071,USA,A1618150101,"AQ MB Elite",Standard,2,37.08,0.2674,27.164808,0.2367,20.7348979464
2017-09-01,2020,90022071,USA,A1618150101,"AQ MB Elite",Standard,2,37.08,0.2257,28.711044,0.2367,21.9151398852
2017-09-01,2020,90022071,USA,A1618150101,"AQ MB Elite",Standard,2,37.08,0.1944,29.871648,0.2367,22.8010289184
2017-09-01,2021,90022071,USA,A1618150101,"AQ MB Elite",Standard,2,39.30,0.1906,31.809420,0.2367,24.2801302860
2017-09-01,2021,90022071,USA,A1618150101,"AQ MB Elite",Standard,2,39.30,0.2734,28.555380,0.2367,21.7963215540
2017-09-01,2021,90022071,USA,A1618150101,"AQ MB Elite",Standard,2,39.30,0.2674,28.791180,0.2367,21.9763076940
2017-09-01,2021,90022071,USA,A1618150101,"AQ MB Elite",Standard,2,39.30,0.2257,30.429990,0.2367,23.2272113670
2017-09-01,2021,90022071,USA,A1618150101,"AQ MB Elite",Standard,2,39.30,0.1944,31.660080,0.2367,24.1661390640
2017-09-01,2018,90022073,USA,A1618150101,"AQ MB Elite",Standard,1,17.38,0.2834,12.454508,0.2605,9.2101086660
2017-09-01,2018,90022073,USA,A1618150101,"AQ MB Elite",Standard,1,17.38,0.2450,13.121900,0.2605,9.7036450500
2017-09-01,2018,90022073,USA,A1618150101,"AQ MB Elite",Standard,1,17.38,0.1966,13.963092,0.2605,10.3257065340
2017-09-01,2018,90022073,USA,A1618150101,"AQ MB Elite",Standard,1,17.38,0.1953,13.985686,0.2605,10.3424147970
2017-09-01,2018,90022073,USA,A1618150101,"AQ MB Elite",Standard,1,17.38,0.2118,13.698916,0.2605,10.1303483820
2017-09-01,2019,90022073,USA,A1618150101,"AQ MB Elite",Standard,1,14.99,0.2834,10.741834,0.2605,7.9435862430
2017-09-01,2019,90022073,USA,A1618150101,"AQ MB Elite",Standard,1,14.99,0.2450,11.317450,0.2605,8.3692542750
2017-09-01,2019,90022073,USA,A1618150101,"AQ MB Elite",Standard,1,14.99,0.1966,12.042966,0.2605,8.9057733570
2017-09-01,2019,90022073,USA,A1618150101,"AQ MB Elite",Standard,1,14.99,0.1953,12.062453,0.2605,8.9201839935
2017-09-01,2019,90022073,USA,A1618150101,"AQ MB Elite",Standard,1,14.99,0.2118,11.815118,0.2605,8.7372797610
2017-09-01,2020,90022073,USA,A1618150101,"AQ MB Elite",Standard,1,18.54,0.2834,13.285764,0.2605,9.8248224780
2017-09-01,2020,90022073,USA,A1618150101,"AQ MB Elite",Standard,1,18.54,0.2450,13.997700,0.2605,10.3512991500
2017-09-01,2020,90022073,USA,A1618150101,"AQ MB Elite",Standard,1,18.54,0.1966,14.895036,0.2605,11.0148791220
2017-09-01,2020,90022073,USA,A1618150101,"AQ MB Elite",Standard,1,18.54,0.1953,14.919138,0.2605,11.0327025510
2017-09-01,2020,90022073,USA,A1618150101,"AQ MB Elite",Standard,1,18.54,0.2118,14.613228,0.2605,10.8064821060
2017-09-01,2021,90022073,USA,A1618150101,"AQ MB Elite",Standard,1,19.65,0.2834,14.081190,0.2605,10.4130400050
2017-09-01,2021,90022073,USA,A1618150101,"AQ MB Elite",Standard,1,19.65,0.2450,14.835750,0.2605,10.9710371250
2017-09-01,2021,90022073,USA,A1618150101,"AQ MB Elite",Standard,1,19.65,0.1966,15.786810,0.2605,11.6743459950
2017-09-01,2021,90022073,USA,A1618150101,"AQ MB Elite",Standard,1,19.65,0.1953,15.812355,0.2605,11.6932365225
2017-09-01,2021,90022073,USA,A1618150101,"AQ MB Elite",Standard,1,19.65,0.2118,15.488130,0.2605,11.4534721350
2017-09-01,2018,90022074,USA,A1618150101,"AQ MB Elite",Standard,3,52.15,0.2709,38.022565,0.2457,28.6804207795
2017-09-01,2018,90022074,USA,A1618150101,"AQ MB Elite",Standard,3,52.15,0.2914,36.953490,0.2457,27.8740175070
2017-09-01,2018,90022074,USA,A1618150101,"AQ MB Elite",Standard,3,52.15,0.2051,41.454035,0.2457,31.2687786005
2017-09-01,2018,90022074,USA,A1618150101,"AQ MB Elite",Standard,3,52.15,0.2408,39.592280,0.2457,29.8644568040
2017-09-01,2018,90022074,USA,A1618150101,"AQ MB Elite",Standard,3,52.15,0.2290,40.207650,0.2457,30.3286303950
2017-09-01,2019,90022074,USA,A1618150101,"AQ MB Elite",Standard,3,44.96,0.2709,32.780336,0.2457,24.7262074448
2017-09-01,2019,90022074,USA,A1618150101,"AQ MB Elite",Standard,3,44.96,0.2914,31.858656,0.2457,24.0309842208
2017-09-01,2019,90022074,USA,A1618150101,"AQ MB Elite",Standard,3,44.96,0.2051,35.738704,0.2457,26.9577044272
2017-09-01,2019,90022074,USA,A1618150101,"AQ MB Elite",Standard,3,44.96,0.2408,34.133632,0.2457,25.7469986176
2017-09-01,2019,90022074,USA,A1618150101,"AQ MB Elite",Standard,3,44.96,0.2290,34.664160,0.2457,26.1471758880
2017-09-01,2020,90022074,USA,A1618150101,"AQ MB Elite",Standard,3,55.61,0.2709,40.545251,0.2457,30.5832828293
2017-09-01,2020,90022074,USA,A1618150101,"AQ MB Elite",Standard,3,55.61,0.2914,39.405246,0.2457,29.7233770578
2017-09-01,2020,90022074,USA,A1618150101,"AQ MB Elite",Standard,3,55.61,0.2051,44.204389,0.2457,33.3433706227
2017-09-01,2020,90022074,USA,A1618150101,"AQ MB Elite",Standard,3,55.61,0.2408,42.219112,0.2457,31.8458761816
2017-09-01,2020,90022074,USA,A1618150101,"AQ MB Elite",Standard,3,55.61,0.2290,42.875310,0.2457,32.3408463330
2017-09-01,2021,90022074,USA,A1618150101,"AQ MB Elite",Standard,3,58.95,0.2709,42.980445,0.2457,32.4201496635
2017-09-01,2021,90022074,USA,A1618150101,"AQ MB Elite",Standard,3,58.95,0.2914,41.771970,0.2457,31.5085969710
2017-09-01,2021,90022074,USA,A1618150101,"AQ MB Elite",Standard,3,58.95,0.2051,46.859355,0.2457,35.3460114765
2017-09-01,2021,90022074,USA,A1618150101,"AQ MB Elite",Standard,3,58.95,0.2408,44.754840,0.2457,33.7585758120
2017-09-01,2021,90022074,USA,A1618150101,"AQ MB Elite",Standard,3,58.95,0.2290,45.450450,0.2457,34.2832744350
2017-09-01,2018,90022075,USA,A1618150101,"AQ MB Elite",Standard,1,17.38,0.2553,12.942886,0.2962,9.1092031668
2017-09-01,2018,90022075,USA,A1618150101,"AQ MB Elite",Standard,1,17.38,0.2563,12.925506,0.2962,9.0969711228
2017-09-01,2018,90022075,USA,A1618150101,"AQ MB Elite",Standard,1,17.38,0.2293,13.394766,0.2962,9.4272363108
2017-09-01,2018,90022075,USA,A1618150101,"AQ MB Elite",Standard,1,17.38,0.2375,13.252250,0.2962,9.3269335500
2017-09-01,2018,90022075,USA,A1618150101,"AQ MB Elite",Standard,1,17.38,0.2158,13.629396,0.2962,9.5923689048
2017-09-01,2019,90022075,USA,A1618150101,"AQ MB Elite",Standard,1,14.99,0.2553,11.163053,0.2962,7.8565567014
2017-09-01,2019,90022075,USA,A1618150101,"AQ MB Elite",Standard,1,14.99,0.2563,11.148063,0.2962,7.8460067394
2017-09-01,2019,90022075,USA,A1618150101,"AQ MB Elite",Standard,1,14.99,0.2293,11.552793,0.2962,8.1308557134
2017-09-01,2019,90022075,USA,A1618150101,"AQ MB Elite",Standard,1,14.99,0.2375,11.429875,0.2962,8.0443460250
2017-09-01,2019,90022075,USA,A1618150101,"AQ MB Elite",Standard,1,14.99,0.2158,11.755158,0.2962,8.2732802004
2017-09-01,2020,90022075,USA,A1618150101,"AQ MB Elite",Standard,1,18.54,0.2553,13.806738,0.2962,9.7171822044
2017-09-01,2020,90022075,USA,A1618150101,"AQ MB Elite",Standard,1,18.54,0.2563,13.788198,0.2962,9.7041337524
2017-09-01,2020,90022075,USA,A1618150101,"AQ MB Elite",Standard,1,18.54,0.2293,14.288778,0.2962,10.0564419564
2017-09-01,2020,90022075,USA,A1618150101,"AQ MB Elite",Standard,1,18.54,0.2375,14.136750,0.2962,9.9494446500
2017-09-01,2020,90022075,USA,A1618150101,"AQ MB Elite",Standard,1,18.54,0.2158,14.539068,0.2962,10.2325960584
2017-09-01,2021,90022075,USA,A1618150101,"AQ MB Elite",Standard,1,19.65,0.2553,14.633355,0.2962,10.2989552490
2017-09-01,2021,90022075,USA,A1618150101,"AQ MB Elite",Standard,1,19.65,0.2563,14.613705,0.2962,10.2851255790
2017-09-01,2021,90022075,USA,A1618150101,"AQ MB Elite",Standard,1,19.65,0.2293,15.144255,0.2962,10.6585266690
2017-09-01,2021,90022075,USA,A1618150101,"AQ MB Elite",Standard,1,19.65,0.2375,14.983125,0.2962,10.5451233750
2017-09-01,2021,90022075,USA,A1618150101,"AQ MB Elite",Standard,1,19.65,0.2158,15.409530,0.2962,10.8452272140
2017-09-01,2018,90022077,USA,A1618150101,"AQ MB Elite",Standard,2,34.77,0.2394,26.446062,0.2589,19.5991765482
2017-09-01,2018,90022077,USA,A1618150101,"AQ MB Elite",Standard,2,34.77,0.2502,26.070546,0.2589,19.3208816406
2017-09-01,2018,90022077,USA,A1618150101,"AQ MB Elite",Standard,2,34.77,0.2448,26.258304,0.2589,19.4600290944
2017-09-01,2018,90022077,USA,A1618150101,"AQ MB Elite",Standard,2,34.77,0.3028,24.241644,0.2589,17.9654823684
2017-09-01,2018,90022077,USA,A1618150101,"AQ MB Elite",Standard,2,34.77,0.2383,26.484309,0.2589,19.6275213999
2017-09-01,2019,90022077,USA,A1618150101,"AQ MB Elite",Standard,2,29.98,0.2394,22.802788,0.2589,16.8991461868
2017-09-01,2019,90022077,USA,A1618150101,"AQ MB Elite",Standard,2,29.98,0.2502,22.479004,0.2589,16.6591898644
2017-09-01,2019,90022077,USA,A1618150101,"AQ MB Elite",Standard,2,29.98,0.2448,22.640896,0.2589,16.7791680256
2017-09-01,2019,90022077,USA,A1618150101,"AQ MB Elite",Standard,2,29.98,0.3028,20.902056,0.2589,15.4905137016
2017-09-01,2019,90022077,USA,A1618150101,"AQ MB Elite",Standard,2,29.98,0.2383,22.835766,0.2589,16.9235861826
2017-09-01,2020,90022077,USA,A1618150101,"AQ MB Elite",Standard,2,37.08,0.2394,28.203048,0.2589,20.9012788728
2017-09-01,2020,90022077,USA,A1618150101,"AQ MB Elite",Standard,2,37.08,0.2502,27.802584,0.2589,20.6044950024
2017-09-01,2020,90022077,USA,A1618150101,"AQ MB Elite",Standard,2,37.08,0.2448,28.002816,0.2589,20.7528869376
2017-09-01,2020,90022077,USA,A1618150101,"AQ MB Elite",Standard,2,37.08,0.3028,25.852176,0.2589,19.1590476336
2017-09-01,2020,90022077,USA,A1618150101,"AQ MB Elite",Standard,2,37.08,0.2383,28.243836,0.2589,20.9315068596
2017-09-01,2021,90022077,USA,A1618150101,"AQ MB Elite",Standard,2,39.30,0.2394,29.891580,0.2589,22.1526499380
2017-09-01,2021,90022077,USA,A1618150101,"AQ MB Elite",Standard,2,39.30,0.2502,29.467140,0.2589,21.8380974540
2017-09-01,2021,90022077,USA,A1618150101,"AQ MB Elite",Standard,2,39.30,0.2448,29.679360,0.2589,21.9953736960
2017-09-01,2021,90022077,USA,A1618150101,"AQ MB Elite",Standard,2,39.30,0.3028,27.399960,0.2589,20.3061103560
2017-09-01,2021,90022077,USA,A1618150101,"AQ MB Elite",Standard,2,39.30,0.2383,29.934810,0.2589,22.1846876910
2017-09-01,2018,90022078,USA,A1618150101,"AQ MB Elite",Standard,1,17.38,0.2882,12.371084,0.2534,9.2362513144
2017-09-01,2018,90022078,USA,A1618150101,"AQ MB Elite",Standard,1,17.38,0.2872,12.388464,0.2534,9.2492272224
2017-09-01,2018,90022078,USA,A1618150101,"AQ MB Elite",Standard,1,17.38,0.2358,13.281796,0.2534,9.9161888936
2017-09-01,2018,90022078,USA,A1618150101,"AQ MB Elite",Standard,1,17.38,0.2162,13.622444,0.2534,10.1705166904
2017-09-01,2018,90022078,USA,A1618150101,"AQ MB Elite",Standard,1,17.38,0.3067,12.049554,0.2534,8.9961970164
2017-09-01,2019,90022078,USA,A1618150101,"AQ MB Elite",Standard,1,14.99,0.2882,10.669882,0.2534,7.9661339012
2017-09-01,2019,90022078,USA,A1618150101,"AQ MB Elite",Standard,1,14.99,0.2872,10.684872,0.2534,7.9773254352
2017-09-01,2019,90022078,USA,A1618150101,"AQ MB Elite",Standard,1,14.99,0.2358,11.455358,0.2534,8.5525702828
2017-09-01,2019,90022078,USA,A1618150101,"AQ MB Elite",Standard,1,14.99,0.2162,11.749162,0.2534,8.7719243492
2017-09-01,2019,90022078,USA,A1618150101,"AQ MB Elite",Standard,1,14.99,0.3067,10.392567,0.2534,7.7590905222
2017-09-01,2020,90022078,USA,A1618150101,"AQ MB Elite",Standard,1,18.54,0.2882,13.196772,0.2534,9.8527099752
2017-09-01,2020,90022078,USA,A1618150101,"AQ MB Elite",Standard,1,18.54,0.2872,13.215312,0.2534,9.8665519392
2017-09-01,2020,90022078,USA,A1618150101,"AQ MB Elite",Standard,1,18.54,0.2358,14.168268,0.2534,10.5780288888
2017-09-01,2020,90022078,USA,A1618150101,"AQ MB Elite",Standard,1,18.54,0.2162,14.531652,0.2534,10.8493313832
2017-09-01,2020,90022078,USA,A1618150101,"AQ MB Elite",Standard,1,18.54,0.3067,12.853782,0.2534,9.5966336412
2017-09-01,2021,90022078,USA,A1618150101,"AQ MB Elite",Standard,1,19.65,0.2882,13.986870,0.2534,10.4425971420
2017-09-01,2021,90022078,USA,A1618150101,"AQ MB Elite",Standard,1,19.65,0.2872,14.006520,0.2534,10.4572678320
2017-09-01,2021,90022078,USA,A1618150101,"AQ MB Elite",Standard,1,19.65,0.2358,15.016530,0.2534,11.2113412980
2017-09-01,2021,90022078,USA,A1618150101,"AQ MB Elite",Standard,1,19.65,0.2162,15.401670,0.2534,11.4988868220
2017-09-01,2021,90022078,USA,A1618150101,"AQ MB Elite",Standard,1,19.65,0.3067,13.623345,0.2534,10.1711893770
2017-09-01,2018,90022079,USA,A1618150101,"AQ MB Elite",Standard,1,17.38,0.2788,12.534456,0.2317,9.6302225448
2017-09-01,2018,90022079,USA,A1618150101,"AQ MB Elite",Standard,1,17.38,0.2482,13.066284,0.2317,10.0388259972
2017-09-01,2018,90022079,USA,A1618150101,"AQ MB Elite",Standard,1,17.38,0.2584,12.889008,0.2317,9.9026248464
2017-09-01,2018,90022079,USA,A1618150101,"AQ MB Elite",Standard,1,17.38,0.2075,13.773650,0.2317,10.5822952950
2017-09-01,2018,90022079,USA,A1618150101,"AQ MB Elite",Standard,1,17.38,0.1833,14.194246,0.2317,10.9054392018
2017-09-01,2019,90022079,USA,A1618150101,"AQ MB Elite",Standard,1,14.99,0.2788,10.810788,0.2317,8.3059284204
2017-09-01,2019,90022079,USA,A1618150101,"AQ MB Elite",Standard,1,14.99,0.2482,11.269482,0.2317,8.6583430206
2017-09-01,2019,90022079,USA,A1618150101,"AQ MB Elite",Standard,1,14.99,0.2584,11.116584,0.2317,8.5408714872
2017-09-01,2019,90022079,USA,A1618150101,"AQ MB Elite",Standard,1,14.99,0.2075,11.879575,0.2317,9.1270774725
2017-09-01,2019,90022079,USA,A1618150101,"AQ MB Elite",Standard,1,14.99,0.1833,12.242333,0.2317,9.4057844439
2017-09-01,2020,90022079,USA,A1618150101,"AQ MB Elite",Standard,1,18.54,0.2788,13.371048,0.2317,10.2729761784
2017-09-01,2020,90022079,USA,A1618150101,"AQ MB Elite",Standard,1,18.54,0.2482,13.938372,0.2317,10.7088512076
2017-09-01,2020,90022079,USA,A1618150101,"AQ MB Elite",Standard,1,18.54,0.2584,13.749264,0.2317,10.5635595312
2017-09-01,2020,90022079,USA,A1618150101,"AQ MB Elite",Standard,1,18.54,0.2075,14.692950,0.2317,11.2885934850
2017-09-01,2020,90022079,USA,A1618150101,"AQ MB Elite",Standard,1,18.54,0.1833,15.141618,0.2317,11.6333051094
2017-09-01,2021,90022079,USA,A1618150101,"AQ MB Elite",Standard,1,19.65,0.2788,14.171580,0.2317,10.8880249140
2017-09-01,2021,90022079,USA,A1618150101,"AQ MB Elite",Standard,1,19.65,0.2482,14.772870,0.2317,11.3499960210
2017-09-01,2021,90022079,USA,A1618150101,"AQ MB Elite",Standard,1,19.65,0.2584,14.572440,0.2317,11.1960056520
2017-09-01,2021,90022079,USA,A1618150101,"AQ MB Elite",Standard,1,19.65,0.2075,15.572625,0.2317,11.9644477875
2017-09-01,2021,90022079,USA,A1618150101,"AQ MB Elite",Standard,1,19.65,0.1833,16.048155,0.2317,12.3297974865
2017-09-01,2018,90022081,USA,A1618150101,"AQ MB Elite",Standard,2,34.77,0.2957,24.488511,0.2578,18.1753728642
2017-09-01,2018,90022081,USA,A1618150101,"AQ MB Elite",Standard,2,34.77,0.2483,26.136609,0.2578,19.3985911998
2017-09-01,2018,90022081,USA,A1618150101,"AQ MB Elite",Standard,2,34.77,0.2112,27.426576,0.2578,20.3560047072
2017-09-01,2018,90022081,USA,A1618150101,"AQ MB Elite",Standard,2,34.77,0.2902,24.679746,0.2578,18.3173074812
2017-09-01,2018,90022081,USA,A1618150101,"AQ MB Elite",Standard,2,34.77,0.2330,26.668590,0.2578,19.7934274980
2017-09-01,2019,90022081,USA,A1618150101,"AQ MB Elite",Standard,2,29.98,0.2957,21.114914,0.2578,15.6714891708
2017-09-01,2019,90022081,USA,A1618150101,"AQ MB Elite",Standard,2,29.98,0.2483,22.535966,0.2578,16.7261939652
2017-09-01,2019,90022081,USA,A1618150101,"AQ MB Elite",Standard,2,29.98,0.2112,23.648224,0.2578,17.5517118528
2017-09-01,2019,90022081,USA,A1618150101,"AQ MB Elite",Standard,2,29.98,0.2902,21.279804,0.2578,15.7938705288
2017-09-01,2019,90022081,USA,A1618150101,"AQ MB Elite",Standard,2,29.98,0.2330,22.994660,0.2578,17.0666366520
2017-09-01,2020,90022081,USA,A1618150101,"AQ MB Elite",Standard,2,37.08,0.2957,26.115444,0.2578,19.3828825368
2017-09-01,2020,90022081,USA,A1618150101,"AQ MB Elite",Standard,2,37.08,0.2483,27.873036,0.2578,20.6873673192
2017-09-01,2020,90022081,USA,A1618150101,"AQ MB Elite",Standard,2,37.08,0.2112,29.248704,0.2578,21.7083881088
2017-09-01,2020,90022081,USA,A1618150101,"AQ MB Elite",Standard,2,37.08,0.2902,26.319384,0.2578,19.5342468048
2017-09-01,2020,90022081,USA,A1618150101,"AQ MB Elite",Standard,2,37.08,0.2330,28.440360,0.2578,21.1084351920
2017-09-01,2021,90022081,USA,A1618150101,"AQ MB Elite",Standard,2,39.30,0.2957,27.678990,0.2578,20.5433463780
2017-09-01,2021,90022081,USA,A1618150101,"AQ MB Elite",Standard,2,39.30,0.2483,29.541810,0.2578,21.9259313820
2017-09-01,2021,90022081,USA,A1618150101,"AQ MB Elite",Standard,2,39.30,0.2112,30.999840,0.2578,23.0080812480
2017-09-01,2021,90022081,USA,A1618150101,"AQ MB Elite",Standard,2,39.30,0.2902,27.895140,0.2578,20.7037729080
2017-09-01,2021,90022081,USA,A1618150101,"AQ MB Elite",Standard,2,39.30,0.2330,30.143100,0.2578,22.3722088200
2017-09-01,2018,90022082,USA,A1618150101,"AQ MB Elite",Standard,1,17.38,0.2954,12.245948,0.2711,8.9260714972
2017-09-01,2018,90022082,USA,A1618150101,"AQ MB Elite",Standard,1,17.38,0.2639,12.793418,0.2711,9.3251223802
2017-09-01,2018,90022082,USA,A1618150101,"AQ MB Elite",Standard,1,17.38,0.2478,13.073236,0.2711,9.5290817204
2017-09-01,2018,90022082,USA,A1618150101,"AQ MB Elite",Standard,1,17.38,0.2128,13.681536,0.2711,9.9724715904
2017-09-01,2018,90022082,USA,A1618150101,"AQ MB Elite",Standard,1,17.38,0.2221,13.519902,0.2711,9.8546565678
2017-09-01,2019,90022082,USA,A1618150101,"AQ MB Elite",Standard,1,14.99,0.2954,10.561954,0.2711,7.6986082706
2017-09-01,2019,90022082,USA,A1618150101,"AQ MB Elite",Standard,1,14.99,0.2639,11.034139,0.2711,8.0427839171
2017-09-01,2019,90022082,USA,A1618150101,"AQ MB Elite",Standard,1,14.99,0.2478,11.275478,0.2711,8.2186959142
2017-09-01,2019,90022082,USA,A1618150101,"AQ MB Elite",Standard,1,14.99,0.2128,11.800128,0.2711,8.6011132992
2017-09-01,2019,90022082,USA,A1618150101,"AQ MB Elite",Standard,1,14.99,0.2221,11.660721,0.2711,8.4994995369
2017-09-01,2020,90022082,USA,A1618150101,"AQ MB Elite",Standard,1,18.54,0.2954,13.063284,0.2711,9.5218277076
2017-09-01,2020,90022082,USA,A1618150101,"AQ MB Elite",Standard,1,18.54,0.2639,13.647294,0.2711,9.9475125966
2017-09-01,2020,90022082,USA,A1618150101,"AQ MB Elite",Standard,1,18.54,0.2478,13.945788,0.2711,10.1650848732
2017-09-01,2020,90022082,USA,A1618150101,"AQ MB Elite",Standard,1,18.54,0.2128,14.594688,0.2711,10.6380680832
2017-09-01,2020,90022082,USA,A1618150101,"AQ MB Elite",Standard,1,18.54,0.2221,14.422266,0.2711,10.5123896874
2017-09-01,2021,90022082,USA,A1618150101,"AQ MB Elite",Standard,1,19.65,0.2954,13.845390,0.2711,10.0919047710
2017-09-01,2021,90022082,USA,A1618150101,"AQ MB Elite",Standard,1,19.65,0.2639,14.464365,0.2711,10.5430756485
2017-09-01,2021,90022082,USA,A1618150101,"AQ MB Elite",Standard,1,19.65,0.2478,14.780730,0.2711,10.7736740970
2017-09-01,2021,90022082,USA,A1618150101,"AQ MB Elite",Standard,1,19.65,0.2128,15.468480,0.2711,11.2749750720
2017-09-01,2021,90022082,USA,A1618150101,"AQ MB Elite",Standard,1,19.65,0.2221,15.285735,0.2711,11.1417722415
2017-09-01,2018,90022083,USA,A1618150101,"AQ MB Elite",Standard,1,17.38,0.2551,12.946362,0.2446,9.7796818548
2017-09-01,2018,90022083,USA,A1618150101,"AQ MB Elite",Standard,1,17.38,0.1988,13.924856,0.2446,10.5188362224
2017-09-01,2018,90022083,USA,A1618150101,"AQ MB Elite",Standard,1,17.38,0.2734,12.628308,0.2446,9.5394238632
2017-09-01,2018,90022083,USA,A1618150101,"AQ MB Elite",Standard,1,17.38,0.1927,14.030874,0.2446,10.5989222196
2017-09-01,2018,90022083,USA,A1618150101,"AQ MB Elite",Standard,1,17.38,0.2906,12.329372,0.2446,9.3136076088
2017-09-01,2019,90022083,USA,A1618150101,"AQ MB Elite",Standard,1,14.99,0.2551,11.166051,0.2446,8.4348349254
2017-09-01,2019,90022083,USA,A1618150101,"AQ MB Elite",Standard,1,14.99,0.1988,12.009988,0.2446,9.0723449352
2017-09-01,2019,90022083,USA,A1618150101,"AQ MB Elite",Standard,1,14.99,0.2734,10.891734,0.2446,8.2276158636
2017-09-01,2019,90022083,USA,A1618150101,"AQ MB Elite",Standard,1,14.99,0.1927,12.101427,0.2446,9.1414179558
2017-09-01,2019,90022083,USA,A1618150101,"AQ MB Elite",Standard,1,14.99,0.2906,10.633906,0.2446,8.0328525924
2017-09-01,2020,90022083,USA,A1618150101,"AQ MB Elite",Standard,1,18.54,0.2551,13.810446,0.2446,10.4324109084
2017-09-01,2020,90022083,USA,A1618150101,"AQ MB Elite",Standard,1,18.54,0.1988,14.854248,0.2446,11.2208989392
2017-09-01,2020,90022083,USA,A1618150101,"AQ MB Elite",Standard,1,18.54,0.2734,13.471164,0.2446,10.1761172856
2017-09-01,2020,90022083,USA,A1618150101,"AQ MB Elite",Standard,1,18.54,0.1927,14.967342,0.2446,11.3063301468
2017-09-01,2020,90022083,USA,A1618150101,"AQ MB Elite",Standard,1,18.54,0.2906,13.152276,0.2446,9.9352292904
2017-09-01,2021,90022083,USA,A1618150101,"AQ MB Elite",Standard,1,19.65,0.2551,14.637285,0.2446,11.0570050890
2017-09-01,2021,90022083,USA,A1618150101,"AQ MB Elite",Standard,1,19.65,0.1988,15.743580,0.2446,11.8927003320
2017-09-01,2021,90022083,USA,A1618150101,"AQ MB Elite",Standard,1,19.65,0.2734,14.277690,0.2446,10.7853670260
2017-09-01,2021,90022083,USA,A1618150101,"AQ MB Elite",Standard,1,19.65,0.1927,15.863445,0.2446,11.9832463530
2017-09-01,2021,90022083,USA,A1618150101,"AQ MB Elite",Standard,1,19.65,0.2906,13.939710,0.2446,10.5300569340
2017-09-01,2018,90027207,Brazil,A1618150101,"AQ MB Elite",Standard,1,17.38,0.2803,12.508386,0.3660,7.9303167240
2017-09-01,2018,90027207,Brazil,A1618150101,"AQ MB Elite",Standard,1,17.38,0.2248,13.472976,0.3660,8.5418667840
2017-09-01,2018,90027207,Brazil,A1618150101,"AQ MB Elite",Standard,1,17.38,0.2386,13.233132,0.3660,8.3898056880
2017-09-01,2018,90027207,Brazil,A1618150101,"AQ MB Elite",Standard,1,17.38,0.2772,12.562264,0.3660,7.9644753760
2017-09-01,2018,90027207,Brazil,A1618150101,"AQ MB Elite",Standard,1,17.38,0.2317,13.353054,0.3660,8.4658362360
2017-09-01,2019,90027207,Brazil,A1618150101,"AQ MB Elite",Standard,1,14.99,0.2803,10.788303,0.3660,6.8397841020
2017-09-01,2019,90027207,Brazil,A1618150101,"AQ MB Elite",Standard,1,14.99,0.2248,11.620248,0.3660,7.3672372320
2017-09-01,2019,90027207,Brazil,A1618150101,"AQ MB Elite",Standard,1,14.99,0.2386,11.413386,0.3660,7.2360867240
2017-09-01,2019,90027207,Brazil,A1618150101,"AQ MB Elite",Standard,1,14.99,0.2772,10.834772,0.3660,6.8692454480
2017-09-01,2019,90027207,Brazil,A1618150101,"AQ MB Elite",Standard,1,14.99,0.2317,11.516817,0.3660,7.3016619780
2017-09-01,2020,90027207,Brazil,A1618150101,"AQ MB Elite",Standard,1,18.54,0.2803,13.343238,0.3660,8.4596128920
2017-09-01,2020,90027207,Brazil,A1618150101,"AQ MB Elite",Standard,1,18.54,0.2248,14.372208,0.3660,9.1119798720
2017-09-01,2020,90027207,Brazil,A1618150101,"AQ MB Elite",Standard,1,18.54,0.2386,14.116356,0.3660,8.9497697040
2017-09-01,2020,90027207,Brazil,A1618150101,"AQ MB Elite",Standard,1,18.54,0.2772,13.400712,0.3660,8.4960514080
2017-09-01,2020,90027207,Brazil,A1618150101,"AQ MB Elite",Standard,1,18.54,0.2317,14.244282,0.3660,9.0308747880
2017-09-01,2021,90027207,Brazil,A1618150101,"AQ MB Elite",Standard,1,19.65,0.2803,14.142105,0.3660,8.9660945700
2017-09-01,2021,90027207,Brazil,A1618150101,"AQ MB Elite",Standard,1,19.65,0.2248,15.232680,0.3660,9.6575191200
2017-09-01,2021,90027207,Brazil,A1618150101,"AQ MB Elite",Standard,1,19.65,0.2386,14.961510,0.3660,9.4855973400
2017-09-01,2021,90027207,Brazil,A1618150101,"AQ MB Elite",Standard,1,19.65,0.2772,14.203020,0.3660,9.0047146800
2017-09-01,2021,90027207,Brazil,A1618150101,"AQ MB Elite",Standard,1,19.65,0.2317,15.097095,0.3660,9.5715582300
2017-09-01,2018,70002017,India,A1618150102,"AQ MB Elite","Plus 1",2,32.67,0.0824,29.977992,0.3934,18.1846499472
2017-09-01,2018,70002017,India,A1618150102,"AQ MB Elite","Plus 1",2,32.67,0.0777,30.131541,0.3934,18.2777927706
2017-09-01,2018,70002017,India,A1618150102,"AQ MB Elite","Plus 1",2,32.67,0.0735,30.268755,0.3934,18.3610267830
2017-09-01,2018,70002017,India,A1618150102,"AQ MB Elite","Plus 1",2,32.67,0.0703,30.373299,0.3934,18.4244431734
2017-09-01,2018,70002017,India,A1618150102,"AQ MB Elite","Plus 1",2,32.67,0.1057,29.216781,0.3934,17.7228993546
2017-09-01,2019,70002017,India,A1618150102,"AQ MB Elite","Plus 1",2,32.45,0.0824,29.776120,0.3934,18.0621943920
2017-09-01,2019,70002017,India,A1618150102,"AQ MB Elite","Plus 1",2,32.45,0.0777,29.928635,0.3934,18.1547099910
2017-09-01,2019,70002017,India,A1618150102,"AQ MB Elite","Plus 1",2,32.45,0.0735,30.064925,0.3934,18.2373835050
2017-09-01,2019,70002017,India,A1618150102,"AQ MB Elite","Plus 1",2,32.45,0.0703,30.168765,0.3934,18.3003728490
2017-09-01,2019,70002017,India,A1618150102,"AQ MB Elite","Plus 1",2,32.45,0.1057,29.020035,0.3934,17.6035532310
2017-09-01,2020,70002017,India,A1618150102,"AQ MB Elite","Plus 1",2,35.71,0.0824,32.767496,0.3934,19.8767630736
2017-09-01,2020,70002017,India,A1618150102,"AQ MB Elite","Plus 1",2,35.71,0.0777,32.935333,0.3934,19.9785729978
2017-09-01,2020,70002017,India,A1618150102,"AQ MB Elite","Plus 1",2,35.71,0.0735,33.085315,0.3934,20.0695520790
2017-09-01,2020,70002017,India,A1618150102,"AQ MB Elite","Plus 1",2,35.71,0.0703,33.199587,0.3934,20.1388694742
2017-09-01,2020,70002017,India,A1618150102,"AQ MB Elite","Plus 1",2,35.71,0.1057,31.935453,0.3934,19.3720457898
2017-09-01,2021,70002017,India,A1618150102,"AQ MB Elite","Plus 1",2,40.93,0.0824,37.557368,0.3934,22.7822994288
2017-09-01,2021,70002017,India,A1618150102,"AQ MB Elite","Plus 1",2,40.93,0.0777,37.749739,0.3934,22.8989916774
2017-09-01,2021,70002017,India,A1618150102,"AQ MB Elite","Plus 1",2,40.93,0.0735,37.921645,0.3934,23.0032698570
2017-09-01,2021,70002017,India,A1618150102,"AQ MB Elite","Plus 1",2,40.93,0.0703,38.052621,0.3934,23.0827198986
2017-09-01,2021,70002017,India,A1618150102,"AQ MB Elite","Plus 1",2,40.93,0.1057,36.603699,0.3934,22.2038038134
2017-09-01,2018,70002018,India,A1618150102,"AQ MB Elite","Plus 1",2,32.67,0.2956,23.012748,0.3652,14.6084924304
2017-09-01,2018,70002018,India,A1618150102,"AQ MB Elite","Plus 1",2,32.67,0.2577,24.250941,0.3652,15.3944973468
2017-09-01,2018,70002018,India,A1618150102,"AQ MB Elite","Plus 1",2,32.67,0.2255,25.302915,0.3652,16.0622904420
2017-09-01,2018,70002018,India,A1618150102,"AQ MB Elite","Plus 1",2,32.67,0.2061,25.936713,0.3652,16.4646254124
2017-09-01,2018,70002018,India,A1618150102,"AQ MB Elite","Plus 1",2,32.67,0.2931,23.094423,0.3652,14.6603397204
2017-09-01,2019,70002018,India,A1618150102,"AQ MB Elite","Plus 1",2,32.45,0.2956,22.857780,0.3652,14.5101187440
2017-09-01,2019,70002018,India,A1618150102,"AQ MB Elite","Plus 1",2,32.45,0.2577,24.087635,0.3652,15.2908306980
2017-09-01,2019,70002018,India,A1618150102,"AQ MB Elite","Plus 1",2,32.45,0.2255,25.132525,0.3652,15.9541268700
2017-09-01,2019,70002018,India,A1618150102,"AQ MB Elite","Plus 1",2,32.45,0.2061,25.762055,0.3652,16.3537525140
2017-09-01,2019,70002018,India,A1618150102,"AQ MB Elite","Plus 1",2,32.45,0.2931,22.938905,0.3652,14.5616168940
2017-09-01,2020,70002018,India,A1618150102,"AQ MB Elite","Plus 1",2,35.71,0.2956,25.154124,0.3652,15.9678379152
2017-09-01,2020,70002018,India,A1618150102,"AQ MB Elite","Plus 1",2,35.71,0.2577,26.507533,0.3652,16.8269819484
2017-09-01,2020,70002018,India,A1618150102,"AQ MB Elite","Plus 1",2,35.71,0.2255,27.657395,0.3652,17.5569143460
2017-09-01,2020,70002018,India,A1618150102,"AQ MB Elite","Plus 1",2,35.71,0.2061,28.350169,0.3652,17.9966872812
2017-09-01,2020,70002018,India,A1618150102,"AQ MB Elite","Plus 1",2,35.71,0.2931,25.243399,0.3652,16.0245096852
2017-09-01,2021,70002018,India,A1618150102,"AQ MB Elite","Plus 1",2,40.93,0.2956,28.831092,0.3652,18.3019772016
2017-09-01,2021,70002018,India,A1618150102,"AQ MB Elite","Plus 1",2,40.93,0.2577,30.382339,0.3652,19.2867087972
2017-09-01,2021,70002018,India,A1618150102,"AQ MB Elite","Plus 1",2,40.93,0.2255,31.700285,0.3652,20.1233409180
2017-09-01,2021,70002018,India,A1618150102,"AQ MB Elite","Plus 1",2,40.93,0.2061,32.494327,0.3652,20.6273987796
2017-09-01,2021,70002018,India,A1618150102,"AQ MB Elite","Plus 1",2,40.93,0.2931,28.933417,0.3652,18.3669331116
2017-09-01,2018,70003181,Indonesia,A1618150102,"AQ MB Elite","Plus 1",1,16.33,0.0536,15.454712,0.3588,9.9095613344
2017-09-01,2018,70003181,Indonesia,A1618150102,"AQ MB Elite","Plus 1",1,16.33,0.0546,15.438382,0.3588,9.8990905384
2017-09-01,2018,70003181,Indonesia,A1618150102,"AQ MB Elite","Plus 1",1,16.33,0.0531,15.462877,0.3588,9.9147967324
2017-09-01,2018,70003181,Indonesia,A1618150102,"AQ MB Elite","Plus 1",1,16.33,0.0974,14.739458,0.3588,9.4509404696
2017-09-01,2018,70003181,Indonesia,A1618150102,"AQ MB Elite","Plus 1",1,16.33,0.0727,15.142809,0.3588,9.7095691308
2017-09-01,2019,70003181,Indonesia,A1618150102,"AQ MB Elite","Plus 1",1,16.22,0.0536,15.350608,0.3588,9.8428098496
2017-09-01,2019,70003181,Indonesia,A1618150102,"AQ MB Elite","Plus 1",1,16.22,0.0546,15.334388,0.3588,9.8324095856
2017-09-01,2019,70003181,Indonesia,A1618150102,"AQ MB Elite","Plus 1",1,16.22,0.0531,15.358718,0.3588,9.8480099816
2017-09-01,2019,70003181,Indonesia,A1618150102,"AQ MB Elite","Plus 1",1,16.22,0.0974,14.640172,0.3588,9.3872782864
2017-09-01,2019,70003181,Indonesia,A1618150102,"AQ MB Elite","Plus 1",1,16.22,0.0727,15.040806,0.3588,9.6441648072
2017-09-01,2020,70003181,Indonesia,A1618150102,"AQ MB Elite","Plus 1",1,17.86,0.0536,16.902704,0.3588,10.8380138048
2017-09-01,2020,70003181,Indonesia,A1618150102,"AQ MB Elite","Plus 1",1,17.86,0.0546,16.884844,0.3588,10.8265619728
2017-09-01,2020,70003181,Indonesia,A1618150102,"AQ MB Elite","Plus 1",1,17.86,0.0531,16.911634,0.3588,10.8437397208
2017-09-01,2020,70003181,Indonesia,A1618150102,"AQ MB Elite","Plus 1",1,17.86,0.0974,16.120436,0.3588,10.3364235632
2017-09-01,2020,70003181,Indonesia,A1618150102,"AQ MB Elite","Plus 1",1,17.86,0.0727,16.561578,0.3588,10.6192838136
2017-09-01,2021,70003181,Indonesia,A1618150102,"AQ MB Elite","Plus 1",1,20.46,0.0536,19.363344,0.3588,12.4157761728
2017-09-01,2021,70003181,Indonesia,A1618150102,"AQ MB Elite","Plus 1",1,20.46,0.0546,19.342884,0.3588,12.4026572208
2017-09-01,2021,70003181,Indonesia,A1618150102,"AQ MB Elite","Plus 1",1,20.46,0.0531,19.373574,0.3588,12.4223356488
2017-09-01,2021,70003181,Indonesia,A1618150102,"AQ MB Elite","Plus 1",1,20.46,0.0974,18.467196,0.3588,11.8411660752
2017-09-01,2021,70003181,Indonesia,A1618150102,"AQ MB Elite","Plus 1",1,20.46,0.0727,18.972558,0.3588,12.1652041896
2017-09-01,2018,70003182,Indonesia,A1618150102,"AQ MB Elite","Plus 1",1,16.33,0.2378,12.446726,0.2982,8.7351123068
2017-09-01,2018,70003182,Indonesia,A1618150102,"AQ MB Elite","Plus 1",1,16.33,0.2023,13.026441,0.2982,9.1419562938
2017-09-01,2018,70003182,Indonesia,A1618150102,"AQ MB Elite","Plus 1",1,16.33,0.1823,13.353041,0.2982,9.3711641738
2017-09-01,2018,70003182,Indonesia,A1618150102,"AQ MB Elite","Plus 1",1,16.33,0.2065,12.957855,0.2982,9.0938226390
2017-09-01,2018,70003182,Indonesia,A1618150102,"AQ MB Elite","Plus 1",1,16.33,0.2147,12.823949,0.2982,8.9998474082
2017-09-01,2019,70003182,Indonesia,A1618150102,"AQ MB Elite","Plus 1",1,16.22,0.2378,12.362884,0.2982,8.6762719912
2017-09-01,2019,70003182,Indonesia,A1618150102,"AQ MB Elite","Plus 1",1,16.22,0.2023,12.938694,0.2982,9.0803754492
2017-09-01,2019,70003182,Indonesia,A1618150102,"AQ MB Elite","Plus 1",1,16.22,0.1823,13.263094,0.2982,9.3080393692
2017-09-01,2019,70003182,Indonesia,A1618150102,"AQ MB Elite","Plus 1",1,16.22,0.2065,12.870570,0.2982,9.0325660260
2017-09-01,2019,70003182,Indonesia,A1618150102,"AQ MB Elite","Plus 1",1,16.22,0.2147,12.737566,0.2982,8.9392238188
2017-09-01,2020,70003182,Indonesia,A1618150102,"AQ MB Elite","Plus 1",1,17.86,0.2378,13.612892,0.2982,9.5535276056
2017-09-01,2020,70003182,Indonesia,A1618150102,"AQ MB Elite","Plus 1",1,17.86,0.2023,14.246922,0.2982,9.9984898596
2017-09-01,2020,70003182,Indonesia,A1618150102,"AQ MB Elite","Plus 1",1,17.86,0.1823,14.604122,0.2982,10.2491728196
2017-09-01,2020,70003182,Indonesia,A1618150102,"AQ MB Elite","Plus 1",1,17.86,0.2065,14.171910,0.2982,9.9458464380
2017-09-01,2020,70003182,Indonesia,A1618150102,"AQ MB Elite","Plus 1",1,17.86,0.2147,14.025458,0.2982,9.8430664244
2017-09-01,2021,70003182,Indonesia,A1618150102,"AQ MB Elite","Plus 1",1,20.46,0.2378,15.594612,0.2982,10.9442987016
2017-09-01,2021,70003182,Indonesia,A1618150102,"AQ MB Elite","Plus 1",1,20.46,0.2023,16.320942,0.2982,11.4540370956
2017-09-01,2021,70003182,Indonesia,A1618150102,"AQ MB Elite","Plus 1",1,20.46,0.1823,16.730142,0.2982,11.7412136556
2017-09-01,2021,70003182,Indonesia,A1618150102,"AQ MB Elite","Plus 1",1,20.46,0.2065,16.235010,0.2982,11.3937300180
2017-09-01,2021,70003182,Indonesia,A1618150102,"AQ MB Elite","Plus 1",1,20.46,0.2147,16.067238,0.2982,11.2759876284
2017-09-01,2018,70006157,Philiphines,A1618150102,"AQ MB Elite","Plus 1",1,16.33,0.1057,14.603919,0.3408,9.6269034048
2017-09-01,2018,70006157,Philiphines,A1618150102,"AQ MB Elite","Plus 1",1,16.33,0.0972,14.742724,0.3408,9.7184036608
2017-09-01,2018,70006157,Philiphines,A1618150102,"AQ MB Elite","Plus 1",1,16.33,0.0765,15.080755,0.3408,9.9412336960
2017-09-01,2018,70006157,Philiphines,A1618150102,"AQ MB Elite","Plus 1",1,16.33,0.0858,14.928886,0.3408,9.8411216512
2017-09-01,2018,70006157,Philiphines,A1618150102,"AQ MB Elite","Plus 1",1,16.33,0.0552,15.428584,0.3408,10.1705225728
2017-09-01,2019,70006157,Philiphines,A1618150102,"AQ MB Elite","Plus 1",1,16.22,0.1057,14.505546,0.3408,9.5620559232
2017-09-01,2019,70006157,Philiphines,A1618150102,"AQ MB Elite","Plus 1",1,16.22,0.0972,14.643416,0.3408,9.6529398272
2017-09-01,2019,70006157,Philiphines,A1618150102,"AQ MB Elite","Plus 1",1,16.22,0.0765,14.979170,0.3408,9.8742688640
2017-09-01,2019,70006157,Philiphines,A1618150102,"AQ MB Elite","Plus 1",1,16.22,0.0858,14.828324,0.3408,9.7748311808
2017-09-01,2019,70006157,Philiphines,A1618150102,"AQ MB Elite","Plus 1",1,16.22,0.0552,15.324656,0.3408,10.1020132352
2017-09-01,2020,70006157,Philiphines,A1618150102,"AQ MB Elite","Plus 1",1,17.86,0.1057,15.972198,0.3408,10.5288729216
2017-09-01,2020,70006157,Philiphines,A1618150102,"AQ MB Elite","Plus 1",1,17.86,0.0972,16.124008,0.3408,10.6289460736
2017-09-01,2020,70006157,Philiphines,A1618150102,"AQ MB Elite","Plus 1",1,17.86,0.0765,16.493710,0.3408,10.8726536320
2017-09-01,2020,70006157,Philiphines,A1618150102,"AQ MB Elite","Plus 1",1,17.86,0.0858,16.327612,0.3408,10.7631618304
2017-09-01,2020,70006157,Philiphines,A1618150102,"AQ MB Elite","Plus 1",1,17.86,0.0552,16.874128,0.3408,11.1234251776
2017-09-01,2021,70006157,Philiphines,A1618150102,"AQ MB Elite","Plus 1",1,20.46,0.1057,18.297378,0.3408,12.0616315776
2017-09-01,2021,70006157,Philiphines,A1618150102,"AQ MB Elite","Plus 1",1,20.46,0.0972,18.471288,0.3408,12.1762730496
2017-09-01,2021,70006157,Philiphines,A1618150102,"AQ MB Elite","Plus 1",1,20.46,0.0765,18.894810,0.3408,12.4554587520
2017-09-01,2021,70006157,Philiphines,A1618150102,"AQ MB Elite","Plus 1",1,20.46,0.0858,18.704532,0.3408,12.3300274944
2017-09-01,2021,70006157,Philiphines,A1618150102,"AQ MB Elite","Plus 1",1,20.46,0.0552,19.330608,0.3408,12.7427367936
2017-09-01,2018,70007198,"South Korea",A1618150102,"AQ MB Elite","Plus 1",2,32.67,0.0700,30.383100,0.4029,18.1417490100
2017-09-01,2018,70007198,"South Korea",A1618150102,"AQ MB Elite","Plus 1",2,32.67,0.0534,30.925422,0.4029,18.4655694762
2017-09-01,2018,70007198,"South Korea",A1618150102,"AQ MB Elite","Plus 1",2,32.67,0.0703,30.373299,0.4029,18.1358968329
2017-09-01,2018,70007198,"South Korea",A1618150102,"AQ MB Elite","Plus 1",2,32.67,0.0736,30.265488,0.4029,18.0715228848
2017-09-01,2018,70007198,"South Korea",A1618150102,"AQ MB Elite","Plus 1",2,32.67,0.0977,29.478141,0.4029,17.6013979911
2017-09-01,2019,70007198,"South Korea",A1618150102,"AQ MB Elite","Plus 1",2,32.45,0.0700,30.178500,0.4029,18.0195823500
2017-09-01,2019,70007198,"South Korea",A1618150102,"AQ MB Elite","Plus 1",2,32.45,0.0534,30.717170,0.4029,18.3412222070
2017-09-01,2019,70007198,"South Korea",A1618150102,"AQ MB Elite","Plus 1",2,32.45,0.0703,30.168765,0.4029,18.0137695815
2017-09-01,2019,70007198,"South Korea",A1618150102,"AQ MB Elite","Plus 1",2,32.45,0.0736,30.061680,0.4029,17.9498291280
2017-09-01,2019,70007198,"South Korea",A1618150102,"AQ MB Elite","Plus 1",2,32.45,0.0977,29.279635,0.4029,17.4828700585
2017-09-01,2020,70007198,"South Korea",A1618150102,"AQ MB Elite","Plus 1",2,35.71,0.0700,33.210300,0.4029,19.8298701300
2017-09-01,2020,70007198,"South Korea",A1618150102,"AQ MB Elite","Plus 1",2,35.71,0.0534,33.803086,0.4029,20.1838226506
2017-09-01,2020,70007198,"South Korea",A1618150102,"AQ MB Elite","Plus 1",2,35.71,0.0703,33.199587,0.4029,19.8234733977
2017-09-01,2020,70007198,"South Korea",A1618150102,"AQ MB Elite","Plus 1",2,35.71,0.0736,33.081744,0.4029,19.7531093424
2017-09-01,2020,70007198,"South Korea",A1618150102,"AQ MB Elite","Plus 1",2,35.71,0.0977,32.221133,0.4029,19.2392385143
2017-09-01,2021,70007198,"South Korea",A1618150102,"AQ MB Elite","Plus 1",2,40.93,0.0700,38.064900,0.4029,22.7285517900
2017-09-01,2021,70007198,"South Korea",A1618150102,"AQ MB Elite","Plus 1",2,40.93,0.0534,38.744338,0.4029,23.1342442198
2017-09-01,2021,70007198,"South Korea",A1618150102,"AQ MB Elite","Plus 1",2,40.93,0.0703,38.052621,0.4029,22.7212199991
2017-09-01,2021,70007198,"South Korea",A1618150102,"AQ MB Elite","Plus 1",2,40.93,0.0736,37.917552,0.4029,22.6405702992
2017-09-01,2021,70007198,"South Korea",A1618150102,"AQ MB Elite","Plus 1",2,40.93,0.0977,36.931139,0.4029,22.0515830969
2017-09-01,2018,70007199,"South Korea",A1618150102,"AQ MB Elite","Plus 1",2,32.67,0.2551,24.335883,0.4548,13.2679234116
2017-09-01,2018,70007199,"South Korea",A1618150102,"AQ MB Elite","Plus 1",2,32.67,0.1824,26.710992,0.4548,14.5628328384
2017-09-01,2018,70007199,"South Korea",A1618150102,"AQ MB Elite","Plus 1",2,32.67,0.2123,25.734159,0.4548,14.0302634868
2017-09-01,2018,70007199,"South Korea",A1618150102,"AQ MB Elite","Plus 1",2,32.67,0.2105,25.792965,0.4548,14.0623245180
2017-09-01,2018,70007199,"South Korea",A1618150102,"AQ MB Elite","Plus 1",2,32.67,0.2057,25.949781,0.4548,14.1478206012
2017-09-01,2019,70007199,"South Korea",A1618150102,"AQ MB Elite","Plus 1",2,32.45,0.2551,24.172005,0.4548,13.1785771260
2017-09-01,2019,70007199,"South Korea",A1618150102,"AQ MB Elite","Plus 1",2,32.45,0.1824,26.531120,0.4548,14.4647666240
2017-09-01,2019,70007199,"South Korea",A1618150102,"AQ MB Elite","Plus 1",2,32.45,0.2123,25.560865,0.4548,13.9357835980
2017-09-01,2019,70007199,"South Korea",A1618150102,"AQ MB Elite","Plus 1",2,32.45,0.2105,25.619275,0.4548,13.9676287300
2017-09-01,2019,70007199,"South Korea",A1618150102,"AQ MB Elite","Plus 1",2,32.45,0.2057,25.775035,0.4548,14.0525490820
2017-09-01,2020,70007199,"South Korea",A1618150102,"AQ MB Elite","Plus 1",2,35.71,0.2551,26.600379,0.4548,14.5025266308
2017-09-01,2020,70007199,"South Korea",A1618150102,"AQ MB Elite","Plus 1",2,35.71,0.1824,29.196496,0.4548,15.9179296192
2017-09-01,2020,70007199,"South Korea",A1618150102,"AQ MB Elite","Plus 1",2,35.71,0.2123,28.128767,0.4548,15.3358037684
2017-09-01,2020,70007199,"South Korea",A1618150102,"AQ MB Elite","Plus 1",2,35.71,0.2105,28.193045,0.4548,15.3708481340
2017-09-01,2020,70007199,"South Korea",A1618150102,"AQ MB Elite","Plus 1",2,35.71,0.2057,28.364453,0.4548,15.4642997756
2017-09-01,2021,70007199,"South Korea",A1618150102,"AQ MB Elite","Plus 1",2,40.93,0.2551,30.488757,0.4548,16.6224703164
2017-09-01,2021,70007199,"South Korea",A1618150102,"AQ MB Elite","Plus 1",2,40.93,0.1824,33.464368,0.4548,18.2447734336
2017-09-01,2021,70007199,"South Korea",A1618150102,"AQ MB Elite","Plus 1",2,40.93,0.2123,32.240561,0.4548,17.5775538572
2017-09-01,2021,70007199,"South Korea",A1618150102,"AQ MB Elite","Plus 1",2,40.93,0.2105,32.314235,0.4548,17.6177209220
2017-09-01,2021,70007199,"South Korea",A1618150102,"AQ MB Elite","Plus 1",2,40.93,0.2057,32.510699,0.4548,17.7248330948
2017-09-01,2018,70008169,Australia,A1618150102,"AQ MB Elite","Plus 1",1,16.33,0.0953,14.773751,0.3320,9.8688656680
2017-09-01,2018,70008169,Australia,A1618150102,"AQ MB Elite","Plus 1",1,16.33,0.0748,15.108516,0.3320,10.0924886880
2017-09-01,2018,70008169,Australia,A1618150102,"AQ MB Elite","Plus 1",1,16.33,0.0975,14.737825,0.3320,9.8448671000
2017-09-01,2018,70008169,Australia,A1618150102,"AQ MB Elite","Plus 1",1,16.33,0.0793,15.035031,0.3320,10.0434007080
2017-09-01,2018,70008169,Australia,A1618150102,"AQ MB Elite","Plus 1",1,16.33,0.0832,14.971344,0.3320,10.0008577920
2017-09-01,2019,70008169,Australia,A1618150102,"AQ MB Elite","Plus 1",1,16.22,0.0953,14.674234,0.3320,9.8023883120
2017-09-01,2019,70008169,Australia,A1618150102,"AQ MB Elite","Plus 1",1,16.22,0.0748,15.006744,0.3320,10.0245049920
2017-09-01,2019,70008169,Australia,A1618150102,"AQ MB Elite","Plus 1",1,16.22,0.0975,14.638550,0.3320,9.7785514000
2017-09-01,2019,70008169,Australia,A1618150102,"AQ MB Elite","Plus 1",1,16.22,0.0793,14.933754,0.3320,9.9757476720
2017-09-01,2019,70008169,Australia,A1618150102,"AQ MB Elite","Plus 1",1,16.22,0.0832,14.870496,0.3320,9.9334913280
2017-09-01,2020,70008169,Australia,A1618150102,"AQ MB Elite","Plus 1",1,17.86,0.0953,16.157942,0.3320,10.7935052560
2017-09-01,2020,70008169,Australia,A1618150102,"AQ MB Elite","Plus 1",1,17.86,0.0748,16.524072,0.3320,11.0380800960
2017-09-01,2020,70008169,Australia,A1618150102,"AQ MB Elite","Plus 1",1,17.86,0.0975,16.118650,0.3320,10.7672582000
2017-09-01,2020,70008169,Australia,A1618150102,"AQ MB Elite","Plus 1",1,17.86,0.0793,16.443702,0.3320,10.9843929360
2017-09-01,2020,70008169,Australia,A1618150102,"AQ MB Elite","Plus 1",1,17.86,0.0832,16.374048,0.3320,10.9378640640
2017-09-01,2021,70008169,Australia,A1618150102,"AQ MB Elite","Plus 1",1,20.46,0.0953,18.510162,0.3320,12.3647882160
2017-09-01,2021,70008169,Australia,A1618150102,"AQ MB Elite","Plus 1",1,20.46,0.0748,18.929592,0.3320,12.6449674560
2017-09-01,2021,70008169,Australia,A1618150102,"AQ MB Elite","Plus 1",1,20.46,0.0975,18.465150,0.3320,12.3347202000
2017-09-01,2021,70008169,Australia,A1618150102,"AQ MB Elite","Plus 1",1,20.46,0.0793,18.837522,0.3320,12.5834646960
2017-09-01,2021,70008169,Australia,A1618150102,"AQ MB Elite","Plus 1",1,20.46,0.0832,18.757728,0.3320,12.5301623040
2017-09-01,2018,70022085,USA,A1618150102,"AQ MB Elite","Plus 1",1,16.33,0.2025,13.023175,0.2770,9.4157555250
2017-09-01,2018,70022085,USA,A1618150102,"AQ MB Elite","Plus 1",1,16.33,0.2669,11.971523,0.2770,8.6554111290
2017-09-01,2018,70022085,USA,A1618150102,"AQ MB Elite","Plus 1",1,16.33,0.3059,11.334653,0.2770,8.1949541190
2017-09-01,2018,70022085,USA,A1618150102,"AQ MB Elite","Plus 1",1,16.33,0.1876,13.266492,0.2770,9.5916737160
2017-09-01,2018,70022085,USA,A1618150102,"AQ MB Elite","Plus 1",1,16.33,0.1816,13.364472,0.2770,9.6625132560
2017-09-01,2019,70022085,USA,A1618150102,"AQ MB Elite","Plus 1",1,16.22,0.2025,12.935450,0.2770,9.3523303500
2017-09-01,2019,70022085,USA,A1618150102,"AQ MB Elite","Plus 1",1,16.22,0.2669,11.890882,0.2770,8.5971076860
2017-09-01,2019,70022085,USA,A1618150102,"AQ MB Elite","Plus 1",1,16.22,0.3059,11.258302,0.2770,8.1397523460
2017-09-01,2019,70022085,USA,A1618150102,"AQ MB Elite","Plus 1",1,16.22,0.1876,13.177128,0.2770,9.5270635440
2017-09-01,2019,70022085,USA,A1618150102,"AQ MB Elite","Plus 1",1,16.22,0.1816,13.274448,0.2770,9.5974259040
2017-09-01,2020,70022085,USA,A1618150102,"AQ MB Elite","Plus 1",1,17.86,0.2025,14.243350,0.2770,10.2979420500
2017-09-01,2020,70022085,USA,A1618150102,"AQ MB Elite","Plus 1",1,17.86,0.2669,13.093166,0.2770,9.4663590180
2017-09-01,2020,70022085,USA,A1618150102,"AQ MB Elite","Plus 1",1,17.86,0.3059,12.396626,0.2770,8.9627605980
2017-09-01,2020,70022085,USA,A1618150102,"AQ MB Elite","Plus 1",1,17.86,0.1876,14.509464,0.2770,10.4903424720
2017-09-01,2020,70022085,USA,A1618150102,"AQ MB Elite","Plus 1",1,17.86,0.1816,14.616624,0.2770,10.5678191520
2017-09-01,2021,70022085,USA,A1618150102,"AQ MB Elite","Plus 1",1,20.46,0.2025,16.316850,0.2770,11.7970825500
2017-09-01,2021,70022085,USA,A1618150102,"AQ MB Elite","Plus 1",1,20.46,0.2669,14.999226,0.2770,10.8444403980
2017-09-01,2021,70022085,USA,A1618150102,"AQ MB Elite","Plus 1",1,20.46,0.3059,14.201286,0.2770,10.2675297780
2017-09-01,2021,70022085,USA,A1618150102,"AQ MB Elite","Plus 1",1,20.46,0.1876,16.621704,0.2770,12.0174919920
2017-09-01,2021,70022085,USA,A1618150102,"AQ MB Elite","Plus 1",1,20.46,0.1816,16.744464,0.2770,12.1062474720
2017-09-01,2018,80006154,Philiphines,A1618150102,"AQ MB Elite","Plus 1",2,32.67,0.2728,23.757624,0.3650,15.0860912400
2017-09-01,2018,80006154,Philiphines,A1618150102,"AQ MB Elite","Plus 1",2,32.67,0.2101,25.806033,0.3650,16.3868309550
2017-09-01,2018,80006154,Philiphines,A1618150102,"AQ MB Elite","Plus 1",2,32.67,0.2346,25.005618,0.3650,15.8785674300
2017-09-01,2018,80006154,Philiphines,A1618150102,"AQ MB Elite","Plus 1",2,32.67,0.2103,25.799499,0.3650,16.3826818650
2017-09-01,2018,80006154,Philiphines,A1618150102,"AQ MB Elite","Plus 1",2,32.67,0.2307,25.133031,0.3650,15.9594746850
2017-09-01,2019,80006154,Philiphines,A1618150102,"AQ MB Elite","Plus 1",2,32.45,0.2728,23.597640,0.3650,14.9845014000
2017-09-01,2019,80006154,Philiphines,A1618150102,"AQ MB Elite","Plus 1",2,32.45,0.2101,25.632255,0.3650,16.2764819250
2017-09-01,2019,80006154,Philiphines,A1618150102,"AQ MB Elite","Plus 1",2,32.45,0.2346,24.837230,0.3650,15.7716410500
2017-09-01,2019,80006154,Philiphines,A1618150102,"AQ MB Elite","Plus 1",2,32.45,0.2103,25.625765,0.3650,16.2723607750
2017-09-01,2019,80006154,Philiphines,A1618150102,"AQ MB Elite","Plus 1",2,32.45,0.2307,24.963785,0.3650,15.8520034750
2017-09-01,2020,80006154,Philiphines,A1618150102,"AQ MB Elite","Plus 1",2,35.71,0.2728,25.968312,0.3650,16.4898781200
2017-09-01,2020,80006154,Philiphines,A1618150102,"AQ MB Elite","Plus 1",2,35.71,0.2101,28.207329,0.3650,17.9116539150
2017-09-01,2020,80006154,Philiphines,A1618150102,"AQ MB Elite","Plus 1",2,35.71,0.2346,27.332434,0.3650,17.3560955900
2017-09-01,2020,80006154,Philiphines,A1618150102,"AQ MB Elite","Plus 1",2,35.71,0.2103,28.200187,0.3650,17.9071187450
2017-09-01,2020,80006154,Philiphines,A1618150102,"AQ MB Elite","Plus 1",2,35.71,0.2307,27.471703,0.3650,17.4445314050
2017-09-01,2021,80006154,Philiphines,A1618150102,"AQ MB Elite","Plus 1",2,40.93,0.2728,29.764296,0.3650,18.9003279600
2017-09-01,2021,80006154,Philiphines,A1618150102,"AQ MB Elite","Plus 1",2,40.93,0.2101,32.330607,0.3650,20.5299354450
2017-09-01,2021,80006154,Philiphines,A1618150102,"AQ MB Elite","Plus 1",2,40.93,0.2346,31.327822,0.3650,19.8931669700
2017-09-01,2021,80006154,Philiphines,A1618150102,"AQ MB Elite","Plus 1",2,40.93,0.2103,32.322421,0.3650,20.5247373350
2017-09-01,2021,80006154,Philiphines,A1618150102,"AQ MB Elite","Plus 1",2,40.93,0.2307,31.487449,0.3650,19.9945301150
2017-09-01,2018,80006155,Philiphines,A1618150102,"AQ MB Elite","Plus 1",2,32.67,0.2797,23.532201,0.3779,14.6393822421
2017-09-01,2018,80006155,Philiphines,A1618150102,"AQ MB Elite","Plus 1",2,32.67,0.2565,24.290145,0.3779,15.1108992045
2017-09-01,2018,80006155,Philiphines,A1618150102,"AQ MB Elite","Plus 1",2,32.67,0.2862,23.319846,0.3779,14.5072761966
2017-09-01,2018,80006155,Philiphines,A1618150102,"AQ MB Elite","Plus 1",2,32.67,0.3091,22.571703,0.3779,14.0418564363
2017-09-01,2018,80006155,Philiphines,A1618150102,"AQ MB Elite","Plus 1",2,32.67,0.2939,23.068287,0.3779,14.3507813427
2017-09-01,2019,80006155,Philiphines,A1618150102,"AQ MB Elite","Plus 1",2,32.45,0.2797,23.373735,0.3779,14.5408005435
2017-09-01,2019,80006155,Philiphines,A1618150102,"AQ MB Elite","Plus 1",2,32.45,0.2565,24.126575,0.3779,15.0091423075
2017-09-01,2019,80006155,Philiphines,A1618150102,"AQ MB Elite","Plus 1",2,32.45,0.2862,23.162810,0.3779,14.4095841010
2017-09-01,2019,80006155,Philiphines,A1618150102,"AQ MB Elite","Plus 1",2,32.45,0.3091,22.419705,0.3779,13.9472984805
2017-09-01,2019,80006155,Philiphines,A1618150102,"AQ MB Elite","Plus 1",2,32.45,0.2939,22.912945,0.3779,14.2541430845
2017-09-01,2020,80006155,Philiphines,A1618150102,"AQ MB Elite","Plus 1",2,35.71,0.2797,25.721913,0.3779,16.0016020773
2017-09-01,2020,80006155,Philiphines,A1618150102,"AQ MB Elite","Plus 1",2,35.71,0.2565,26.550385,0.3779,16.5169945085
2017-09-01,2020,80006155,Philiphines,A1618150102,"AQ MB Elite","Plus 1",2,35.71,0.2862,25.489798,0.3779,15.8572033358
2017-09-01,2020,80006155,Philiphines,A1618150102,"AQ MB Elite","Plus 1",2,35.71,0.3091,24.672039,0.3779,15.3484754619
2017-09-01,2020,80006155,Philiphines,A1618150102,"AQ MB Elite","Plus 1",2,35.71,0.2939,25.214831,0.3779,15.6861463651
2017-09-01,2021,80006155,Philiphines,A1618150102,"AQ MB Elite","Plus 1",2,40.93,0.2797,29.481879,0.3779,18.3406769259
2017-09-01,2021,80006155,Philiphines,A1618150102,"AQ MB Elite","Plus 1",2,40.93,0.2565,30.431455,0.3779,18.9314081555
2017-09-01,2021,80006155,Philiphines,A1618150102,"AQ MB Elite","Plus 1",2,40.93,0.2862,29.215834,0.3779,18.1751703314
2017-09-01,2021,80006155,Philiphines,A1618150102,"AQ MB Elite","Plus 1",2,40.93,0.3091,28.278537,0.3779,17.5920778677
2017-09-01,2021,80006155,Philiphines,A1618150102,"AQ MB Elite","Plus 1",2,40.93,0.2939,28.900673,0.3779,17.9791086733
2017-09-01,2018,80007195,"South Korea",A1618150102,"AQ MB Elite","Plus 1",12,196.01,0.2990,137.403010,0.4147,80.4219817530
2017-09-01,2018,80007195,"South Korea",A1618150102,"AQ MB Elite","Plus 1",12,196.01,0.2557,145.890243,0.4147,85.3895592279
2017-09-01,2018,80007195,"South Korea",A1618150102,"AQ MB Elite","Plus 1",12,196.01,0.2390,149.163610,0.4147,87.3054609330
2017-09-01,2018,80007195,"South Korea",A1618150102,"AQ MB Elite","Plus 1",12,196.01,0.2617,144.714183,0.4147,84.7012113099
2017-09-01,2018,80007195,"South Korea",A1618150102,"AQ MB Elite","Plus 1",12,196.01,0.2929,138.598671,0.4147,81.1218021363
2017-09-01,2019,80007195,"South Korea",A1618150102,"AQ MB Elite","Plus 1",12,194.68,0.2990,136.470680,0.4147,79.8762890040
2017-09-01,2019,80007195,"South Korea",A1618150102,"AQ MB Elite","Plus 1",12,194.68,0.2557,144.900324,0.4147,84.8101596372
2017-09-01,2019,80007195,"South Korea",A1618150102,"AQ MB Elite","Plus 1",12,194.68,0.2390,148.151480,0.4147,86.7130612440
2017-09-01,2019,80007195,"South Korea",A1618150102,"AQ MB Elite","Plus 1",12,194.68,0.2617,143.732244,0.4147,84.1264824132
2017-09-01,2019,80007195,"South Korea",A1618150102,"AQ MB Elite","Plus 1",12,194.68,0.2929,137.658228,0.4147,80.5713608484
2017-09-01,2020,80007195,"South Korea",A1618150102,"AQ MB Elite","Plus 1",12,214.28,0.2990,150.210280,0.4147,87.9180768840
2017-09-01,2020,80007195,"South Korea",A1618150102,"AQ MB Elite","Plus 1",12,214.28,0.2557,159.488604,0.4147,93.3486799212
2017-09-01,2020,80007195,"South Korea",A1618150102,"AQ MB Elite","Plus 1",12,214.28,0.2390,163.067080,0.4147,95.4431619240
2017-09-01,2020,80007195,"South Korea",A1618150102,"AQ MB Elite","Plus 1",12,214.28,0.2617,158.202924,0.4147,92.5961714172
2017-09-01,2020,80007195,"South Korea",A1618150102,"AQ MB Elite","Plus 1",12,214.28,0.2929,151.517388,0.4147,88.6831271964
2017-09-01,2021,80007195,"South Korea",A1618150102,"AQ MB Elite","Plus 1",12,245.55,0.2990,172.130550,0.4147,100.7480109150
2017-09-01,2021,80007195,"South Korea",A1618150102,"AQ MB Elite","Plus 1",12,245.55,0.2557,182.762865,0.4147,106.9711048845
2017-09-01,2021,80007195,"South Korea",A1618150102,"AQ MB Elite","Plus 1",12,245.55,0.2390,186.863550,0.4147,109.3712358150
2017-09-01,2021,80007195,"South Korea",A1618150102,"AQ MB Elite","Plus 1",12,245.55,0.2617,181.289565,0.4147,106.1087823945
2017-09-01,2021,80007195,"South Korea",A1618150102,"AQ MB Elite","Plus 1",12,245.55,0.2929,173.628405,0.4147,101.6247054465
2017-09-01,2018,90002001,India,A1618150102,"AQ MB Elite","Plus 1",3,49.00,0.2490,36.799000,0.3199,25.0269999000
2017-09-01,2018,90002001,India,A1618150102,"AQ MB Elite","Plus 1",3,49.00,0.2247,37.989700,0.3199,25.8367949700
2017-09-01,2018,90002001,India,A1618150102,"AQ MB Elite","Plus 1",3,49.00,0.1894,39.719400,0.3199,27.0131639400
2017-09-01,2018,90002001,India,A1618150102,"AQ MB Elite","Plus 1",3,49.00,0.2119,38.616900,0.3199,26.2633536900
2017-09-01,2018,90002001,India,A1618150102,"AQ MB Elite","Plus 1",3,49.00,0.1964,39.376400,0.3199,26.7798896400
2017-09-01,2019,90002001,India,A1618150102,"AQ MB Elite","Plus 1",3,48.67,0.2490,36.551170,0.3199,24.8584507170
2017-09-01,2019,90002001,India,A1618150102,"AQ MB Elite","Plus 1",3,48.67,0.2247,37.733851,0.3199,25.6627920651
2017-09-01,2019,90002001,India,A1618150102,"AQ MB Elite","Plus 1",3,48.67,0.1894,39.451902,0.3199,26.8312385502
2017-09-01,2019,90002001,India,A1618150102,"AQ MB Elite","Plus 1",3,48.67,0.2119,38.356827,0.3199,26.0864780427
2017-09-01,2019,90002001,India,A1618150102,"AQ MB Elite","Plus 1",3,48.67,0.1964,39.111212,0.3199,26.5995352812
2017-09-01,2020,90002001,India,A1618150102,"AQ MB Elite","Plus 1",3,53.57,0.2490,40.231070,0.3199,27.3611507070
2017-09-01,2020,90002001,India,A1618150102,"AQ MB Elite","Plus 1",3,53.57,0.2247,41.532821,0.3199,28.2464715621
2017-09-01,2020,90002001,India,A1618150102,"AQ MB Elite","Plus 1",3,53.57,0.1894,43.423842,0.3199,29.5325549442
2017-09-01,2020,90002001,India,A1618150102,"AQ MB Elite","Plus 1",3,53.57,0.2119,42.218517,0.3199,28.7128134117
2017-09-01,2020,90002001,India,A1618150102,"AQ MB Elite","Plus 1",3,53.57,0.1964,43.048852,0.3199,29.2775242452
2017-09-01,2021,90002001,India,A1618150102,"AQ MB Elite","Plus 1",3,61.39,0.2490,46.103890,0.3199,31.3552555890
2017-09-01,2021,90002001,India,A1618150102,"AQ MB Elite","Plus 1",3,61.39,0.2247,47.595667,0.3199,32.3698131267
2017-09-01,2021,90002001,India,A1618150102,"AQ MB Elite","Plus 1",3,61.39,0.1894,49.762734,0.3199,33.8436353934
2017-09-01,2021,90002001,India,A1618150102,"AQ MB Elite","Plus 1",3,61.39,0.2119,48.381459,0.3199,32.9042302659
2017-09-01,2021,90002001,India,A1618150102,"AQ MB Elite","Plus 1",3,61.39,0.1964,49.333004,0.3199,33.5513760204
2017-09-01,2018,90002002,India,A1618150102,"AQ MB Elite","Plus 1",3,49.00,0.2005,39.175500,0.3299,26.2515025500
2017-09-01,2018,90002002,India,A1618150102,"AQ MB Elite","Plus 1",3,49.00,0.1878,39.797800,0.3299,26.6685057800
2017-09-01,2018,90002002,India,A1618150102,"AQ MB Elite","Plus 1",3,49.00,0.1860,39.886000,0.3299,26.7276086000
2017-09-01,2018,90002002,India,A1618150102,"AQ MB Elite","Plus 1",3,49.00,0.3025,34.177500,0.3299,22.9023427500
2017-09-01,2018,90002002,India,A1618150102,"AQ MB Elite","Plus 1",3,49.00,0.1828,40.042800,0.3299,26.8326802800
2017-09-01,2019,90002002,India,A1618150102,"AQ MB Elite","Plus 1",3,48.67,0.2005,38.911665,0.3299,26.0747067165
2017-09-01,2019,90002002,India,A1618150102,"AQ MB Elite","Plus 1",3,48.67,0.1878,39.529774,0.3299,26.4889015574
2017-09-01,2019,90002002,India,A1618150102,"AQ MB Elite","Plus 1",3,48.67,0.1860,39.617380,0.3299,26.5476063380
2017-09-01,2019,90002002,India,A1618150102,"AQ MB Elite","Plus 1",3,48.67,0.3025,33.947325,0.3299,22.7481024825
2017-09-01,2019,90002002,India,A1618150102,"AQ MB Elite","Plus 1",3,48.67,0.1828,39.773124,0.3299,26.6519703924
2017-09-01,2020,90002002,India,A1618150102,"AQ MB Elite","Plus 1",3,53.57,0.2005,42.829215,0.3299,28.6998569715
2017-09-01,2020,90002002,India,A1618150102,"AQ MB Elite","Plus 1",3,53.57,0.1878,43.509554,0.3299,29.1557521354
2017-09-01,2020,90002002,India,A1618150102,"AQ MB Elite","Plus 1",3,53.57,0.1860,43.605980,0.3299,29.2203671980
2017-09-01,2020,90002002,India,A1618150102,"AQ MB Elite","Plus 1",3,53.57,0.3025,37.365075,0.3299,25.0383367575
2017-09-01,2020,90002002,India,A1618150102,"AQ MB Elite","Plus 1",3,53.57,0.1828,43.777404,0.3299,29.3352384204
2017-09-01,2021,90002002,India,A1618150102,"AQ MB Elite","Plus 1",3,61.39,0.2005,49.081305,0.3299,32.8893824805
2017-09-01,2021,90002002,India,A1618150102,"AQ MB Elite","Plus 1",3,61.39,0.1878,49.860958,0.3299,33.4118279558
2017-09-01,2021,90002002,India,A1618150102,"AQ MB Elite","Plus 1",3,61.39,0.1860,49.971460,0.3299,33.4858753460
2017-09-01,2021,90002002,India,A1618150102,"AQ MB Elite","Plus 1",3,61.39,0.3025,42.819525,0.3299,28.6933637025
2017-09-01,2021,90002002,India,A1618150102,"AQ MB Elite","Plus 1",3,61.39,0.1828,50.167908,0.3299,33.6175151508
2017-09-01,2018,90002003,India,A1618150102,"AQ MB Elite","Plus 1",5,81.67,0.2831,58.549223,0.4226,33.8063213602
2017-09-01,2018,90002003,India,A1618150102,"AQ MB Elite","Plus 1",5,81.67,0.2851,58.385883,0.4226,33.7120088442
2017-09-01,2018,90002003,India,A1618150102,"AQ MB Elite","Plus 1",5,81.67,0.2611,60.345963,0.4226,34.8437590362
2017-09-01,2018,90002003,India,A1618150102,"AQ MB Elite","Plus 1",5,81.67,0.3028,56.940324,0.4226,32.8773430776
2017-09-01,2018,90002003,India,A1618150102,"AQ MB Elite","Plus 1",5,81.67,0.2867,58.255211,0.4226,33.6365588314
2017-09-01,2019,90002003,India,A1618150102,"AQ MB Elite","Plus 1",5,81.12,0.2831,58.154928,0.4226,33.5786554272
2017-09-01,2019,90002003,India,A1618150102,"AQ MB Elite","Plus 1",5,81.12,0.2851,57.992688,0.4226,33.4849780512
2017-09-01,2019,90002003,India,A1618150102,"AQ MB Elite","Plus 1",5,81.12,0.2611,59.939568,0.4226,34.6091065632
2017-09-01,2019,90002003,India,A1618150102,"AQ MB Elite","Plus 1",5,81.12,0.3028,56.556864,0.4226,32.6559332736
2017-09-01,2019,90002003,India,A1618150102,"AQ MB Elite","Plus 1",5,81.12,0.2867,57.862896,0.4226,33.4100361504
2017-09-01,2020,90002003,India,A1618150102,"AQ MB Elite","Plus 1",5,89.28,0.2831,64.004832,0.4226,36.9563899968
2017-09-01,2020,90002003,India,A1618150102,"AQ MB Elite","Plus 1",5,89.28,0.2851,63.826272,0.4226,36.8532894528
2017-09-01,2020,90002003,India,A1618150102,"AQ MB Elite","Plus 1",5,89.28,0.2611,65.968992,0.4226,38.0904959808
2017-09-01,2020,90002003,India,A1618150102,"AQ MB Elite","Plus 1",5,89.28,0.3028,62.246016,0.4226,35.9408496384
2017-09-01,2020,90002003,India,A1618150102,"AQ MB Elite","Plus 1",5,89.28,0.2867,63.683424,0.4226,36.7708090176
2017-09-01,2021,90002003,India,A1618150102,"AQ MB Elite","Plus 1",5,102.31,0.2831,73.346039,0.4226,42.3500029186
2017-09-01,2021,90002003,India,A1618150102,"AQ MB Elite","Plus 1",5,102.31,0.2851,73.141419,0.4226,42.2318553306
2017-09-01,2021,90002003,India,A1618150102,"AQ MB Elite","Plus 1",5,102.31,0.2611,75.596859,0.4226,43.6496263866
2017-09-01,2021,90002003,India,A1618150102,"AQ MB Elite","Plus 1",5,102.31,0.3028,71.330532,0.4226,41.1862491768
2017-09-01,2021,90002003,India,A1618150102,"AQ MB Elite","Plus 1",5,102.31,0.2867,72.977723,0.4226,42.1373372602
2017-09-01,2018,90002005,India,A1618150102,"AQ MB Elite","Plus 1",1,16.33,0.2121,12.866407,0.3404,8.4866820572
2017-09-01,2018,90002005,India,A1618150102,"AQ MB Elite","Plus 1",1,16.33,0.2610,12.067870,0.3404,7.9599670520
2017-09-01,2018,90002005,India,A1618150102,"AQ MB Elite","Plus 1",1,16.33,0.2350,12.492450,0.3404,8.2400200200
2017-09-01,2018,90002005,India,A1618150102,"AQ MB Elite","Plus 1",1,16.33,0.2702,11.917634,0.3404,7.8608713864
2017-09-01,2018,90002005,India,A1618150102,"AQ MB Elite","Plus 1",1,16.33,0.2473,12.291591,0.3404,8.1075334236
2017-09-01,2019,90002005,India,A1618150102,"AQ MB Elite","Plus 1",1,16.22,0.2121,12.779738,0.3404,8.4295151848
2017-09-01,2019,90002005,India,A1618150102,"AQ MB Elite","Plus 1",1,16.22,0.2610,11.986580,0.3404,7.9063481680
2017-09-01,2019,90002005,India,A1618150102,"AQ MB Elite","Plus 1",1,16.22,0.2350,12.408300,0.3404,8.1845146800
2017-09-01,2019,90002005,India,A1618150102,"AQ MB Elite","Plus 1",1,16.22,0.2702,11.837356,0.3404,7.8079200176
2017-09-01,2019,90002005,India,A1618150102,"AQ MB Elite","Plus 1",1,16.22,0.2473,12.208794,0.3404,8.0529205224
2017-09-01,2020,90002005,India,A1618150102,"AQ MB Elite","Plus 1",1,17.86,0.2121,14.071894,0.3404,9.2818212824
2017-09-01,2020,90002005,India,A1618150102,"AQ MB Elite","Plus 1",1,17.86,0.2610,13.198540,0.3404,8.7057569840
2017-09-01,2020,90002005,India,A1618150102,"AQ MB Elite","Plus 1",1,17.86,0.2350,13.662900,0.3404,9.0120488400
2017-09-01,2020,90002005,India,A1618150102,"AQ MB Elite","Plus 1",1,17.86,0.2702,13.034228,0.3404,8.5973767888
2017-09-01,2020,90002005,India,A1618150102,"AQ MB Elite","Plus 1",1,17.86,0.2473,13.443222,0.3404,8.8671492312
2017-09-01,2021,90002005,India,A1618150102,"AQ MB Elite","Plus 1",1,20.46,0.2121,16.120434,0.3404,10.6330382664
2017-09-01,2021,90002005,India,A1618150102,"AQ MB Elite","Plus 1",1,20.46,0.2610,15.119940,0.3404,9.9731124240
2017-09-01,2021,90002005,India,A1618150102,"AQ MB Elite","Plus 1",1,20.46,0.2350,15.651900,0.3404,10.3239932400
2017-09-01,2021,90002005,India,A1618150102,"AQ MB Elite","Plus 1",1,20.46,0.2702,14.931708,0.3404,9.8489545968
2017-09-01,2021,90002005,India,A1618150102,"AQ MB Elite","Plus 1",1,20.46,0.2473,15.400242,0.3404,10.1579996232
2017-09-01,2018,90002006,India,A1618150102,"AQ MB Elite","Plus 1",1,16.33,0.2923,11.556741,0.3303,7.7395494477
2017-09-01,2018,90002006,India,A1618150102,"AQ MB Elite","Plus 1",1,16.33,0.2695,11.929065,0.3303,7.9888948305
2017-09-01,2018,90002006,India,A1618150102,"AQ MB Elite","Plus 1",1,16.33,0.2398,12.414066,0.3303,8.3137000002
2017-09-01,2018,90002006,India,A1618150102,"AQ MB Elite","Plus 1",1,16.33,0.3038,11.368946,0.3303,7.6137831362
2017-09-01,2018,90002006,India,A1618150102,"AQ MB Elite","Plus 1",1,16.33,0.2841,11.690647,0.3303,7.8292262959
2017-09-01,2019,90002006,India,A1618150102,"AQ MB Elite","Plus 1",1,16.22,0.2923,11.478894,0.3303,7.6874153118
2017-09-01,2019,90002006,India,A1618150102,"AQ MB Elite","Plus 1",1,16.22,0.2695,11.848710,0.3303,7.9350810870
2017-09-01,2019,90002006,India,A1618150102,"AQ MB Elite","Plus 1",1,16.22,0.2398,12.330444,0.3303,8.2576983468
2017-09-01,2019,90002006,India,A1618150102,"AQ MB Elite","Plus 1",1,16.22,0.3038,11.292364,0.3303,7.5624961708
2017-09-01,2019,90002006,India,A1618150102,"AQ MB Elite","Plus 1",1,16.22,0.2841,11.611898,0.3303,7.7764880906
2017-09-01,2020,90002006,India,A1618150102,"AQ MB Elite","Plus 1",1,17.86,0.2923,12.639522,0.3303,8.4646878834
2017-09-01,2020,90002006,India,A1618150102,"AQ MB Elite","Plus 1",1,17.86,0.2695,13.046730,0.3303,8.7373950810
2017-09-01,2020,90002006,India,A1618150102,"AQ MB Elite","Plus 1",1,17.86,0.2398,13.577172,0.3303,9.0926320884
2017-09-01,2020,90002006,India,A1618150102,"AQ MB Elite","Plus 1",1,17.86,0.3038,12.434132,0.3303,8.3271382004
2017-09-01,2020,90002006,India,A1618150102,"AQ MB Elite","Plus 1",1,17.86,0.2841,12.785974,0.3303,8.5627667878
2017-09-01,2021,90002006,India,A1618150102,"AQ MB Elite","Plus 1",1,20.46,0.2923,14.479542,0.3303,9.6969492774
2017-09-01,2021,90002006,India,A1618150102,"AQ MB Elite","Plus 1",1,20.46,0.2695,14.946030,0.3303,10.0093562910
2017-09-01,2021,90002006,India,A1618150102,"AQ MB Elite","Plus 1",1,20.46,0.2398,15.553692,0.3303,10.4163075324
2017-09-01,2021,90002006,India,A1618150102,"AQ MB Elite","Plus 1",1,20.46,0.3038,14.244252,0.3303,9.5393755644
2017-09-01,2021,90002006,India,A1618150102,"AQ MB Elite","Plus 1",1,20.46,0.2841,14.647314,0.3303,9.8093061858
2017-09-01,2018,90002007,India,A1618150102,"AQ MB Elite","Plus 1",1,16.33,0.2265,12.631255,0.3334,8.4199945830
2017-09-01,2018,90002007,India,A1618150102,"AQ MB Elite","Plus 1",1,16.33,0.3035,11.373845,0.3334,7.5818050770
2017-09-01,2018,90002007,India,A1618150102,"AQ MB Elite","Plus 1",1,16.33,0.2620,12.051540,0.3334,8.0335565640
2017-09-01,2018,90002007,India,A1618150102,"AQ MB Elite","Plus 1",1,16.33,0.2508,12.234436,0.3334,8.1554750376
2017-09-01,2018,90002007,India,A1618150102,"AQ MB Elite","Plus 1",1,16.33,0.2599,12.085833,0.3334,8.0564162778
2017-09-01,2019,90002007,India,A1618150102,"AQ MB Elite","Plus 1",1,16.22,0.2265,12.546170,0.3334,8.3632769220
2017-09-01,2019,90002007,India,A1618150102,"AQ MB Elite","Plus 1",1,16.22,0.3035,11.297230,0.3334,7.5307335180
2017-09-01,2019,90002007,India,A1618150102,"AQ MB Elite","Plus 1",1,16.22,0.2620,11.970360,0.3334,7.9794419760
2017-09-01,2019,90002007,India,A1618150102,"AQ MB Elite","Plus 1",1,16.22,0.2508,12.152024,0.3334,8.1005391984
2017-09-01,2019,90002007,India,A1618150102,"AQ MB Elite","Plus 1",1,16.22,0.2599,12.004422,0.3334,8.0021477052
2017-09-01,2020,90002007,India,A1618150102,"AQ MB Elite","Plus 1",1,17.86,0.2265,13.814710,0.3334,9.2088856860
2017-09-01,2020,90002007,India,A1618150102,"AQ MB Elite","Plus 1",1,17.86,0.3035,12.439490,0.3334,8.2921640340
2017-09-01,2020,90002007,India,A1618150102,"AQ MB Elite","Plus 1",1,17.86,0.2620,13.180680,0.3334,8.7862412880
2017-09-01,2020,90002007,India,A1618150102,"AQ MB Elite","Plus 1",1,17.86,0.2508,13.380712,0.3334,8.9195826192
2017-09-01,2020,90002007,India,A1618150102,"AQ MB Elite","Plus 1",1,17.86,0.2599,13.218186,0.3334,8.8112427876
2017-09-01,2021,90002007,India,A1618150102,"AQ MB Elite","Plus 1",1,20.46,0.2265,15.825810,0.3334,10.5494849460
2017-09-01,2021,90002007,India,A1618150102,"AQ MB Elite","Plus 1",1,20.46,0.3035,14.250390,0.3334,9.4993099740
2017-09-01,2021,90002007,India,A1618150102,"AQ MB Elite","Plus 1",1,20.46,0.2620,15.099480,0.3334,10.0653133680
2017-09-01,2021,90002007,India,A1618150102,"AQ MB Elite","Plus 1",1,20.46,0.2508,15.328632,0.3334,10.2180660912
2017-09-01,2021,90002007,India,A1618150102,"AQ MB Elite","Plus 1",1,20.46,0.2599,15.142446,0.3334,10.0939545036
2017-09-01,2018,90002009,India,A1618150102,"AQ MB Elite","Plus 1",4,65.34,0.2156,51.252696,0.3098,35.3746107792
2017-09-01,2018,90002009,India,A1618150102,"AQ MB Elite","Plus 1",4,65.34,0.2910,46.326060,0.3098,31.9742466120
2017-09-01,2018,90002009,India,A1618150102,"AQ MB Elite","Plus 1",4,65.34,0.2826,46.874916,0.3098,32.3530670232
2017-09-01,2018,90002009,India,A1618150102,"AQ MB Elite","Plus 1",4,65.34,0.3083,45.195678,0.3098,31.1940569556
2017-09-01,2018,90002009,India,A1618150102,"AQ MB Elite","Plus 1",4,65.34,0.1895,52.958070,0.3098,36.5516599140
2017-09-01,2019,90002009,India,A1618150102,"AQ MB Elite","Plus 1",4,64.89,0.2156,50.899716,0.3098,35.1309839832
2017-09-01,2019,90002009,India,A1618150102,"AQ MB Elite","Plus 1",4,64.89,0.2910,46.007010,0.3098,31.7540383020
2017-09-01,2019,90002009,India,A1618150102,"AQ MB Elite","Plus 1",4,64.89,0.2826,46.552086,0.3098,32.1302497572
2017-09-01,2019,90002009,India,A1618150102,"AQ MB Elite","Plus 1",4,64.89,0.3083,44.884413,0.3098,30.9792218526
2017-09-01,2019,90002009,India,A1618150102,"AQ MB Elite","Plus 1",4,64.89,0.1895,52.593345,0.3098,36.2999267190
2017-09-01,2020,90002009,India,A1618150102,"AQ MB Elite","Plus 1",4,71.43,0.2156,56.029692,0.3098,38.6716934184
2017-09-01,2020,90002009,India,A1618150102,"AQ MB Elite","Plus 1",4,71.43,0.2910,50.643870,0.3098,34.9543990740
2017-09-01,2020,90002009,India,A1618150102,"AQ MB Elite","Plus 1",4,71.43,0.2826,51.243882,0.3098,35.3685273564
2017-09-01,2020,90002009,India,A1618150102,"AQ MB Elite","Plus 1",4,71.43,0.3083,49.408131,0.3098,34.1014920162
2017-09-01,2020,90002009,India,A1618150102,"AQ MB Elite","Plus 1",4,71.43,0.1895,57.894015,0.3098,39.9584491530
2017-09-01,2021,90002009,India,A1618150102,"AQ MB Elite","Plus 1",4,81.85,0.2156,64.203140,0.3098,44.3130072280
2017-09-01,2021,90002009,India,A1618150102,"AQ MB Elite","Plus 1",4,81.85,0.2910,58.031650,0.3098,40.0534448300
2017-09-01,2021,90002009,India,A1618150102,"AQ MB Elite","Plus 1",4,81.85,0.2826,58.719190,0.3098,40.5279849380
2017-09-01,2021,90002009,India,A1618150102,"AQ MB Elite","Plus 1",4,81.85,0.3083,56.615645,0.3098,39.0761181790
2017-09-01,2021,90002009,India,A1618150102,"AQ MB Elite","Plus 1",4,81.85,0.1895,66.339425,0.3098,45.7874711350
2017-09-01,2018,90002010,India,A1618150102,"AQ MB Elite","Plus 1",2,32.67,0.2242,25.345386,0.4121,14.9005524294
2017-09-01,2018,90002010,India,A1618150102,"AQ MB Elite","Plus 1",2,32.67,0.1832,26.684856,0.4121,15.6880268424
2017-09-01,2018,90002010,India,A1618150102,"AQ MB Elite","Plus 1",2,32.67,0.2076,25.887708,0.4121,15.2193835332
2017-09-01,2018,90002010,India,A1618150102,"AQ MB Elite","Plus 1",2,32.67,0.2259,25.289847,0.4121,14.8679010513
2017-09-01,2018,90002010,India,A1618150102,"AQ MB Elite","Plus 1",2,32.67,0.2714,23.803362,0.4121,13.9939965198
2017-09-01,2019,90002010,India,A1618150102,"AQ MB Elite","Plus 1",2,32.45,0.2242,25.174710,0.4121,14.8002120090
2017-09-01,2019,90002010,India,A1618150102,"AQ MB Elite","Plus 1",2,32.45,0.1832,26.505160,0.4121,15.5823835640
2017-09-01,2019,90002010,India,A1618150102,"AQ MB Elite","Plus 1",2,32.45,0.2076,25.713380,0.4121,15.1168961020
2017-09-01,2019,90002010,India,A1618150102,"AQ MB Elite","Plus 1",2,32.45,0.2259,25.119545,0.4121,14.7677805055
2017-09-01,2019,90002010,India,A1618150102,"AQ MB Elite","Plus 1",2,32.45,0.2714,23.643070,0.4121,13.8997608530
2017-09-01,2020,90002010,India,A1618150102,"AQ MB Elite","Plus 1",2,35.71,0.2242,27.703818,0.4121,16.2870746022
2017-09-01,2020,90002010,India,A1618150102,"AQ MB Elite","Plus 1",2,35.71,0.1832,29.167928,0.4121,17.1478248712
2017-09-01,2020,90002010,India,A1618150102,"AQ MB Elite","Plus 1",2,35.71,0.2076,28.296604,0.4121,16.6355734916
2017-09-01,2020,90002010,India,A1618150102,"AQ MB Elite","Plus 1",2,35.71,0.2259,27.643111,0.4121,16.2513849569
2017-09-01,2020,90002010,India,A1618150102,"AQ MB Elite","Plus 1",2,35.71,0.2714,26.018306,0.4121,15.2961620974
2017-09-01,2021,90002010,India,A1618150102,"AQ MB Elite","Plus 1",2,40.93,0.2242,31.753494,0.4121,18.6678791226
2017-09-01,2021,90002010,India,A1618150102,"AQ MB Elite","Plus 1",2,40.93,0.1832,33.431624,0.4121,19.6544517496
2017-09-01,2021,90002010,India,A1618150102,"AQ MB Elite","Plus 1",2,40.93,0.2076,32.432932,0.4121,19.0673207228
2017-09-01,2021,90002010,India,A1618150102,"AQ MB Elite","Plus 1",2,40.93,0.2259,31.683913,0.4121,18.6269724527
2017-09-01,2021,90002010,India,A1618150102,"AQ MB Elite","Plus 1",2,40.93,0.2714,29.821598,0.4121,17.5321174642
2017-09-01,2018,90002011,India,A1618150102,"AQ MB Elite","Plus 1",1,16.33,0.2902,11.591034,0.3955,7.0067800530
2017-09-01,2018,90002011,India,A1618150102,"AQ MB Elite","Plus 1",1,16.33,0.3077,11.305259,0.3955,6.8340290655
2017-09-01,2018,90002011,India,A1618150102,"AQ MB Elite","Plus 1",1,16.33,0.2656,11.992752,0.3955,7.2496185840
2017-09-01,2018,90002011,India,A1618150102,"AQ MB Elite","Plus 1",1,16.33,0.2793,11.769031,0.3955,7.1143792395
2017-09-01,2018,90002011,India,A1618150102,"AQ MB Elite","Plus 1",1,16.33,0.1945,13.153815,0.3955,7.9514811675
2017-09-01,2019,90002011,India,A1618150102,"AQ MB Elite","Plus 1",1,16.22,0.2902,11.512956,0.3955,6.9595819020
2017-09-01,2019,90002011,India,A1618150102,"AQ MB Elite","Plus 1",1,16.22,0.3077,11.229106,0.3955,6.7879945770
2017-09-01,2019,90002011,India,A1618150102,"AQ MB Elite","Plus 1",1,16.22,0.2656,11.911968,0.3955,7.2007846560
2017-09-01,2019,90002011,India,A1618150102,"AQ MB Elite","Plus 1",1,16.22,0.2793,11.689754,0.3955,7.0664562930
2017-09-01,2019,90002011,India,A1618150102,"AQ MB Elite","Plus 1",1,16.22,0.1945,13.065210,0.3955,7.8979194450
2017-09-01,2020,90002011,India,A1618150102,"AQ MB Elite","Plus 1",1,17.86,0.2902,12.677028,0.3955,7.6632634260
2017-09-01,2020,90002011,India,A1618150102,"AQ MB Elite","Plus 1",1,17.86,0.3077,12.364478,0.3955,7.4743269510
2017-09-01,2020,90002011,India,A1618150102,"AQ MB Elite","Plus 1",1,17.86,0.2656,13.116384,0.3955,7.9288541280
2017-09-01,2020,90002011,India,A1618150102,"AQ MB Elite","Plus 1",1,17.86,0.2793,12.871702,0.3955,7.7809438590
2017-09-01,2020,90002011,India,A1618150102,"AQ MB Elite","Plus 1",1,17.86,0.1945,14.386230,0.3955,8.6964760350
2017-09-01,2021,90002011,India,A1618150102,"AQ MB Elite","Plus 1",1,20.46,0.2902,14.522508,0.3955,8.7788560860
2017-09-01,2021,90002011,India,A1618150102,"AQ MB Elite","Plus 1",1,20.46,0.3077,14.164458,0.3955,8.5624148610
2017-09-01,2021,90002011,India,A1618150102,"AQ MB Elite","Plus 1",1,20.46,0.2656,15.025824,0.3955,9.0831106080
2017-09-01,2021,90002011,India,A1618150102,"AQ MB Elite","Plus 1",1,20.46,0.2793,14.745522,0.3955,8.9136680490
2017-09-01,2021,90002011,India,A1618150102,"AQ MB Elite","Plus 1",1,20.46,0.1945,16.480530,0.3955,9.9624803850
2017-09-01,2018,90002013,India,A1618150102,"AQ MB Elite","Plus 1",3,49.00,0.2644,36.044400,0.3353,23.9587126800
2017-09-01,2018,90002013,India,A1618150102,"AQ MB Elite","Plus 1",3,49.00,0.2436,37.063600,0.3353,24.6361749200
2017-09-01,2018,90002013,India,A1618150102,"AQ MB Elite","Plus 1",3,49.00,0.2885,34.863500,0.3353,23.1737684500
2017-09-01,2018,90002013,India,A1618150102,"AQ MB Elite","Plus 1",3,49.00,0.2253,37.960300,0.3353,25.2322114100
2017-09-01,2018,90002013,India,A1618150102,"AQ MB Elite","Plus 1",3,49.00,0.2022,39.092200,0.3353,25.9845853400
2017-09-01,2019,90002013,India,A1618150102,"AQ MB Elite","Plus 1",3,48.67,0.2644,35.801652,0.3353,23.7973580844
2017-09-01,2019,90002013,India,A1618150102,"AQ MB Elite","Plus 1",3,48.67,0.2436,36.813988,0.3353,24.4702578236
2017-09-01,2019,90002013,India,A1618150102,"AQ MB Elite","Plus 1",3,48.67,0.2885,34.628705,0.3353,23.0177002135
2017-09-01,2019,90002013,India,A1618150102,"AQ MB Elite","Plus 1",3,48.67,0.2253,37.704649,0.3353,25.0622801903
2017-09-01,2019,90002013,India,A1618150102,"AQ MB Elite","Plus 1",3,48.67,0.2022,38.828926,0.3353,25.8095871122
2017-09-01,2020,90002013,India,A1618150102,"AQ MB Elite","Plus 1",3,53.57,0.2644,39.406092,0.3353,26.1932293524
2017-09-01,2020,90002013,India,A1618150102,"AQ MB Elite","Plus 1",3,53.57,0.2436,40.520348,0.3353,26.9338753156
2017-09-01,2020,90002013,India,A1618150102,"AQ MB Elite","Plus 1",3,53.57,0.2885,38.115055,0.3353,25.3350770585
2017-09-01,2020,90002013,India,A1618150102,"AQ MB Elite","Plus 1",3,53.57,0.2253,41.500679,0.3353,27.5855013313
2017-09-01,2020,90002013,India,A1618150102,"AQ MB Elite","Plus 1",3,53.57,0.2022,42.738146,0.3353,28.4080456462
2017-09-01,2021,90002013,India,A1618150102,"AQ MB Elite","Plus 1",3,61.39,0.2644,45.158484,0.3353,30.0168443148
2017-09-01,2021,90002013,India,A1618150102,"AQ MB Elite","Plus 1",3,61.39,0.2436,46.435396,0.3353,30.8656077212
2017-09-01,2021,90002013,India,A1618150102,"AQ MB Elite","Plus 1",3,61.39,0.2885,43.678985,0.3353,29.0334213295
2017-09-01,2021,90002013,India,A1618150102,"AQ MB Elite","Plus 1",3,61.39,0.2253,47.558833,0.3353,31.6123562951
2017-09-01,2021,90002013,India,A1618150102,"AQ MB Elite","Plus 1",3,61.39,0.2022,48.976942,0.3353,32.5549733474
2017-09-01,2018,90002014,India,A1618150102,"AQ MB Elite","Plus 1",3,49.00,0.2971,34.442100,0.3609,22.0119461100
2017-09-01,2018,90002014,India,A1618150102,"AQ MB Elite","Plus 1",3,49.00,0.2704,35.750400,0.3609,22.8480806400
2017-09-01,2018,90002014,India,A1618150102,"AQ MB Elite","Plus 1",3,49.00,0.2654,35.995400,0.3609,23.0046601400
2017-09-01,2018,90002014,India,A1618150102,"AQ MB Elite","Plus 1",3,49.00,0.2057,38.920700,0.3609,24.8742193700
2017-09-01,2018,90002014,India,A1618150102,"AQ MB Elite","Plus 1",3,49.00,0.2648,36.024800,0.3609,23.0234496800
2017-09-01,2019,90002014,India,A1618150102,"AQ MB Elite","Plus 1",3,48.67,0.2971,34.210143,0.3609,21.8637023913
2017-09-01,2019,90002014,India,A1618150102,"AQ MB Elite","Plus 1",3,48.67,0.2704,35.509632,0.3609,22.6942058112
2017-09-01,2019,90002014,India,A1618150102,"AQ MB Elite","Plus 1",3,48.67,0.2654,35.752982,0.3609,22.8497307962
2017-09-01,2019,90002014,India,A1618150102,"AQ MB Elite","Plus 1",3,48.67,0.2057,38.658581,0.3609,24.7066991171
2017-09-01,2019,90002014,India,A1618150102,"AQ MB Elite","Plus 1",3,48.67,0.2648,35.782184,0.3609,22.8683937944
2017-09-01,2020,90002014,India,A1618150102,"AQ MB Elite","Plus 1",3,53.57,0.2971,37.654353,0.3609,24.0648970023
2017-09-01,2020,90002014,India,A1618150102,"AQ MB Elite","Plus 1",3,53.57,0.2704,39.084672,0.3609,24.9790138752
2017-09-01,2020,90002014,India,A1618150102,"AQ MB Elite","Plus 1",3,53.57,0.2654,39.352522,0.3609,25.1501968102
2017-09-01,2020,90002014,India,A1618150102,"AQ MB Elite","Plus 1",3,53.57,0.2057,42.550651,0.3609,27.1941210541
2017-09-01,2020,90002014,India,A1618150102,"AQ MB Elite","Plus 1",3,53.57,0.2648,39.384664,0.3609,25.1707387624
2017-09-01,2021,90002014,India,A1618150102,"AQ MB Elite","Plus 1",3,61.39,0.2971,43.151031,0.3609,27.5778239121
2017-09-01,2021,90002014,India,A1618150102,"AQ MB Elite","Plus 1",3,61.39,0.2704,44.790144,0.3609,28.6253810304
2017-09-01,2021,90002014,India,A1618150102,"AQ MB Elite","Plus 1",3,61.39,0.2654,45.097094,0.3609,28.8215527754
2017-09-01,2021,90002014,India,A1618150102,"AQ MB Elite","Plus 1",3,61.39,0.2057,48.762077,0.3609,31.1638434107
2017-09-01,2021,90002014,India,A1618150102,"AQ MB Elite","Plus 1",3,61.39,0.2648,45.133928,0.3609,28.8450933848
2017-09-01,2018,90002015,India,A1618150102,"AQ MB Elite","Plus 1",4,65.34,0.2860,46.652760,0.3160,31.9104878400
2017-09-01,2018,90002015,India,A1618150102,"AQ MB Elite","Plus 1",4,65.34,0.2504,48.978864,0.3160,33.5015429760
2017-09-01,2018,90002015,India,A1618150102,"AQ MB Elite","Plus 1",4,65.34,0.2227,50.788782,0.3160,34.7395268880
2017-09-01,2018,90002015,India,A1618150102,"AQ MB Elite","Plus 1",4,65.34,0.2004,52.245864,0.3160,35.7361709760
2017-09-01,2018,90002015,India,A1618150102,"AQ MB Elite","Plus 1",4,65.34,0.2156,51.252696,0.3160,35.0568440640
2017-09-01,2019,90002015,India,A1618150102,"AQ MB Elite","Plus 1",4,64.89,0.2860,46.331460,0.3160,31.6907186400
2017-09-01,2019,90002015,India,A1618150102,"AQ MB Elite","Plus 1",4,64.89,0.2504,48.641544,0.3160,33.2708160960
2017-09-01,2019,90002015,India,A1618150102,"AQ MB Elite","Plus 1",4,64.89,0.2227,50.438997,0.3160,34.5002739480
2017-09-01,2019,90002015,India,A1618150102,"AQ MB Elite","Plus 1",4,64.89,0.2004,51.886044,0.3160,35.4900540960
2017-09-01,2019,90002015,India,A1618150102,"AQ MB Elite","Plus 1",4,64.89,0.2156,50.899716,0.3160,34.8154057440
2017-09-01,2020,90002015,India,A1618150102,"AQ MB Elite","Plus 1",4,71.43,0.2860,51.001020,0.3160,34.8846976800
2017-09-01,2020,90002015,India,A1618150102,"AQ MB Elite","Plus 1",4,71.43,0.2504,53.543928,0.3160,36.6240467520
2017-09-01,2020,90002015,India,A1618150102,"AQ MB Elite","Plus 1",4,71.43,0.2227,55.522539,0.3160,37.9774166760
2017-09-01,2020,90002015,India,A1618150102,"AQ MB Elite","Plus 1",4,71.43,0.2004,57.115428,0.3160,39.0669527520
2017-09-01,2020,90002015,India,A1618150102,"AQ MB Elite","Plus 1",4,71.43,0.2156,56.029692,0.3160,38.3243093280
2017-09-01,2021,90002015,India,A1618150102,"AQ MB Elite","Plus 1",4,81.85,0.2860,58.440900,0.3160,39.9735756000
2017-09-01,2021,90002015,India,A1618150102,"AQ MB Elite","Plus 1",4,81.85,0.2504,61.354760,0.3160,41.9666558400
2017-09-01,2021,90002015,India,A1618150102,"AQ MB Elite","Plus 1",4,81.85,0.2227,63.622005,0.3160,43.5174514200
2017-09-01,2021,90002015,India,A1618150102,"AQ MB Elite","Plus 1",4,81.85,0.2004,65.447260,0.3160,44.7659258400
2017-09-01,2021,90002015,India,A1618150102,"AQ MB Elite","Plus 1",4,81.85,0.2156,64.203140,0.3160,43.9149477600
2017-09-01,2018,90003179,Indonesia,A1618150102,"AQ MB Elite","Plus 1",1,16.33,0.2193,12.748831,0.3875,7.8086589875
2017-09-01,2018,90003179,Indonesia,A1618150102,"AQ MB Elite","Plus 1",1,16.33,0.2229,12.690043,0.3875,7.7726513375
2017-09-01,2018,90003179,Indonesia,A1618150102,"AQ MB Elite","Plus 1",1,16.33,0.2400,12.410800,0.3875,7.6016150000
2017-09-01,2018,90003179,Indonesia,A1618150102,"AQ MB Elite","Plus 1",1,16.33,0.2455,12.320985,0.3875,7.5466033125
2017-09-01,2018,90003179,Indonesia,A1618150102,"AQ MB Elite","Plus 1",1,16.33,0.2730,11.871910,0.3875,7.2715448750
2017-09-01,2019,90003179,Indonesia,A1618150102,"AQ MB Elite","Plus 1",1,16.22,0.2193,12.662954,0.3875,7.7560593250
2017-09-01,2019,90003179,Indonesia,A1618150102,"AQ MB Elite","Plus 1",1,16.22,0.2229,12.604562,0.3875,7.7202942250
2017-09-01,2019,90003179,Indonesia,A1618150102,"AQ MB Elite","Plus 1",1,16.22,0.2400,12.327200,0.3875,7.5504100000
2017-09-01,2019,90003179,Indonesia,A1618150102,"AQ MB Elite","Plus 1",1,16.22,0.2455,12.237990,0.3875,7.4957688750
2017-09-01,2019,90003179,Indonesia,A1618150102,"AQ MB Elite","Plus 1",1,16.22,0.2730,11.791940,0.3875,7.2225632500
2017-09-01,2020,90003179,Indonesia,A1618150102,"AQ MB Elite","Plus 1",1,17.86,0.2193,13.943302,0.3875,8.5402724750
2017-09-01,2020,90003179,Indonesia,A1618150102,"AQ MB Elite","Plus 1",1,17.86,0.2229,13.879006,0.3875,8.5008911750
2017-09-01,2020,90003179,Indonesia,A1618150102,"AQ MB Elite","Plus 1",1,17.86,0.2400,13.573600,0.3875,8.3138300000
2017-09-01,2020,90003179,Indonesia,A1618150102,"AQ MB Elite","Plus 1",1,17.86,0.2455,13.475370,0.3875,8.2536641250
2017-09-01,2020,90003179,Indonesia,A1618150102,"AQ MB Elite","Plus 1",1,17.86,0.2730,12.984220,0.3875,7.9528347500
2017-09-01,2021,90003179,Indonesia,A1618150102,"AQ MB Elite","Plus 1",1,20.46,0.2193,15.973122,0.3875,9.7835372250
2017-09-01,2021,90003179,Indonesia,A1618150102,"AQ MB Elite","Plus 1",1,20.46,0.2229,15.899466,0.3875,9.7384229250
2017-09-01,2021,90003179,Indonesia,A1618150102,"AQ MB Elite","Plus 1",1,20.46,0.2400,15.549600,0.3875,9.5241300000
2017-09-01,2021,90003179,Indonesia,A1618150102,"AQ MB Elite","Plus 1",1,20.46,0.2455,15.437070,0.3875,9.4552053750
2017-09-01,2021,90003179,Indonesia,A1618150102,"AQ MB Elite","Plus 1",1,20.46,0.2730,14.874420,0.3875,9.1105822500
2017-09-01,2018,90007197,"South Korea",A1618150102,"AQ MB Elite","Plus 1",3,49.00,0.2031,39.048100,0.3605,24.9712599500
2017-09-01,2018,90007197,"South Korea",A1618150102,"AQ MB Elite","Plus 1",3,49.00,0.1903,39.675300,0.3605,25.3723543500
2017-09-01,2018,90007197,"South Korea",A1618150102,"AQ MB Elite","Plus 1",3,49.00,0.2182,38.308200,0.3605,24.4980939000
2017-09-01,2018,90007197,"South Korea",A1618150102,"AQ MB Elite","Plus 1",3,49.00,0.2009,39.155900,0.3605,25.0401980500
2017-09-01,2018,90007197,"South Korea",A1618150102,"AQ MB Elite","Plus 1",3,49.00,0.2989,34.353900,0.3605,21.9693190500
2017-09-01,2019,90007197,"South Korea",A1618150102,"AQ MB Elite","Plus 1",3,48.67,0.2031,38.785123,0.3605,24.8030861585
2017-09-01,2019,90007197,"South Korea",A1618150102,"AQ MB Elite","Plus 1",3,48.67,0.1903,39.408099,0.3605,25.2014793105
2017-09-01,2019,90007197,"South Korea",A1618150102,"AQ MB Elite","Plus 1",3,48.67,0.2182,38.050206,0.3605,24.3331067370
2017-09-01,2019,90007197,"South Korea",A1618150102,"AQ MB Elite","Plus 1",3,48.67,0.2009,38.892197,0.3605,24.8715599815
2017-09-01,2019,90007197,"South Korea",A1618150102,"AQ MB Elite","Plus 1",3,48.67,0.2989,34.122537,0.3605,21.8213624115
2017-09-01,2020,90007197,"South Korea",A1618150102,"AQ MB Elite","Plus 1",3,53.57,0.2031,42.689933,0.3605,27.3002121535
2017-09-01,2020,90007197,"South Korea",A1618150102,"AQ MB Elite","Plus 1",3,53.57,0.1903,43.375629,0.3605,27.7387147455
2017-09-01,2020,90007197,"South Korea",A1618150102,"AQ MB Elite","Plus 1",3,53.57,0.2182,41.881026,0.3605,26.7829161270
2017-09-01,2020,90007197,"South Korea",A1618150102,"AQ MB Elite","Plus 1",3,53.57,0.2009,42.807787,0.3605,27.3755797865
2017-09-01,2020,90007197,"South Korea",A1618150102,"AQ MB Elite","Plus 1",3,53.57,0.2989,37.557927,0.3605,24.0182943165
2017-09-01,2021,90007197,"South Korea",A1618150102,"AQ MB Elite","Plus 1",3,61.39,0.2031,48.921691,0.3605,31.2854213945
2017-09-01,2021,90007197,"South Korea",A1618150102,"AQ MB Elite","Plus 1",3,61.39,0.1903,49.707483,0.3605,31.7879353785
2017-09-01,2021,90007197,"South Korea",A1618150102,"AQ MB Elite","Plus 1",3,61.39,0.2182,47.994702,0.3605,30.6926119290
2017-09-01,2021,90007197,"South Korea",A1618150102,"AQ MB Elite","Plus 1",3,61.39,0.2009,49.056749,0.3605,31.3717909855
2017-09-01,2021,90007197,"South Korea",A1618150102,"AQ MB Elite","Plus 1",3,61.39,0.2989,43.040529,0.3605,27.5244182955
2017-09-01,2018,90008165,Australia,A1618150102,"AQ MB Elite","Plus 1",1,16.33,0.2849,11.677583,0.2991,8.1848179247
2017-09-01,2018,90008165,Australia,A1618150102,"AQ MB Elite","Plus 1",1,16.33,0.2483,12.275261,0.2991,8.6037304349
2017-09-01,2018,90008165,Australia,A1618150102,"AQ MB Elite","Plus 1",1,16.33,0.2609,12.069503,0.2991,8.4595146527
2017-09-01,2018,90008165,Australia,A1618150102,"AQ MB Elite","Plus 1",1,16.33,0.2136,12.841912,0.2991,9.0008961208
2017-09-01,2018,90008165,Australia,A1618150102,"AQ MB Elite","Plus 1",1,16.33,0.2728,11.875176,0.2991,8.3233108584
2017-09-01,2019,90008165,Australia,A1618150102,"AQ MB Elite","Plus 1",1,16.22,0.2849,11.598922,0.2991,8.1296844298
2017-09-01,2019,90008165,Australia,A1618150102,"AQ MB Elite","Plus 1",1,16.22,0.2483,12.192574,0.2991,8.5457751166
2017-09-01,2019,90008165,Australia,A1618150102,"AQ MB Elite","Plus 1",1,16.22,0.2609,11.988202,0.2991,8.4025307818
2017-09-01,2019,90008165,Australia,A1618150102,"AQ MB Elite","Plus 1",1,16.22,0.2136,12.755408,0.2991,8.9402654672
2017-09-01,2019,90008165,Australia,A1618150102,"AQ MB Elite","Plus 1",1,16.22,0.2728,11.795184,0.2991,8.2672444656
2017-09-01,2020,90008165,Australia,A1618150102,"AQ MB Elite","Plus 1",1,17.86,0.2849,12.771686,0.2991,8.9516747174
2017-09-01,2020,90008165,Australia,A1618150102,"AQ MB Elite","Plus 1",1,17.86,0.2483,13.425362,0.2991,9.4098362258
2017-09-01,2020,90008165,Australia,A1618150102,"AQ MB Elite","Plus 1",1,17.86,0.2609,13.200326,0.2991,9.2521084934
2017-09-01,2020,90008165,Australia,A1618150102,"AQ MB Elite","Plus 1",1,17.86,0.2136,14.045104,0.2991,9.8442133936
2017-09-01,2020,90008165,Australia,A1618150102,"AQ MB Elite","Plus 1",1,17.86,0.2728,12.987792,0.2991,9.1031434128
2017-09-01,2021,90008165,Australia,A1618150102,"AQ MB Elite","Plus 1",1,20.46,0.2849,14.630946,0.2991,10.2548300514
2017-09-01,2021,90008165,Australia,A1618150102,"AQ MB Elite","Plus 1",1,20.46,0.2483,15.379782,0.2991,10.7796892038
2017-09-01,2021,90008165,Australia,A1618150102,"AQ MB Elite","Plus 1",1,20.46,0.2609,15.121986,0.2991,10.5989999874
2017-09-01,2021,90008165,Australia,A1618150102,"AQ MB Elite","Plus 1",1,20.46,0.2136,16.089744,0.2991,11.2773015696
2017-09-01,2021,90008165,Australia,A1618150102,"AQ MB Elite","Plus 1",1,20.46,0.2728,14.878512,0.2991,10.4283490608
2017-09-01,2018,90008166,Australia,A1618150102,"AQ MB Elite","Plus 1",1,16.33,0.2884,11.620428,0.3228,7.8693538416
2017-09-01,2018,90008166,Australia,A1618150102,"AQ MB Elite","Plus 1",1,16.33,0.2281,12.605127,0.3228,8.5361920044
2017-09-01,2018,90008166,Australia,A1618150102,"AQ MB Elite","Plus 1",1,16.33,0.1987,13.085229,0.3228,8.8613170788
2017-09-01,2018,90008166,Australia,A1618150102,"AQ MB Elite","Plus 1",1,16.33,0.3063,11.328121,0.3228,7.6714035412
2017-09-01,2018,90008166,Australia,A1618150102,"AQ MB Elite","Plus 1",1,16.33,0.2636,12.025412,0.3228,8.1436090064
2017-09-01,2019,90008166,Australia,A1618150102,"AQ MB Elite","Plus 1",1,16.22,0.2884,11.542152,0.3228,7.8163453344
2017-09-01,2019,90008166,Australia,A1618150102,"AQ MB Elite","Plus 1",1,16.22,0.2281,12.520218,0.3228,8.4786916296
2017-09-01,2019,90008166,Australia,A1618150102,"AQ MB Elite","Plus 1",1,16.22,0.1987,12.997086,0.3228,8.8016266392
2017-09-01,2019,90008166,Australia,A1618150102,"AQ MB Elite","Plus 1",1,16.22,0.3063,11.251814,0.3228,7.6197284408
2017-09-01,2019,90008166,Australia,A1618150102,"AQ MB Elite","Plus 1",1,16.22,0.2636,11.944408,0.3228,8.0887530976
2017-09-01,2020,90008166,Australia,A1618150102,"AQ MB Elite","Plus 1",1,17.86,0.2884,12.709176,0.3228,8.6066539872
2017-09-01,2020,90008166,Australia,A1618150102,"AQ MB Elite","Plus 1",1,17.86,0.2281,13.786134,0.3228,9.3359699448
2017-09-01,2020,90008166,Australia,A1618150102,"AQ MB Elite","Plus 1",1,17.86,0.1987,14.311218,0.3228,9.6915568296
2017-09-01,2020,90008166,Australia,A1618150102,"AQ MB Elite","Plus 1",1,17.86,0.3063,12.389482,0.3228,8.3901572104
2017-09-01,2020,90008166,Australia,A1618150102,"AQ MB Elite","Plus 1",1,17.86,0.2636,13.152104,0.3228,8.9066048288
2017-09-01,2021,90008166,Australia,A1618150102,"AQ MB Elite","Plus 1",1,20.46,0.2884,14.559336,0.3228,9.8595823392
2017-09-01,2021,90008166,Australia,A1618150102,"AQ MB Elite","Plus 1",1,20.46,0.2281,15.793074,0.3228,10.6950697128
2017-09-01,2021,90008166,Australia,A1618150102,"AQ MB Elite","Plus 1",1,20.46,0.1987,16.394598,0.3228,11.1024217656
2017-09-01,2021,90008166,Australia,A1618150102,"AQ MB Elite","Plus 1",1,20.46,0.3063,14.193102,0.3228,9.6115686744
2017-09-01,2021,90008166,Australia,A1618150102,"AQ MB Elite","Plus 1",1,20.46,0.2636,15.066744,0.3228,10.2031990368
2017-09-01,2018,90008167,Australia,A1618150102,"AQ MB Elite","Plus 1",1,16.33,0.1947,13.150549,0.2985,9.2251101235
2017-09-01,2018,90008167,Australia,A1618150102,"AQ MB Elite","Plus 1",1,16.33,0.1859,13.294253,0.2985,9.3259184795
2017-09-01,2018,90008167,Australia,A1618150102,"AQ MB Elite","Plus 1",1,16.33,0.2971,11.478357,0.2985,8.0520674355
2017-09-01,2018,90008167,Australia,A1618150102,"AQ MB Elite","Plus 1",1,16.33,0.2339,12.510413,0.2985,8.7760547195
2017-09-01,2018,90008167,Australia,A1618150102,"AQ MB Elite","Plus 1",1,16.33,0.2406,12.401002,0.2985,8.6993029030
2017-09-01,2019,90008167,Australia,A1618150102,"AQ MB Elite","Plus 1",1,16.22,0.1947,13.061966,0.2985,9.1629691490
2017-09-01,2019,90008167,Australia,A1618150102,"AQ MB Elite","Plus 1",1,16.22,0.1859,13.204702,0.2985,9.2630984530
2017-09-01,2019,90008167,Australia,A1618150102,"AQ MB Elite","Plus 1",1,16.22,0.2971,11.401038,0.2985,7.9978281570
2017-09-01,2019,90008167,Australia,A1618150102,"AQ MB Elite","Plus 1",1,16.22,0.2339,12.426142,0.2985,8.7169386130
2017-09-01,2019,90008167,Australia,A1618150102,"AQ MB Elite","Plus 1",1,16.22,0.2406,12.317468,0.2985,8.6407038020
2017-09-01,2020,90008167,Australia,A1618150102,"AQ MB Elite","Plus 1",1,17.86,0.1947,14.382658,0.2985,10.0894345870
2017-09-01,2020,90008167,Australia,A1618150102,"AQ MB Elite","Plus 1",1,17.86,0.1859,14.539826,0.2985,10.1996879390
2017-09-01,2020,90008167,Australia,A1618150102,"AQ MB Elite","Plus 1",1,17.86,0.2971,12.553794,0.2985,8.8064864910
2017-09-01,2020,90008167,Australia,A1618150102,"AQ MB Elite","Plus 1",1,17.86,0.2339,13.682546,0.2985,9.5983060190
2017-09-01,2020,90008167,Australia,A1618150102,"AQ MB Elite","Plus 1",1,17.86,0.2406,13.562884,0.2985,9.5143631260
2017-09-01,2021,90008167,Australia,A1618150102,"AQ MB Elite","Plus 1",1,20.46,0.1947,16.476438,0.2985,11.5582212570
2017-09-01,2021,90008167,Australia,A1618150102,"AQ MB Elite","Plus 1",1,20.46,0.1859,16.656486,0.2985,11.6845249290
2017-09-01,2021,90008167,Australia,A1618150102,"AQ MB Elite","Plus 1",1,20.46,0.2971,14.381334,0.2985,10.0885058010
2017-09-01,2021,90008167,Australia,A1618150102,"AQ MB Elite","Plus 1",1,20.46,0.2339,15.674406,0.2985,10.9955958090
2017-09-01,2021,90008167,Australia,A1618150102,"AQ MB Elite","Plus 1",1,20.46,0.2406,15.537324,0.2985,10.8994327860
2017-09-01,2018,90011185,France,A1618150102,"AQ MB Elite","Plus 1",1,16.33,0.2779,11.791893,0.2959,8.3026718613
2017-09-01,2018,90011185,France,A1618150102,"AQ MB Elite","Plus 1",1,16.33,0.2704,11.914368,0.2959,8.3889065088
2017-09-01,2018,90011185,France,A1618150102,"AQ MB Elite","Plus 1",1,16.33,0.1927,13.183209,0.2959,9.2822974569
2017-09-01,2018,90011185,France,A1618150102,"AQ MB Elite","Plus 1",1,16.33,0.2613,12.062971,0.2959,8.4935378811
2017-09-01,2018,90011185,France,A1618150102,"AQ MB Elite","Plus 1",1,16.33,0.1978,13.099926,0.2959,9.2236578966
2017-09-01,2019,90011185,France,A1618150102,"AQ MB Elite","Plus 1",1,16.22,0.2779,11.712462,0.2959,8.2467444942
2017-09-01,2019,90011185,France,A1618150102,"AQ MB Elite","Plus 1",1,16.22,0.2704,11.834112,0.2959,8.3323982592
2017-09-01,2019,90011185,France,A1618150102,"AQ MB Elite","Plus 1",1,16.22,0.1927,13.094406,0.2959,9.2197712646
2017-09-01,2019,90011185,France,A1618150102,"AQ MB Elite","Plus 1",1,16.22,0.2613,11.981714,0.2959,8.4363248274
2017-09-01,2019,90011185,France,A1618150102,"AQ MB Elite","Plus 1",1,16.22,0.1978,13.011684,0.2959,9.1615267044
2017-09-01,2020,90011185,France,A1618150102,"AQ MB Elite","Plus 1",1,17.86,0.2779,12.896706,0.2959,9.0805706946
2017-09-01,2020,90011185,France,A1618150102,"AQ MB Elite","Plus 1",1,17.86,0.2704,13.030656,0.2959,9.1748848896
2017-09-01,2020,90011185,France,A1618150102,"AQ MB Elite","Plus 1",1,17.86,0.1927,14.418378,0.2959,10.1519799498
2017-09-01,2020,90011185,France,A1618150102,"AQ MB Elite","Plus 1",1,17.86,0.2613,13.193182,0.2959,9.2893194462
2017-09-01,2020,90011185,France,A1618150102,"AQ MB Elite","Plus 1",1,17.86,0.1978,14.327292,0.2959,10.0878462972
2017-09-01,2021,90011185,France,A1618150102,"AQ MB Elite","Plus 1",1,20.46,0.2779,14.774166,0.2959,10.4024902806
2017-09-01,2021,90011185,France,A1618150102,"AQ MB Elite","Plus 1",1,20.46,0.2704,14.927616,0.2959,10.5105344256
2017-09-01,2021,90011185,France,A1618150102,"AQ MB Elite","Plus 1",1,20.46,0.1927,16.517358,0.2959,11.6298717678
2017-09-01,2021,90011185,France,A1618150102,"AQ MB Elite","Plus 1",1,20.46,0.2613,15.113802,0.2959,10.6416279882
2017-09-01,2021,90011185,France,A1618150102,"AQ MB Elite","Plus 1",1,20.46,0.1978,16.413012,0.2959,11.5564017492
2017-09-01,2018,90011186,France,A1618150102,"AQ MB Elite","Plus 1",1,16.33,0.2091,12.915397,0.2792,9.3094181576
2017-09-01,2018,90011186,France,A1618150102,"AQ MB Elite","Plus 1",1,16.33,0.2740,11.855580,0.2792,8.5455020640
2017-09-01,2018,90011186,France,A1618150102,"AQ MB Elite","Plus 1",1,16.33,0.2906,11.584502,0.2792,8.3501090416
2017-09-01,2018,90011186,France,A1618150102,"AQ MB Elite","Plus 1",1,16.33,0.2401,12.409167,0.2792,8.9445275736
2017-09-01,2018,90011186,France,A1618150102,"AQ MB Elite","Plus 1",1,16.33,0.2887,11.615529,0.2792,8.3724733032
2017-09-01,2019,90011186,France,A1618150102,"AQ MB Elite","Plus 1",1,16.22,0.2091,12.828398,0.2792,9.2467092784
2017-09-01,2019,90011186,France,A1618150102,"AQ MB Elite","Plus 1",1,16.22,0.2740,11.775720,0.2792,8.4879389760
2017-09-01,2019,90011186,France,A1618150102,"AQ MB Elite","Plus 1",1,16.22,0.2906,11.506468,0.2792,8.2938621344
2017-09-01,2019,90011186,France,A1618150102,"AQ MB Elite","Plus 1",1,16.22,0.2401,12.325578,0.2792,8.8842766224
2017-09-01,2019,90011186,France,A1618150102,"AQ MB Elite","Plus 1",1,16.22,0.2887,11.537286,0.2792,8.3160757488
2017-09-01,2020,90011186,France,A1618150102,"AQ MB Elite","Plus 1",1,17.86,0.2091,14.125474,0.2792,10.1816416592
2017-09-01,2020,90011186,France,A1618150102,"AQ MB Elite","Plus 1",1,17.86,0.2740,12.966360,0.2792,9.3461522880
2017-09-01,2020,90011186,France,A1618150102,"AQ MB Elite","Plus 1",1,17.86,0.2906,12.669884,0.2792,9.1324523872
2017-09-01,2020,90011186,France,A1618150102,"AQ MB Elite","Plus 1",1,17.86,0.2401,13.571814,0.2792,9.7825635312
2017-09-01,2020,90011186,France,A1618150102,"AQ MB Elite","Plus 1",1,17.86,0.2887,12.703818,0.2792,9.1569120144
2017-09-01,2021,90011186,France,A1618150102,"AQ MB Elite","Plus 1",1,20.46,0.2091,16.181814,0.2792,11.6638515312
2017-09-01,2021,90011186,France,A1618150102,"AQ MB Elite","Plus 1",1,20.46,0.2740,14.853960,0.2792,10.7067343680
2017-09-01,2021,90011186,France,A1618150102,"AQ MB Elite","Plus 1",1,20.46,0.2906,14.514324,0.2792,10.4619247392
2017-09-01,2021,90011186,France,A1618150102,"AQ MB Elite","Plus 1",1,20.46,0.2401,15.547554,0.2792,11.2066769232
2017-09-01,2021,90011186,France,A1618150102,"AQ MB Elite","Plus 1",1,20.46,0.2887,14.553198,0.2792,10.4899451184
2017-09-01,2018,90011191,France,A1618150102,"AQ MB Elite","Plus 1",1,16.33,0.2270,12.623090,0.2590,9.3537096900
2017-09-01,2018,90011191,France,A1618150102,"AQ MB Elite","Plus 1",1,16.33,0.2241,12.670447,0.2590,9.3888012270
2017-09-01,2018,90011191,France,A1618150102,"AQ MB Elite","Plus 1",1,16.33,0.2508,12.234436,0.2590,9.0657170760
2017-09-01,2018,90011191,France,A1618150102,"AQ MB Elite","Plus 1",1,16.33,0.1925,13.186475,0.2590,9.7711779750
2017-09-01,2018,90011191,France,A1618150102,"AQ MB Elite","Plus 1",1,16.33,0.2162,12.799454,0.2590,9.4843954140
2017-09-01,2019,90011191,France,A1618150102,"AQ MB Elite","Plus 1",1,16.22,0.2270,12.538060,0.2590,9.2907024600
2017-09-01,2019,90011191,France,A1618150102,"AQ MB Elite","Plus 1",1,16.22,0.2241,12.585098,0.2590,9.3255576180
2017-09-01,2019,90011191,France,A1618150102,"AQ MB Elite","Plus 1",1,16.22,0.2508,12.152024,0.2590,9.0046497840
2017-09-01,2019,90011191,France,A1618150102,"AQ MB Elite","Plus 1",1,16.22,0.1925,13.097650,0.2590,9.7053586500
2017-09-01,2019,90011191,France,A1618150102,"AQ MB Elite","Plus 1",1,16.22,0.2162,12.713236,0.2590,9.4205078760
2017-09-01,2020,90011191,France,A1618150102,"AQ MB Elite","Plus 1",1,17.86,0.2270,13.805780,0.2590,10.2300829800
2017-09-01,2020,90011191,France,A1618150102,"AQ MB Elite","Plus 1",1,17.86,0.2241,13.857574,0.2590,10.2684623340
2017-09-01,2020,90011191,France,A1618150102,"AQ MB Elite","Plus 1",1,17.86,0.2508,13.380712,0.2590,9.9151075920
2017-09-01,2020,90011191,France,A1618150102,"AQ MB Elite","Plus 1",1,17.86,0.1925,14.421950,0.2590,10.6866649500
2017-09-01,2020,90011191,France,A1618150102,"AQ MB Elite","Plus 1",1,17.86,0.2162,13.998668,0.2590,10.3730129880
2017-09-01,2021,90011191,France,A1618150102,"AQ MB Elite","Plus 1",1,20.46,0.2270,15.815580,0.2590,11.7193447800
2017-09-01,2021,90011191,France,A1618150102,"AQ MB Elite","Plus 1",1,20.46,0.2241,15.874914,0.2590,11.7633112740
2017-09-01,2021,90011191,France,A1618150102,"AQ MB Elite","Plus 1",1,20.46,0.2508,15.328632,0.2590,11.3585163120
2017-09-01,2021,90011191,France,A1618150102,"AQ MB Elite","Plus 1",1,20.46,0.1925,16.521450,0.2590,12.2423944500
2017-09-01,2021,90011191,France,A1618150102,"AQ MB Elite","Plus 1",1,20.46,0.2162,16.036548,0.2590,11.8830820680
2017-09-01,2018,90022071,USA,A1618150102,"AQ MB Elite","Plus 1",1,16.33,0.1906,13.217502,0.2944,9.3262694112
2017-09-01,2018,90022071,USA,A1618150102,"AQ MB Elite","Plus 1",1,16.33,0.2734,11.865378,0.2944,8.3722107168
2017-09-01,2018,90022071,USA,A1618150102,"AQ MB Elite","Plus 1",1,16.33,0.2674,11.963358,0.2944,8.4413454048
2017-09-01,2018,90022071,USA,A1618150102,"AQ MB Elite","Plus 1",1,16.33,0.2257,12.644319,0.2944,8.9218314864
2017-09-01,2018,90022071,USA,A1618150102,"AQ MB Elite","Plus 1",1,16.33,0.1944,13.155448,0.2944,9.2824841088
2017-09-01,2019,90022071,USA,A1618150102,"AQ MB Elite","Plus 1",1,16.22,0.1906,13.128468,0.2944,9.2634470208
2017-09-01,2019,90022071,USA,A1618150102,"AQ MB Elite","Plus 1",1,16.22,0.2734,11.785452,0.2944,8.3158149312
2017-09-01,2019,90022071,USA,A1618150102,"AQ MB Elite","Plus 1",1,16.22,0.2674,11.882772,0.2944,8.3844839232
2017-09-01,2019,90022071,USA,A1618150102,"AQ MB Elite","Plus 1",1,16.22,0.2257,12.559146,0.2944,8.8617334176
2017-09-01,2019,90022071,USA,A1618150102,"AQ MB Elite","Plus 1",1,16.22,0.1944,13.066832,0.2944,9.2199566592
2017-09-01,2020,90022071,USA,A1618150102,"AQ MB Elite","Plus 1",1,17.86,0.1906,14.455884,0.2944,10.2000717504
2017-09-01,2020,90022071,USA,A1618150102,"AQ MB Elite","Plus 1",1,17.86,0.2734,12.977076,0.2944,9.1566248256
2017-09-01,2020,90022071,USA,A1618150102,"AQ MB Elite","Plus 1",1,17.86,0.2674,13.084236,0.2944,9.2322369216
2017-09-01,2020,90022071,USA,A1618150102,"AQ MB Elite","Plus 1",1,17.86,0.2257,13.828998,0.2944,9.7577409888
2017-09-01,2020,90022071,USA,A1618150102,"AQ MB Elite","Plus 1",1,17.86,0.1944,14.388016,0.2944,10.1521840896
2017-09-01,2021,90022071,USA,A1618150102,"AQ MB Elite","Plus 1",1,20.46,0.1906,16.560324,0.2944,11.6849646144
2017-09-01,2021,90022071,USA,A1618150102,"AQ MB Elite","Plus 1",1,20.46,0.2734,14.866236,0.2944,10.4896161216
2017-09-01,2021,90022071,USA,A1618150102,"AQ MB Elite","Plus 1",1,20.46,0.2674,14.988996,0.2944,10.5762355776
2017-09-01,2021,90022071,USA,A1618150102,"AQ MB Elite","Plus 1",1,20.46,0.2257,15.842178,0.2944,11.1782407968
2017-09-01,2021,90022071,USA,A1618150102,"AQ MB Elite","Plus 1",1,20.46,0.1944,16.482576,0.2944,11.6301056256
2017-09-01,2018,90022073,USA,A1618150102,"AQ MB Elite","Plus 1",1,16.33,0.2834,11.702078,0.2866,8.3482624452
2017-09-01,2018,90022073,USA,A1618150102,"AQ MB Elite","Plus 1",1,16.33,0.2450,12.329150,0.2866,8.7956156100
2017-09-01,2018,90022073,USA,A1618150102,"AQ MB Elite","Plus 1",1,16.33,0.1966,13.119522,0.2866,9.3594669948
2017-09-01,2018,90022073,USA,A1618150102,"AQ MB Elite","Plus 1",1,16.33,0.1953,13.140751,0.2866,9.3746117634
2017-09-01,2018,90022073,USA,A1618150102,"AQ MB Elite","Plus 1",1,16.33,0.2118,12.871306,0.2866,9.1823897004
2017-09-01,2019,90022073,USA,A1618150102,"AQ MB Elite","Plus 1",1,16.22,0.2834,11.623252,0.2866,8.2920279768
2017-09-01,2019,90022073,USA,A1618150102,"AQ MB Elite","Plus 1",1,16.22,0.2450,12.246100,0.2866,8.7363677400
2017-09-01,2019,90022073,USA,A1618150102,"AQ MB Elite","Plus 1",1,16.22,0.1966,13.031148,0.2866,9.2964209832
2017-09-01,2019,90022073,USA,A1618150102,"AQ MB Elite","Plus 1",1,16.22,0.1953,13.052234,0.2866,9.3114637356
2017-09-01,2019,90022073,USA,A1618150102,"AQ MB Elite","Plus 1",1,16.22,0.2118,12.784604,0.2866,9.1205364936
2017-09-01,2020,90022073,USA,A1618150102,"AQ MB Elite","Plus 1",1,17.86,0.2834,12.798476,0.2866,9.1304327784
2017-09-01,2020,90022073,USA,A1618150102,"AQ MB Elite","Plus 1",1,17.86,0.2450,13.484300,0.2866,9.6196996200
2017-09-01,2020,90022073,USA,A1618150102,"AQ MB Elite","Plus 1",1,17.86,0.1966,14.348724,0.2866,10.2363797016
2017-09-01,2020,90022073,USA,A1618150102,"AQ MB Elite","Plus 1",1,17.86,0.1953,14.371942,0.2866,10.2529434228
2017-09-01,2020,90022073,USA,A1618150102,"AQ MB Elite","Plus 1",1,17.86,0.2118,14.077252,0.2866,10.0427115768
2017-09-01,2021,90022073,USA,A1618150102,"AQ MB Elite","Plus 1",1,20.46,0.2834,14.661636,0.2866,10.4596111224
2017-09-01,2021,90022073,USA,A1618150102,"AQ MB Elite","Plus 1",1,20.46,0.2450,15.447300,0.2866,11.0201038200
2017-09-01,2021,90022073,USA,A1618150102,"AQ MB Elite","Plus 1",1,20.46,0.1966,16.437564,0.2866,11.7265581576
2017-09-01,2021,90022073,USA,A1618150102,"AQ MB Elite","Plus 1",1,20.46,0.1953,16.464162,0.2866,11.7455331708
2017-09-01,2021,90022073,USA,A1618150102,"AQ MB Elite","Plus 1",1,20.46,0.2118,16.126572,0.2866,11.5046964648
2017-09-01,2018,90022074,USA,A1618150102,"AQ MB Elite","Plus 1",1,16.33,0.2709,11.906203,0.2598,8.8129714606
2017-09-01,2018,90022074,USA,A1618150102,"AQ MB Elite","Plus 1",1,16.33,0.2914,11.571438,0.2598,8.5651784076
2017-09-01,2018,90022074,USA,A1618150102,"AQ MB Elite","Plus 1",1,16.33,0.2051,12.980717,0.2598,9.6083267234
2017-09-01,2018,90022074,USA,A1618150102,"AQ MB Elite","Plus 1",1,16.33,0.2408,12.397736,0.2598,9.1768041872
2017-09-01,2018,90022074,USA,A1618150102,"AQ MB Elite","Plus 1",1,16.33,0.2290,12.590430,0.2598,9.3194362860
2017-09-01,2019,90022074,USA,A1618150102,"AQ MB Elite","Plus 1",1,16.22,0.2709,11.826002,0.2598,8.7536066804
2017-09-01,2019,90022074,USA,A1618150102,"AQ MB Elite","Plus 1",1,16.22,0.2914,11.493492,0.2598,8.5074827784
2017-09-01,2019,90022074,USA,A1618150102,"AQ MB Elite","Plus 1",1,16.22,0.2051,12.893278,0.2598,9.5436043756
2017-09-01,2019,90022074,USA,A1618150102,"AQ MB Elite","Plus 1",1,16.22,0.2408,12.314224,0.2598,9.1149886048
2017-09-01,2019,90022074,USA,A1618150102,"AQ MB Elite","Plus 1",1,16.22,0.2290,12.505620,0.2598,9.2566599240
2017-09-01,2020,90022074,USA,A1618150102,"AQ MB Elite","Plus 1",1,17.86,0.2709,13.021726,0.2598,9.6386815852
2017-09-01,2020,90022074,USA,A1618150102,"AQ MB Elite","Plus 1",1,17.86,0.2914,12.655596,0.2598,9.3676721592
2017-09-01,2020,90022074,USA,A1618150102,"AQ MB Elite","Plus 1",1,17.86,0.2051,14.196914,0.2598,10.5085557428
2017-09-01,2020,90022074,USA,A1618150102,"AQ MB Elite","Plus 1",1,17.86,0.2408,13.559312,0.2598,10.0366027424
2017-09-01,2020,90022074,USA,A1618150102,"AQ MB Elite","Plus 1",1,17.86,0.2290,13.770060,0.2598,10.1925984120
2017-09-01,2021,90022074,USA,A1618150102,"AQ MB Elite","Plus 1",1,20.46,0.2709,14.917386,0.2598,11.0418491172
2017-09-01,2021,90022074,USA,A1618150102,"AQ MB Elite","Plus 1",1,20.46,0.2914,14.497956,0.2598,10.7313870312
2017-09-01,2021,90022074,USA,A1618150102,"AQ MB Elite","Plus 1",1,20.46,0.2051,16.263654,0.2598,12.0383566908
2017-09-01,2021,90022074,USA,A1618150102,"AQ MB Elite","Plus 1",1,20.46,0.2408,15.533232,0.2598,11.4976983264
2017-09-01,2021,90022074,USA,A1618150102,"AQ MB Elite","Plus 1",1,20.46,0.2290,15.774660,0.2598,11.6764033320
2017-09-01,2018,90022075,USA,A1618150102,"AQ MB Elite","Plus 1",2,32.67,0.2553,24.329349,0.2676,17.8188152076
2017-09-01,2018,90022075,USA,A1618150102,"AQ MB Elite","Plus 1",2,32.67,0.2563,24.296679,0.2676,17.7948876996
2017-09-01,2018,90022075,USA,A1618150102,"AQ MB Elite","Plus 1",2,32.67,0.2293,25.178769,0.2676,18.4409304156
2017-09-01,2018,90022075,USA,A1618150102,"AQ MB Elite","Plus 1",2,32.67,0.2375,24.910875,0.2676,18.2447248500
2017-09-01,2018,90022075,USA,A1618150102,"AQ MB Elite","Plus 1",2,32.67,0.2158,25.619814,0.2676,18.7639517736
2017-09-01,2019,90022075,USA,A1618150102,"AQ MB Elite","Plus 1",2,32.45,0.2553,24.165515,0.2676,17.6988231860
2017-09-01,2019,90022075,USA,A1618150102,"AQ MB Elite","Plus 1",2,32.45,0.2563,24.133065,0.2676,17.6750568060
2017-09-01,2019,90022075,USA,A1618150102,"AQ MB Elite","Plus 1",2,32.45,0.2293,25.009215,0.2676,18.3167490660
2017-09-01,2019,90022075,USA,A1618150102,"AQ MB Elite","Plus 1",2,32.45,0.2375,24.743125,0.2676,18.1218647500
2017-09-01,2019,90022075,USA,A1618150102,"AQ MB Elite","Plus 1",2,32.45,0.2158,25.447290,0.2676,18.6375951960
2017-09-01,2020,90022075,USA,A1618150102,"AQ MB Elite","Plus 1",2,35.71,0.2553,26.593237,0.2676,19.4768867788
2017-09-01,2020,90022075,USA,A1618150102,"AQ MB Elite","Plus 1",2,35.71,0.2563,26.557527,0.2676,19.4507327748
2017-09-01,2020,90022075,USA,A1618150102,"AQ MB Elite","Plus 1",2,35.71,0.2293,27.521697,0.2676,20.1568908828
2017-09-01,2020,90022075,USA,A1618150102,"AQ MB Elite","Plus 1",2,35.71,0.2375,27.228875,0.2676,19.9424280500
2017-09-01,2020,90022075,USA,A1618150102,"AQ MB Elite","Plus 1",2,35.71,0.2158,28.003782,0.2676,20.5099699368
2017-09-01,2021,90022075,USA,A1618150102,"AQ MB Elite","Plus 1",2,40.93,0.2553,30.480571,0.2676,22.3239702004
2017-09-01,2021,90022075,USA,A1618150102,"AQ MB Elite","Plus 1",2,40.93,0.2563,30.439641,0.2676,22.2939930684
2017-09-01,2021,90022075,USA,A1618150102,"AQ MB Elite","Plus 1",2,40.93,0.2293,31.544751,0.2676,23.1033756324
2017-09-01,2021,90022075,USA,A1618150102,"AQ MB Elite","Plus 1",2,40.93,0.2375,31.209125,0.2676,22.8575631500
2017-09-01,2021,90022075,USA,A1618150102,"AQ MB Elite","Plus 1",2,40.93,0.2158,32.097306,0.2676,23.5080669144
2017-09-01,2018,90022077,USA,A1618150102,"AQ MB Elite","Plus 1",1,16.33,0.2394,12.420598,0.2891,8.8298031182
2017-09-01,2018,90022077,USA,A1618150102,"AQ MB Elite","Plus 1",1,16.33,0.2502,12.244234,0.2891,8.7044259506
2017-09-01,2018,90022077,USA,A1618150102,"AQ MB Elite","Plus 1",1,16.33,0.2448,12.332416,0.2891,8.7671145344
2017-09-01,2018,90022077,USA,A1618150102,"AQ MB Elite","Plus 1",1,16.33,0.3028,11.385276,0.2891,8.0937927084
2017-09-01,2018,90022077,USA,A1618150102,"AQ MB Elite","Plus 1",1,16.33,0.2383,12.438561,0.2891,8.8425730149
2017-09-01,2019,90022077,USA,A1618150102,"AQ MB Elite","Plus 1",1,16.22,0.2394,12.336932,0.2891,8.7703249588
2017-09-01,2019,90022077,USA,A1618150102,"AQ MB Elite","Plus 1",1,16.22,0.2502,12.161756,0.2891,8.6457923404
2017-09-01,2019,90022077,USA,A1618150102,"AQ MB Elite","Plus 1",1,16.22,0.2448,12.249344,0.2891,8.7080586496
2017-09-01,2019,90022077,USA,A1618150102,"AQ MB Elite","Plus 1",1,16.22,0.3028,11.308584,0.2891,8.0392723656
2017-09-01,2019,90022077,USA,A1618150102,"AQ MB Elite","Plus 1",1,16.22,0.2383,12.354774,0.2891,8.7830088366
2017-09-01,2020,90022077,USA,A1618150102,"AQ MB Elite","Plus 1",1,17.86,0.2394,13.584316,0.2891,9.6570902444
2017-09-01,2020,90022077,USA,A1618150102,"AQ MB Elite","Plus 1",1,17.86,0.2502,13.391428,0.2891,9.5199661652
2017-09-01,2020,90022077,USA,A1618150102,"AQ MB Elite","Plus 1",1,17.86,0.2448,13.487872,0.2891,9.5885282048
2017-09-01,2020,90022077,USA,A1618150102,"AQ MB Elite","Plus 1",1,17.86,0.3028,12.451992,0.2891,8.8521211128
2017-09-01,2020,90022077,USA,A1618150102,"AQ MB Elite","Plus 1",1,17.86,0.2383,13.603962,0.2891,9.6710565858
2017-09-01,2021,90022077,USA,A1618150102,"AQ MB Elite","Plus 1",1,20.46,0.2394,15.561876,0.2891,11.0629376484
2017-09-01,2021,90022077,USA,A1618150102,"AQ MB Elite","Plus 1",1,20.46,0.2502,15.340908,0.2891,10.9058514972
2017-09-01,2021,90022077,USA,A1618150102,"AQ MB Elite","Plus 1",1,20.46,0.2448,15.451392,0.2891,10.9843945728
2017-09-01,2021,90022077,USA,A1618150102,"AQ MB Elite","Plus 1",1,20.46,0.3028,14.264712,0.2891,10.1407837608
2017-09-01,2021,90022077,USA,A1618150102,"AQ MB Elite","Plus 1",1,20.46,0.2383,15.584382,0.2891,11.0789371638
2017-09-01,2018,90022078,USA,A1618150102,"AQ MB Elite","Plus 1",1,16.33,0.2882,11.623694,0.2648,8.5457398288
2017-09-01,2018,90022078,USA,A1618150102,"AQ MB Elite","Plus 1",1,16.33,0.2872,11.640024,0.2648,8.5577456448
2017-09-01,2018,90022078,USA,A1618150102,"AQ MB Elite","Plus 1",1,16.33,0.2358,12.479386,0.2648,9.1748445872
2017-09-01,2018,90022078,USA,A1618150102,"AQ MB Elite","Plus 1",1,16.33,0.2162,12.799454,0.2648,9.4101585808
2017-09-01,2018,90022078,USA,A1618150102,"AQ MB Elite","Plus 1",1,16.33,0.3067,11.321589,0.2648,8.3236322328
2017-09-01,2019,90022078,USA,A1618150102,"AQ MB Elite","Plus 1",1,16.22,0.2882,11.545396,0.2648,8.4881751392
2017-09-01,2019,90022078,USA,A1618150102,"AQ MB Elite","Plus 1",1,16.22,0.2872,11.561616,0.2648,8.5001000832
2017-09-01,2019,90022078,USA,A1618150102,"AQ MB Elite","Plus 1",1,16.22,0.2358,12.395324,0.2648,9.1130422048
2017-09-01,2019,90022078,USA,A1618150102,"AQ MB Elite","Plus 1",1,16.22,0.2162,12.713236,0.2648,9.3467711072
2017-09-01,2019,90022078,USA,A1618150102,"AQ MB Elite","Plus 1",1,16.22,0.3067,11.245326,0.2648,8.2675636752
2017-09-01,2020,90022078,USA,A1618150102,"AQ MB Elite","Plus 1",1,17.86,0.2882,12.712748,0.2648,9.3464123296
2017-09-01,2020,90022078,USA,A1618150102,"AQ MB Elite","Plus 1",1,17.86,0.2872,12.730608,0.2648,9.3595430016
2017-09-01,2020,90022078,USA,A1618150102,"AQ MB Elite","Plus 1",1,17.86,0.2358,13.648612,0.2648,10.0344595424
2017-09-01,2020,90022078,USA,A1618150102,"AQ MB Elite","Plus 1",1,17.86,0.2162,13.998668,0.2648,10.2918207136
2017-09-01,2020,90022078,USA,A1618150102,"AQ MB Elite","Plus 1",1,17.86,0.3067,12.382338,0.2648,9.1034948976
2017-09-01,2021,90022078,USA,A1618150102,"AQ MB Elite","Plus 1",1,20.46,0.2882,14.563428,0.2648,10.7070322656
2017-09-01,2021,90022078,USA,A1618150102,"AQ MB Elite","Plus 1",1,20.46,0.2872,14.583888,0.2648,10.7220744576
2017-09-01,2021,90022078,USA,A1618150102,"AQ MB Elite","Plus 1",1,20.46,0.2358,15.635532,0.2648,11.4952431264
2017-09-01,2021,90022078,USA,A1618150102,"AQ MB Elite","Plus 1",1,20.46,0.2162,16.036548,0.2648,11.7900700896
2017-09-01,2021,90022078,USA,A1618150102,"AQ MB Elite","Plus 1",1,20.46,0.3067,14.184918,0.2648,10.4287517136
2017-09-01,2018,90022079,USA,A1618150102,"AQ MB Elite","Plus 1",2,32.67,0.2788,23.561604,0.2659,17.2965734964
2017-09-01,2018,90022079,USA,A1618150102,"AQ MB Elite","Plus 1",2,32.67,0.2482,24.561306,0.2659,18.0304547346
2017-09-01,2018,90022079,USA,A1618150102,"AQ MB Elite","Plus 1",2,32.67,0.2584,24.228072,0.2659,17.7858276552
2017-09-01,2018,90022079,USA,A1618150102,"AQ MB Elite","Plus 1",2,32.67,0.2075,25.890975,0.2659,19.0065647475
2017-09-01,2018,90022079,USA,A1618150102,"AQ MB Elite","Plus 1",2,32.67,0.1833,26.681589,0.2659,19.5869544849
2017-09-01,2019,90022079,USA,A1618150102,"AQ MB Elite","Plus 1",2,32.45,0.2788,23.402940,0.2659,17.1800982540
2017-09-01,2019,90022079,USA,A1618150102,"AQ MB Elite","Plus 1",2,32.45,0.2482,24.395910,0.2659,17.9090375310
2017-09-01,2019,90022079,USA,A1618150102,"AQ MB Elite","Plus 1",2,32.45,0.2584,24.064920,0.2659,17.6660577720
2017-09-01,2019,90022079,USA,A1618150102,"AQ MB Elite","Plus 1",2,32.45,0.2075,25.716625,0.2659,18.8785744125
2017-09-01,2019,90022079,USA,A1618150102,"AQ MB Elite","Plus 1",2,32.45,0.1833,26.501915,0.2659,19.4550558015
2017-09-01,2020,90022079,USA,A1618150102,"AQ MB Elite","Plus 1",2,35.71,0.2788,25.754052,0.2659,18.9060495732
2017-09-01,2020,90022079,USA,A1618150102,"AQ MB Elite","Plus 1",2,35.71,0.2482,26.846778,0.2659,19.7082197298
2017-09-01,2020,90022079,USA,A1618150102,"AQ MB Elite","Plus 1",2,35.71,0.2584,26.482536,0.2659,19.4408296776
2017-09-01,2020,90022079,USA,A1618150102,"AQ MB Elite","Plus 1",2,35.71,0.2075,28.300175,0.2659,20.7751584675
2017-09-01,2020,90022079,USA,A1618150102,"AQ MB Elite","Plus 1",2,35.71,0.1833,29.164357,0.2659,21.4095544737
2017-09-01,2021,90022079,USA,A1618150102,"AQ MB Elite","Plus 1",2,40.93,0.2788,29.518716,0.2659,21.6696894156
2017-09-01,2021,90022079,USA,A1618150102,"AQ MB Elite","Plus 1",2,40.93,0.2482,30.771174,0.2659,22.5891188334
2017-09-01,2021,90022079,USA,A1618150102,"AQ MB Elite","Plus 1",2,40.93,0.2584,30.353688,0.2659,22.2826423608
2017-09-01,2021,90022079,USA,A1618150102,"AQ MB Elite","Plus 1",2,40.93,0.2075,32.437025,0.2659,23.8120200525
2017-09-01,2021,90022079,USA,A1618150102,"AQ MB Elite","Plus 1",2,40.93,0.1833,33.427531,0.2659,24.5391505071
2017-09-01,2018,90022081,USA,A1618150102,"AQ MB Elite","Plus 1",1,16.33,0.2957,11.501219,0.3085,7.9530929385
2017-09-01,2018,90022081,USA,A1618150102,"AQ MB Elite","Plus 1",1,16.33,0.2483,12.275261,0.3085,8.4883429815
2017-09-01,2018,90022081,USA,A1618150102,"AQ MB Elite","Plus 1",1,16.33,0.2112,12.881104,0.3085,8.9072834160
2017-09-01,2018,90022081,USA,A1618150102,"AQ MB Elite","Plus 1",1,16.33,0.2902,11.591034,0.3085,8.0152000110
2017-09-01,2018,90022081,USA,A1618150102,"AQ MB Elite","Plus 1",1,16.33,0.2330,12.525110,0.3085,8.6611135650
2017-09-01,2019,90022081,USA,A1618150102,"AQ MB Elite","Plus 1",1,16.22,0.2957,11.423746,0.3085,7.8995203590
2017-09-01,2019,90022081,USA,A1618150102,"AQ MB Elite","Plus 1",1,16.22,0.2483,12.192574,0.3085,8.4311649210
2017-09-01,2019,90022081,USA,A1618150102,"AQ MB Elite","Plus 1",1,16.22,0.2112,12.794336,0.3085,8.8472833440
2017-09-01,2019,90022081,USA,A1618150102,"AQ MB Elite","Plus 1",1,16.22,0.2902,11.512956,0.3085,7.9612090740
2017-09-01,2019,90022081,USA,A1618150102,"AQ MB Elite","Plus 1",1,16.22,0.2330,12.440740,0.3085,8.6027717100
2017-09-01,2020,90022081,USA,A1618150102,"AQ MB Elite","Plus 1",1,17.86,0.2957,12.578798,0.3085,8.6982388170
2017-09-01,2020,90022081,USA,A1618150102,"AQ MB Elite","Plus 1",1,17.86,0.2483,13.425362,0.3085,9.2836378230
2017-09-01,2020,90022081,USA,A1618150102,"AQ MB Elite","Plus 1",1,17.86,0.2112,14.087968,0.3085,9.7418298720
2017-09-01,2020,90022081,USA,A1618150102,"AQ MB Elite","Plus 1",1,17.86,0.2902,12.677028,0.3085,8.7661648620
2017-09-01,2020,90022081,USA,A1618150102,"AQ MB Elite","Plus 1",1,17.86,0.2330,13.698620,0.3085,9.4725957300
2017-09-01,2021,90022081,USA,A1618150102,"AQ MB Elite","Plus 1",1,20.46,0.2957,14.409978,0.3085,9.9644997870
2017-09-01,2021,90022081,USA,A1618150102,"AQ MB Elite","Plus 1",1,20.46,0.2483,15.379782,0.3085,10.6351192530
2017-09-01,2021,90022081,USA,A1618150102,"AQ MB Elite","Plus 1",1,20.46,0.2112,16.138848,0.3085,11.1600133920
2017-09-01,2021,90022081,USA,A1618150102,"AQ MB Elite","Plus 1",1,20.46,0.2902,14.522508,0.3085,10.0423142820
2017-09-01,2021,90022081,USA,A1618150102,"AQ MB Elite","Plus 1",1,20.46,0.2330,15.692820,0.3085,10.8515850300
2017-09-01,2018,90022082,USA,A1618150102,"AQ MB Elite","Plus 1",2,32.67,0.2954,23.019282,0.2648,16.9237761264
2017-09-01,2018,90022082,USA,A1618150102,"AQ MB Elite","Plus 1",2,32.67,0.2639,24.048387,0.2648,17.6803741224
2017-09-01,2018,90022082,USA,A1618150102,"AQ MB Elite","Plus 1",2,32.67,0.2478,24.574374,0.2648,18.0670797648
2017-09-01,2018,90022082,USA,A1618150102,"AQ MB Elite","Plus 1",2,32.67,0.2128,25.717824,0.2648,18.9077442048
2017-09-01,2018,90022082,USA,A1618150102,"AQ MB Elite","Plus 1",2,32.67,0.2221,25.413993,0.2648,18.6843676536
2017-09-01,2019,90022082,USA,A1618150102,"AQ MB Elite","Plus 1",2,32.45,0.2954,22.864270,0.2648,16.8098113040
2017-09-01,2019,90022082,USA,A1618150102,"AQ MB Elite","Plus 1",2,32.45,0.2639,23.886445,0.2648,17.5613143640
2017-09-01,2019,90022082,USA,A1618150102,"AQ MB Elite","Plus 1",2,32.45,0.2478,24.408890,0.2648,17.9454159280
2017-09-01,2019,90022082,USA,A1618150102,"AQ MB Elite","Plus 1",2,32.45,0.2128,25.544640,0.2648,18.7804193280
2017-09-01,2019,90022082,USA,A1618150102,"AQ MB Elite","Plus 1",2,32.45,0.2221,25.242855,0.2648,18.5585469960
2017-09-01,2020,90022082,USA,A1618150102,"AQ MB Elite","Plus 1",2,35.71,0.2954,25.161266,0.2648,18.4985627632
2017-09-01,2020,90022082,USA,A1618150102,"AQ MB Elite","Plus 1",2,35.71,0.2639,26.286131,0.2648,19.3255635112
2017-09-01,2020,90022082,USA,A1618150102,"AQ MB Elite","Plus 1",2,35.71,0.2478,26.861062,0.2648,19.7482527824
2017-09-01,2020,90022082,USA,A1618150102,"AQ MB Elite","Plus 1",2,35.71,0.2128,28.110912,0.2648,20.6671425024
2017-09-01,2020,90022082,USA,A1618150102,"AQ MB Elite","Plus 1",2,35.71,0.2221,27.778809,0.2648,20.4229803768
2017-09-01,2021,90022082,USA,A1618150102,"AQ MB Elite","Plus 1",2,40.93,0.2954,28.839278,0.2648,21.2026371856
2017-09-01,2021,90022082,USA,A1618150102,"AQ MB Elite","Plus 1",2,40.93,0.2639,30.128573,0.2648,22.1505268696
2017-09-01,2021,90022082,USA,A1618150102,"AQ MB Elite","Plus 1",2,40.93,0.2478,30.787546,0.2648,22.6350038192
2017-09-01,2021,90022082,USA,A1618150102,"AQ MB Elite","Plus 1",2,40.93,0.2128,32.220096,0.2648,23.6882145792
2017-09-01,2021,90022082,USA,A1618150102,"AQ MB Elite","Plus 1",2,40.93,0.2221,31.839447,0.2648,23.4083614344
2017-09-01,2018,90022083,USA,A1618150102,"AQ MB Elite","Plus 1",1,16.33,0.2551,12.164217,0.2350,9.3056260050
2017-09-01,2018,90022083,USA,A1618150102,"AQ MB Elite","Plus 1",1,16.33,0.1988,13.083596,0.2350,10.0089509400
2017-09-01,2018,90022083,USA,A1618150102,"AQ MB Elite","Plus 1",1,16.33,0.2734,11.865378,0.2350,9.0770141700
2017-09-01,2018,90022083,USA,A1618150102,"AQ MB Elite","Plus 1",1,16.33,0.1927,13.183209,0.2350,10.0851548850
2017-09-01,2018,90022083,USA,A1618150102,"AQ MB Elite","Plus 1",1,16.33,0.2906,11.584502,0.2350,8.8621440300
2017-09-01,2019,90022083,USA,A1618150102,"AQ MB Elite","Plus 1",1,16.22,0.2551,12.082278,0.2350,9.2429426700
2017-09-01,2019,90022083,USA,A1618150102,"AQ MB Elite","Plus 1",1,16.22,0.1988,12.995464,0.2350,9.9415299600
2017-09-01,2019,90022083,USA,A1618150102,"AQ MB Elite","Plus 1",1,16.22,0.2734,11.785452,0.2350,9.0158707800
2017-09-01,2019,90022083,USA,A1618150102,"AQ MB Elite","Plus 1",1,16.22,0.1927,13.094406,0.2350,10.0172205900
2017-09-01,2019,90022083,USA,A1618150102,"AQ MB Elite","Plus 1",1,16.22,0.2906,11.506468,0.2350,8.8024480200
2017-09-01,2020,90022083,USA,A1618150102,"AQ MB Elite","Plus 1",1,17.86,0.2551,13.303914,0.2350,10.1774942100
2017-09-01,2020,90022083,USA,A1618150102,"AQ MB Elite","Plus 1",1,17.86,0.1988,14.309432,0.2350,10.9467154800
2017-09-01,2020,90022083,USA,A1618150102,"AQ MB Elite","Plus 1",1,17.86,0.2734,12.977076,0.2350,9.9274631400
2017-09-01,2020,90022083,USA,A1618150102,"AQ MB Elite","Plus 1",1,17.86,0.1927,14.418378,0.2350,11.0300591700
2017-09-01,2020,90022083,USA,A1618150102,"AQ MB Elite","Plus 1",1,17.86,0.2906,12.669884,0.2350,9.6924612600
2017-09-01,2021,90022083,USA,A1618150102,"AQ MB Elite","Plus 1",1,20.46,0.2551,15.240654,0.2350,11.6591003100
2017-09-01,2021,90022083,USA,A1618150102,"AQ MB Elite","Plus 1",1,20.46,0.1988,16.392552,0.2350,12.5403022800
2017-09-01,2021,90022083,USA,A1618150102,"AQ MB Elite","Plus 1",1,20.46,0.2734,14.866236,0.2350,11.3726705400
2017-09-01,2021,90022083,USA,A1618150102,"AQ MB Elite","Plus 1",1,20.46,0.1927,16.517358,0.2350,12.6357788700
2017-09-01,2021,90022083,USA,A1618150102,"AQ MB Elite","Plus 1",1,20.46,0.2906,14.514324,0.2350,11.1034578600
2017-09-01,2018,70002017,India,A1618150103,"AQ MB Elite","Plus 2",1,18.59,0.0824,17.058184,0.3629,10.8677690264
2017-09-01,2018,70002017,India,A1618150103,"AQ MB Elite","Plus 2",1,18.59,0.0777,17.145557,0.3629,10.9234343647
2017-09-01,2018,70002017,India,A1618150103,"AQ MB Elite","Plus 2",1,18.59,0.0735,17.223635,0.3629,10.9731778585
2017-09-01,2018,70002017,India,A1618150103,"AQ MB Elite","Plus 2",1,18.59,0.0703,17.283123,0.3629,11.0110776633
2017-09-01,2018,70002017,India,A1618150103,"AQ MB Elite","Plus 2",1,18.59,0.1057,16.625037,0.3629,10.5918110727
2017-09-01,2019,70002017,India,A1618150103,"AQ MB Elite","Plus 2",1,19.19,0.0824,17.608744,0.3629,11.2185308024
2017-09-01,2019,70002017,India,A1618150103,"AQ MB Elite","Plus 2",1,19.19,0.0777,17.698937,0.3629,11.2759927627
2017-09-01,2019,70002017,India,A1618150103,"AQ MB Elite","Plus 2",1,19.19,0.0735,17.779535,0.3629,11.3273417485
2017-09-01,2019,70002017,India,A1618150103,"AQ MB Elite","Plus 2",1,19.19,0.0703,17.840943,0.3629,11.3664647853
2017-09-01,2019,70002017,India,A1618150103,"AQ MB Elite","Plus 2",1,19.19,0.1057,17.161617,0.3629,10.9336661907
2017-09-01,2020,70002017,India,A1618150103,"AQ MB Elite","Plus 2",1,19.91,0.0824,18.269416,0.3629,11.6394449336
2017-09-01,2020,70002017,India,A1618150103,"AQ MB Elite","Plus 2",1,19.91,0.0777,18.362993,0.3629,11.6990628403
2017-09-01,2020,70002017,India,A1618150103,"AQ MB Elite","Plus 2",1,19.91,0.0735,18.446615,0.3629,11.7523384165
2017-09-01,2020,70002017,India,A1618150103,"AQ MB Elite","Plus 2",1,19.91,0.0703,18.510327,0.3629,11.7929293317
2017-09-01,2020,70002017,India,A1618150103,"AQ MB Elite","Plus 2",1,19.91,0.1057,17.805513,0.3629,11.3438923323
2017-09-01,2021,70002017,India,A1618150103,"AQ MB Elite","Plus 2",1,21.20,0.0824,19.453120,0.3629,12.3935827520
2017-09-01,2021,70002017,India,A1618150103,"AQ MB Elite","Plus 2",1,21.20,0.0777,19.552760,0.3629,12.4570633960
2017-09-01,2021,70002017,India,A1618150103,"AQ MB Elite","Plus 2",1,21.20,0.0735,19.641800,0.3629,12.5137907800
2017-09-01,2021,70002017,India,A1618150103,"AQ MB Elite","Plus 2",1,21.20,0.0703,19.709640,0.3629,12.5570116440
2017-09-01,2021,70002017,India,A1618150103,"AQ MB Elite","Plus 2",1,21.20,0.1057,18.959160,0.3629,12.0788808360
2017-09-01,2018,70002018,India,A1618150103,"AQ MB Elite","Plus 2",4,74.37,0.2956,52.386228,0.3828,32.3327799216
2017-09-01,2018,70002018,India,A1618150103,"AQ MB Elite","Plus 2",4,74.37,0.2577,55.204851,0.3828,34.0724340372
2017-09-01,2018,70002018,India,A1618150103,"AQ MB Elite","Plus 2",4,74.37,0.2255,57.599565,0.3828,35.5504515180
2017-09-01,2018,70002018,India,A1618150103,"AQ MB Elite","Plus 2",4,74.37,0.2061,59.042343,0.3828,36.4409340996
2017-09-01,2018,70002018,India,A1618150103,"AQ MB Elite","Plus 2",4,74.37,0.2931,52.572153,0.3828,32.4475328316
2017-09-01,2019,70002018,India,A1618150103,"AQ MB Elite","Plus 2",4,76.74,0.2956,54.055656,0.3828,33.3631508832
2017-09-01,2019,70002018,India,A1618150103,"AQ MB Elite","Plus 2",4,76.74,0.2577,56.964102,0.3828,35.1582437544
2017-09-01,2019,70002018,India,A1618150103,"AQ MB Elite","Plus 2",4,76.74,0.2255,59.435130,0.3828,36.6833622360
2017-09-01,2019,70002018,India,A1618150103,"AQ MB Elite","Plus 2",4,76.74,0.2061,60.923886,0.3828,37.6022224392
2017-09-01,2019,70002018,India,A1618150103,"AQ MB Elite","Plus 2",4,76.74,0.2931,54.247506,0.3828,33.4815607032
2017-09-01,2020,70002018,India,A1618150103,"AQ MB Elite","Plus 2",4,79.65,0.2956,56.105460,0.3828,34.6282899120
2017-09-01,2020,70002018,India,A1618150103,"AQ MB Elite","Plus 2",4,79.65,0.2577,59.124195,0.3828,36.4914531540
2017-09-01,2020,70002018,India,A1618150103,"AQ MB Elite","Plus 2",4,79.65,0.2255,61.688925,0.3828,38.0744045100
2017-09-01,2020,70002018,India,A1618150103,"AQ MB Elite","Plus 2",4,79.65,0.2061,63.234135,0.3828,39.0281081220
2017-09-01,2020,70002018,India,A1618150103,"AQ MB Elite","Plus 2",4,79.65,0.2931,56.304585,0.3828,34.7511898620
2017-09-01,2021,70002018,India,A1618150103,"AQ MB Elite","Plus 2",4,84.81,0.2956,59.740164,0.3828,36.8716292208
2017-09-01,2021,70002018,India,A1618150103,"AQ MB Elite","Plus 2",4,84.81,0.2577,62.954463,0.3828,38.8554945636
2017-09-01,2021,70002018,India,A1618150103,"AQ MB Elite","Plus 2",4,84.81,0.2255,65.685345,0.3828,40.5409949340
2017-09-01,2021,70002018,India,A1618150103,"AQ MB Elite","Plus 2",4,84.81,0.2061,67.330659,0.3828,41.5564827348
2017-09-01,2021,70002018,India,A1618150103,"AQ MB Elite","Plus 2",4,84.81,0.2931,59.952189,0.3828,37.0024910508
2017-09-01,2018,70003182,Indonesia,A1618150103,"AQ MB Elite","Plus 2",1,18.59,0.2378,14.169298,0.3745,8.8628958990
2017-09-01,2018,70003182,Indonesia,A1618150103,"AQ MB Elite","Plus 2",1,18.59,0.2023,14.829243,0.3745,9.2756914965
2017-09-01,2018,70003182,Indonesia,A1618150103,"AQ MB Elite","Plus 2",1,18.59,0.1823,15.201043,0.3745,9.5082523965
2017-09-01,2018,70003182,Indonesia,A1618150103,"AQ MB Elite","Plus 2",1,18.59,0.2065,14.751165,0.3745,9.2268537075
2017-09-01,2018,70003182,Indonesia,A1618150103,"AQ MB Elite","Plus 2",1,18.59,0.2147,14.598727,0.3745,9.1315037385
2017-09-01,2019,70003182,Indonesia,A1618150103,"AQ MB Elite","Plus 2",1,19.19,0.2378,14.626618,0.3745,9.1489495590
2017-09-01,2019,70003182,Indonesia,A1618150103,"AQ MB Elite","Plus 2",1,19.19,0.2023,15.307863,0.3745,9.5750683065
2017-09-01,2019,70003182,Indonesia,A1618150103,"AQ MB Elite","Plus 2",1,19.19,0.1823,15.691663,0.3745,9.8151352065
2017-09-01,2019,70003182,Indonesia,A1618150103,"AQ MB Elite","Plus 2",1,19.19,0.2065,15.227265,0.3745,9.5246542575
2017-09-01,2019,70003182,Indonesia,A1618150103,"AQ MB Elite","Plus 2",1,19.19,0.2147,15.069907,0.3745,9.4262268285
2017-09-01,2020,70003182,Indonesia,A1618150103,"AQ MB Elite","Plus 2",1,19.91,0.2378,15.175402,0.3745,9.4922139510
2017-09-01,2020,70003182,Indonesia,A1618150103,"AQ MB Elite","Plus 2",1,19.91,0.2023,15.882207,0.3745,9.9343204785
2017-09-01,2020,70003182,Indonesia,A1618150103,"AQ MB Elite","Plus 2",1,19.91,0.1823,16.280407,0.3745,10.1833945785
2017-09-01,2020,70003182,Indonesia,A1618150103,"AQ MB Elite","Plus 2",1,19.91,0.2065,15.798585,0.3745,9.8820149175
2017-09-01,2020,70003182,Indonesia,A1618150103,"AQ MB Elite","Plus 2",1,19.91,0.2147,15.635323,0.3745,9.7798945365
2017-09-01,2021,70003182,Indonesia,A1618150103,"AQ MB Elite","Plus 2",1,21.20,0.2378,16.158640,0.3745,10.1072293200
2017-09-01,2021,70003182,Indonesia,A1618150103,"AQ MB Elite","Plus 2",1,21.20,0.2023,16.911240,0.3745,10.5779806200
2017-09-01,2021,70003182,Indonesia,A1618150103,"AQ MB Elite","Plus 2",1,21.20,0.1823,17.335240,0.3745,10.8431926200
2017-09-01,2021,70003182,Indonesia,A1618150103,"AQ MB Elite","Plus 2",1,21.20,0.2065,16.822200,0.3745,10.5222861000
2017-09-01,2021,70003182,Indonesia,A1618150103,"AQ MB Elite","Plus 2",1,21.20,0.2147,16.648360,0.3745,10.4135491800
2017-09-01,2018,70006157,Philiphines,A1618150103,"AQ MB Elite","Plus 2",1,18.59,0.1057,16.625037,0.3787,10.3291354881
2017-09-01,2018,70006157,Philiphines,A1618150103,"AQ MB Elite","Plus 2",1,18.59,0.0972,16.783052,0.3787,10.4273102076
2017-09-01,2018,70006157,Philiphines,A1618150103,"AQ MB Elite","Plus 2",1,18.59,0.0765,17.167865,0.3787,10.6663945245
2017-09-01,2018,70006157,Philiphines,A1618150103,"AQ MB Elite","Plus 2",1,18.59,0.0858,16.994978,0.3787,10.5589798314
2017-09-01,2018,70006157,Philiphines,A1618150103,"AQ MB Elite","Plus 2",1,18.59,0.0552,17.563832,0.3787,10.9124088216
2017-09-01,2019,70006157,Philiphines,A1618150103,"AQ MB Elite","Plus 2",1,19.19,0.1057,17.161617,0.3787,10.6625126421
2017-09-01,2019,70006157,Philiphines,A1618150103,"AQ MB Elite","Plus 2",1,19.19,0.0972,17.324732,0.3787,10.7638559916
2017-09-01,2019,70006157,Philiphines,A1618150103,"AQ MB Elite","Plus 2",1,19.19,0.0765,17.721965,0.3787,11.0106568545
2017-09-01,2019,70006157,Philiphines,A1618150103,"AQ MB Elite","Plus 2",1,19.19,0.0858,17.543498,0.3787,10.8997753074
2017-09-01,2019,70006157,Philiphines,A1618150103,"AQ MB Elite","Plus 2",1,19.19,0.0552,18.130712,0.3787,11.2646113656
2017-09-01,2020,70006157,Philiphines,A1618150103,"AQ MB Elite","Plus 2",1,19.91,0.1057,17.805513,0.3787,11.0625652269
2017-09-01,2020,70006157,Philiphines,A1618150103,"AQ MB Elite","Plus 2",1,19.91,0.0972,17.974748,0.3787,11.1677109324
2017-09-01,2020,70006157,Philiphines,A1618150103,"AQ MB Elite","Plus 2",1,19.91,0.0765,18.386885,0.3787,11.4237716505
2017-09-01,2020,70006157,Philiphines,A1618150103,"AQ MB Elite","Plus 2",1,19.91,0.0858,18.201722,0.3787,11.3087298786
2017-09-01,2020,70006157,Philiphines,A1618150103,"AQ MB Elite","Plus 2",1,19.91,0.0552,18.810968,0.3787,11.6872544184
2017-09-01,2021,70006157,Philiphines,A1618150103,"AQ MB Elite","Plus 2",1,21.20,0.1057,18.959160,0.3787,11.7793261080
2017-09-01,2021,70006157,Philiphines,A1618150103,"AQ MB Elite","Plus 2",1,21.20,0.0972,19.139360,0.3787,11.8912843680
2017-09-01,2021,70006157,Philiphines,A1618150103,"AQ MB Elite","Plus 2",1,21.20,0.0765,19.578200,0.3787,12.1639356600
2017-09-01,2021,70006157,Philiphines,A1618150103,"AQ MB Elite","Plus 2",1,21.20,0.0858,19.381040,0.3787,12.0414401520
2017-09-01,2021,70006157,Philiphines,A1618150103,"AQ MB Elite","Plus 2",1,21.20,0.0552,20.029760,0.3787,12.4444898880
2017-09-01,2018,70006158,Philiphines,A1618150103,"AQ MB Elite","Plus 2",1,18.59,0.1875,15.104375,0.3565,9.7196653125
2017-09-01,2018,70006158,Philiphines,A1618150103,"AQ MB Elite","Plus 2",1,18.59,0.1962,14.942642,0.3565,9.6155901270
2017-09-01,2018,70006158,Philiphines,A1618150103,"AQ MB Elite","Plus 2",1,18.59,0.2391,14.145131,0.3565,9.1023917985
2017-09-01,2018,70006158,Philiphines,A1618150103,"AQ MB Elite","Plus 2",1,18.59,0.2450,14.035450,0.3565,9.0318120750
2017-09-01,2018,70006158,Philiphines,A1618150103,"AQ MB Elite","Plus 2",1,18.59,0.2091,14.702831,0.3565,9.4612717485
2017-09-01,2019,70006158,Philiphines,A1618150103,"AQ MB Elite","Plus 2",1,19.19,0.1875,15.591875,0.3565,10.0333715625
2017-09-01,2019,70006158,Philiphines,A1618150103,"AQ MB Elite","Plus 2",1,19.19,0.1962,15.424922,0.3565,9.9259373070
2017-09-01,2019,70006158,Philiphines,A1618150103,"AQ MB Elite","Plus 2",1,19.19,0.2391,14.601671,0.3565,9.3961752885
2017-09-01,2019,70006158,Philiphines,A1618150103,"AQ MB Elite","Plus 2",1,19.19,0.2450,14.488450,0.3565,9.3233175750
2017-09-01,2019,70006158,Philiphines,A1618150103,"AQ MB Elite","Plus 2",1,19.19,0.2091,15.177371,0.3565,9.7666382385
2017-09-01,2020,70006158,Philiphines,A1618150103,"AQ MB Elite","Plus 2",1,19.91,0.1875,16.176875,0.3565,10.4098190625
2017-09-01,2020,70006158,Philiphines,A1618150103,"AQ MB Elite","Plus 2",1,19.91,0.1962,16.003658,0.3565,10.2983539230
2017-09-01,2020,70006158,Philiphines,A1618150103,"AQ MB Elite","Plus 2",1,19.91,0.2391,15.149519,0.3565,9.7487154765
2017-09-01,2020,70006158,Philiphines,A1618150103,"AQ MB Elite","Plus 2",1,19.91,0.2450,15.032050,0.3565,9.6731241750
2017-09-01,2020,70006158,Philiphines,A1618150103,"AQ MB Elite","Plus 2",1,19.91,0.2091,15.746819,0.3565,10.1330780265
2017-09-01,2021,70006158,Philiphines,A1618150103,"AQ MB Elite","Plus 2",1,21.20,0.1875,17.225000,0.3565,11.0842875000
2017-09-01,2021,70006158,Philiphines,A1618150103,"AQ MB Elite","Plus 2",1,21.20,0.1962,17.040560,0.3565,10.9656003600
2017-09-01,2021,70006158,Philiphines,A1618150103,"AQ MB Elite","Plus 2",1,21.20,0.2391,16.131080,0.3565,10.3803499800
2017-09-01,2021,70006158,Philiphines,A1618150103,"AQ MB Elite","Plus 2",1,21.20,0.2450,16.006000,0.3565,10.2998610000
2017-09-01,2021,70006158,Philiphines,A1618150103,"AQ MB Elite","Plus 2",1,21.20,0.2091,16.767080,0.3565,10.7896159800
2017-09-01,2018,70007198,"South Korea",A1618150103,"AQ MB Elite","Plus 2",1,18.59,0.0700,17.288700,0.4408,9.6678410400
2017-09-01,2018,70007198,"South Korea",A1618150103,"AQ MB Elite","Plus 2",1,18.59,0.0534,17.597294,0.4408,9.8404068048
2017-09-01,2018,70007198,"South Korea",A1618150103,"AQ MB Elite","Plus 2",1,18.59,0.0703,17.283123,0.4408,9.6647223816
2017-09-01,2018,70007198,"South Korea",A1618150103,"AQ MB Elite","Plus 2",1,18.59,0.0736,17.221776,0.4408,9.6304171392
2017-09-01,2018,70007198,"South Korea",A1618150103,"AQ MB Elite","Plus 2",1,18.59,0.0977,16.773757,0.4408,9.3798849144
2017-09-01,2019,70007198,"South Korea",A1618150103,"AQ MB Elite","Plus 2",1,19.19,0.0700,17.846700,0.4408,9.9798746400
2017-09-01,2019,70007198,"South Korea",A1618150103,"AQ MB Elite","Plus 2",1,19.19,0.0534,18.165254,0.4408,10.1580100368
2017-09-01,2019,70007198,"South Korea",A1618150103,"AQ MB Elite","Plus 2",1,19.19,0.0703,17.840943,0.4408,9.9766553256
2017-09-01,2019,70007198,"South Korea",A1618150103,"AQ MB Elite","Plus 2",1,19.19,0.0736,17.777616,0.4408,9.9412428672
2017-09-01,2019,70007198,"South Korea",A1618150103,"AQ MB Elite","Plus 2",1,19.19,0.0977,17.315137,0.4408,9.6826246104
2017-09-01,2020,70007198,"South Korea",A1618150103,"AQ MB Elite","Plus 2",1,19.91,0.0700,18.516300,0.4408,10.3543149600
2017-09-01,2020,70007198,"South Korea",A1618150103,"AQ MB Elite","Plus 2",1,19.91,0.0534,18.846806,0.4408,10.5391339152
2017-09-01,2020,70007198,"South Korea",A1618150103,"AQ MB Elite","Plus 2",1,19.91,0.0703,18.510327,0.4408,10.3509748584
2017-09-01,2020,70007198,"South Korea",A1618150103,"AQ MB Elite","Plus 2",1,19.91,0.0736,18.444624,0.4408,10.3142337408
2017-09-01,2020,70007198,"South Korea",A1618150103,"AQ MB Elite","Plus 2",1,19.91,0.0977,17.964793,0.4408,10.0459122456
2017-09-01,2021,70007198,"South Korea",A1618150103,"AQ MB Elite","Plus 2",1,21.20,0.0700,19.716000,0.4408,11.0251872000
2017-09-01,2021,70007198,"South Korea",A1618150103,"AQ MB Elite","Plus 2",1,21.20,0.0534,20.067920,0.4408,11.2219808640
2017-09-01,2021,70007198,"South Korea",A1618150103,"AQ MB Elite","Plus 2",1,21.20,0.0703,19.709640,0.4408,11.0216306880
2017-09-01,2021,70007198,"South Korea",A1618150103,"AQ MB Elite","Plus 2",1,21.20,0.0736,19.639680,0.4408,10.9825090560
2017-09-01,2021,70007198,"South Korea",A1618150103,"AQ MB Elite","Plus 2",1,21.20,0.0977,19.128760,0.4408,10.6968025920
2017-09-01,2018,70007199,"South Korea",A1618150103,"AQ MB Elite","Plus 2",3,55.78,0.2551,41.550522,0.4255,23.8707748890
2017-09-01,2018,70007199,"South Korea",A1618150103,"AQ MB Elite","Plus 2",3,55.78,0.1824,45.605728,0.4255,26.2004907360
2017-09-01,2018,70007199,"South Korea",A1618150103,"AQ MB Elite","Plus 2",3,55.78,0.2123,43.937906,0.4255,25.2423269970
2017-09-01,2018,70007199,"South Korea",A1618150103,"AQ MB Elite","Plus 2",3,55.78,0.2105,44.038310,0.4255,25.3000090950
2017-09-01,2018,70007199,"South Korea",A1618150103,"AQ MB Elite","Plus 2",3,55.78,0.2057,44.306054,0.4255,25.4538280230
2017-09-01,2019,70007199,"South Korea",A1618150103,"AQ MB Elite","Plus 2",3,57.56,0.2551,42.876444,0.4255,24.6325170780
2017-09-01,2019,70007199,"South Korea",A1618150103,"AQ MB Elite","Plus 2",3,57.56,0.1824,47.061056,0.4255,27.0365766720
2017-09-01,2019,70007199,"South Korea",A1618150103,"AQ MB Elite","Plus 2",3,57.56,0.2123,45.340012,0.4255,26.0478368940
2017-09-01,2019,70007199,"South Korea",A1618150103,"AQ MB Elite","Plus 2",3,57.56,0.2105,45.443620,0.4255,26.1073596900
2017-09-01,2019,70007199,"South Korea",A1618150103,"AQ MB Elite","Plus 2",3,57.56,0.2057,45.719908,0.4255,26.2660871460
2017-09-01,2020,70007199,"South Korea",A1618150103,"AQ MB Elite","Plus 2",3,59.74,0.2551,44.500326,0.4255,25.5654372870
2017-09-01,2020,70007199,"South Korea",A1618150103,"AQ MB Elite","Plus 2",3,59.74,0.1824,48.843424,0.4255,28.0605470880
2017-09-01,2020,70007199,"South Korea",A1618150103,"AQ MB Elite","Plus 2",3,59.74,0.2123,47.057198,0.4255,27.0343602510
2017-09-01,2020,70007199,"South Korea",A1618150103,"AQ MB Elite","Plus 2",3,59.74,0.2105,47.164730,0.4255,27.0961373850
2017-09-01,2020,70007199,"South Korea",A1618150103,"AQ MB Elite","Plus 2",3,59.74,0.2057,47.451482,0.4255,27.2608764090
2017-09-01,2021,70007199,"South Korea",A1618150103,"AQ MB Elite","Plus 2",3,63.61,0.2551,47.383089,0.4255,27.2215846305
2017-09-01,2021,70007199,"South Korea",A1618150103,"AQ MB Elite","Plus 2",3,63.61,0.1824,52.007536,0.4255,29.8783294320
2017-09-01,2021,70007199,"South Korea",A1618150103,"AQ MB Elite","Plus 2",3,63.61,0.2123,50.105597,0.4255,28.7856654765
2017-09-01,2021,70007199,"South Korea",A1618150103,"AQ MB Elite","Plus 2",3,63.61,0.2105,50.220095,0.4255,28.8514445775
2017-09-01,2021,70007199,"South Korea",A1618150103,"AQ MB Elite","Plus 2",3,63.61,0.2057,50.525423,0.4255,29.0268555135
2017-09-01,2018,70011193,France,A1618150103,"AQ MB Elite","Plus 2",1,18.59,0.0521,17.621461,0.2967,12.3931735213
2017-09-01,2018,70011193,France,A1618150103,"AQ MB Elite","Plus 2",1,18.59,0.0634,17.411394,0.2967,12.2454334002
2017-09-01,2018,70011193,France,A1618150103,"AQ MB Elite","Plus 2",1,18.59,0.0643,17.394663,0.2967,12.2336664879
2017-09-01,2018,70011193,France,A1618150103,"AQ MB Elite","Plus 2",1,18.59,0.1056,16.626896,0.2967,11.6936959568
2017-09-01,2018,70011193,France,A1618150103,"AQ MB Elite","Plus 2",1,18.59,0.0510,17.641910,0.2967,12.4075553030
2017-09-01,2019,70011193,France,A1618150103,"AQ MB Elite","Plus 2",1,19.19,0.0521,18.190201,0.2967,12.7931683633
2017-09-01,2019,70011193,France,A1618150103,"AQ MB Elite","Plus 2",1,19.19,0.0634,17.973354,0.2967,12.6406598682
2017-09-01,2019,70011193,France,A1618150103,"AQ MB Elite","Plus 2",1,19.19,0.0643,17.956083,0.2967,12.6285131739
2017-09-01,2019,70011193,France,A1618150103,"AQ MB Elite","Plus 2",1,19.19,0.1056,17.163536,0.2967,12.0711148688
2017-09-01,2019,70011193,France,A1618150103,"AQ MB Elite","Plus 2",1,19.19,0.0510,18.211310,0.2967,12.8080143230
2017-09-01,2020,70011193,France,A1618150103,"AQ MB Elite","Plus 2",1,19.91,0.0521,18.872689,0.2967,13.2731621737
2017-09-01,2020,70011193,France,A1618150103,"AQ MB Elite","Plus 2",1,19.91,0.0634,18.647706,0.2967,13.1149316298
2017-09-01,2020,70011193,France,A1618150103,"AQ MB Elite","Plus 2",1,19.91,0.0643,18.629787,0.2967,13.1023291971
2017-09-01,2020,70011193,France,A1618150103,"AQ MB Elite","Plus 2",1,19.91,0.1056,17.807504,0.2967,12.5240175632
2017-09-01,2020,70011193,France,A1618150103,"AQ MB Elite","Plus 2",1,19.91,0.0510,18.894590,0.2967,13.2885651470
2017-09-01,2021,70011193,France,A1618150103,"AQ MB Elite","Plus 2",1,21.20,0.0521,20.095480,0.2967,14.1331510840
2017-09-01,2021,70011193,France,A1618150103,"AQ MB Elite","Plus 2",1,21.20,0.0634,19.855920,0.2967,13.9646685360
2017-09-01,2021,70011193,France,A1618150103,"AQ MB Elite","Plus 2",1,21.20,0.0643,19.836840,0.2967,13.9512495720
2017-09-01,2021,70011193,France,A1618150103,"AQ MB Elite","Plus 2",1,21.20,0.1056,18.961280,0.2967,13.3354682240
2017-09-01,2021,70011193,France,A1618150103,"AQ MB Elite","Plus 2",1,21.20,0.0510,20.118800,0.2967,14.1495520400
2017-09-01,2018,70011194,France,A1618150103,"AQ MB Elite","Plus 2",1,18.59,0.2046,14.786486,0.2618,10.9153839652
2017-09-01,2018,70011194,France,A1618150103,"AQ MB Elite","Plus 2",1,18.59,0.1941,14.981681,0.2618,11.0594769142
2017-09-01,2018,70011194,France,A1618150103,"AQ MB Elite","Plus 2",1,18.59,0.1917,15.026297,0.2618,11.0924124454
2017-09-01,2018,70011194,France,A1618150103,"AQ MB Elite","Plus 2",1,18.59,0.1859,15.134119,0.2618,11.1720066458
2017-09-01,2018,70011194,France,A1618150103,"AQ MB Elite","Plus 2",1,18.59,0.2609,13.739869,0.2618,10.1427712958
2017-09-01,2019,70011194,France,A1618150103,"AQ MB Elite","Plus 2",1,19.19,0.2046,15.263726,0.2618,11.2676825332
2017-09-01,2019,70011194,France,A1618150103,"AQ MB Elite","Plus 2",1,19.19,0.1941,15.465221,0.2618,11.4164261422
2017-09-01,2019,70011194,France,A1618150103,"AQ MB Elite","Plus 2",1,19.19,0.1917,15.511277,0.2618,11.4504246814
2017-09-01,2019,70011194,France,A1618150103,"AQ MB Elite","Plus 2",1,19.19,0.1859,15.622579,0.2618,11.5325878178
2017-09-01,2019,70011194,France,A1618150103,"AQ MB Elite","Plus 2",1,19.19,0.2609,14.183329,0.2618,10.4701334678
2017-09-01,2020,70011194,France,A1618150103,"AQ MB Elite","Plus 2",1,19.91,0.2046,15.836414,0.2618,11.6904408148
2017-09-01,2020,70011194,France,A1618150103,"AQ MB Elite","Plus 2",1,19.91,0.1941,16.045469,0.2618,11.8447652158
2017-09-01,2020,70011194,France,A1618150103,"AQ MB Elite","Plus 2",1,19.91,0.1917,16.093253,0.2618,11.8800393646
2017-09-01,2020,70011194,France,A1618150103,"AQ MB Elite","Plus 2",1,19.91,0.1859,16.208731,0.2618,11.9652852242
2017-09-01,2020,70011194,France,A1618150103,"AQ MB Elite","Plus 2",1,19.91,0.2609,14.715481,0.2618,10.8629680742
2017-09-01,2021,70011194,France,A1618150103,"AQ MB Elite","Plus 2",1,21.20,0.2046,16.862480,0.2618,12.4478827360
2017-09-01,2021,70011194,France,A1618150103,"AQ MB Elite","Plus 2",1,21.20,0.1941,17.085080,0.2618,12.6122060560
2017-09-01,2021,70011194,France,A1618150103,"AQ MB Elite","Plus 2",1,21.20,0.1917,17.135960,0.2618,12.6497656720
2017-09-01,2021,70011194,France,A1618150103,"AQ MB Elite","Plus 2",1,21.20,0.1859,17.258920,0.2618,12.7405347440
2017-09-01,2021,70011194,France,A1618150103,"AQ MB Elite","Plus 2",1,21.20,0.2609,15.668920,0.2618,11.5667967440
2017-09-01,2018,70022085,USA,A1618150103,"AQ MB Elite","Plus 2",2,37.18,0.2025,29.651050,0.2291,22.8579944450
2017-09-01,2018,70022085,USA,A1618150103,"AQ MB Elite","Plus 2",2,37.18,0.2669,27.256658,0.2291,21.0121576522
2017-09-01,2018,70022085,USA,A1618150103,"AQ MB Elite","Plus 2",2,37.18,0.3059,25.806638,0.2291,19.8943372342
2017-09-01,2018,70022085,USA,A1618150103,"AQ MB Elite","Plus 2",2,37.18,0.1876,30.205032,0.2291,23.2850591688
2017-09-01,2018,70022085,USA,A1618150103,"AQ MB Elite","Plus 2",2,37.18,0.1816,30.428112,0.2291,23.4570315408
2017-09-01,2019,70022085,USA,A1618150103,"AQ MB Elite","Plus 2",2,38.37,0.2025,30.600075,0.2291,23.5895978175
2017-09-01,2019,70022085,USA,A1618150103,"AQ MB Elite","Plus 2",2,38.37,0.2669,28.129047,0.2291,21.6846823323
2017-09-01,2019,70022085,USA,A1618150103,"AQ MB Elite","Plus 2",2,38.37,0.3059,26.632617,0.2291,20.5310844453
2017-09-01,2019,70022085,USA,A1618150103,"AQ MB Elite","Plus 2",2,38.37,0.1876,31.171788,0.2291,24.0303313692
2017-09-01,2019,70022085,USA,A1618150103,"AQ MB Elite","Plus 2",2,38.37,0.1816,31.402008,0.2291,24.2078079672
2017-09-01,2020,70022085,USA,A1618150103,"AQ MB Elite","Plus 2",2,39.82,0.2025,31.756450,0.2291,24.4810473050
2017-09-01,2020,70022085,USA,A1618150103,"AQ MB Elite","Plus 2",2,39.82,0.2669,29.192042,0.2291,22.5041451778
2017-09-01,2020,70022085,USA,A1618150103,"AQ MB Elite","Plus 2",2,39.82,0.3059,27.639062,0.2291,21.3069528958
2017-09-01,2020,70022085,USA,A1618150103,"AQ MB Elite","Plus 2",2,39.82,0.1876,32.349768,0.2291,24.9384361512
2017-09-01,2020,70022085,USA,A1618150103,"AQ MB Elite","Plus 2",2,39.82,0.1816,32.588688,0.2291,25.1226195792
2017-09-01,2021,70022085,USA,A1618150103,"AQ MB Elite","Plus 2",2,42.40,0.2025,33.814000,0.2291,26.0672126000
2017-09-01,2021,70022085,USA,A1618150103,"AQ MB Elite","Plus 2",2,42.40,0.2669,31.083440,0.2291,23.9622238960
2017-09-01,2021,70022085,USA,A1618150103,"AQ MB Elite","Plus 2",2,42.40,0.3059,29.429840,0.2291,22.6874636560
2017-09-01,2021,70022085,USA,A1618150103,"AQ MB Elite","Plus 2",2,42.40,0.1876,34.445760,0.2291,26.5542363840
2017-09-01,2021,70022085,USA,A1618150103,"AQ MB Elite","Plus 2",2,42.40,0.1816,34.700160,0.2291,26.7503533440
2017-09-01,2018,80001019,China,A1618150103,"AQ MB Elite","Plus 2",1,18.59,0.2815,13.356915,0.2745,9.6904418325
2017-09-01,2018,80001019,China,A1618150103,"AQ MB Elite","Plus 2",1,18.59,0.1832,15.184312,0.2745,11.0162183560
2017-09-01,2018,80001019,China,A1618150103,"AQ MB Elite","Plus 2",1,18.59,0.2151,14.591291,0.2745,10.5859816205
2017-09-01,2018,80001019,China,A1618150103,"AQ MB Elite","Plus 2",1,18.59,0.2485,13.970385,0.2745,10.1355143175
2017-09-01,2018,80001019,China,A1618150103,"AQ MB Elite","Plus 2",1,18.59,0.1893,15.070913,0.2745,10.9339473815
2017-09-01,2019,80001019,China,A1618150103,"AQ MB Elite","Plus 2",1,19.19,0.2815,13.788015,0.2745,10.0032048825
2017-09-01,2019,80001019,China,A1618150103,"AQ MB Elite","Plus 2",1,19.19,0.1832,15.674392,0.2745,11.3717713960
2017-09-01,2019,80001019,China,A1618150103,"AQ MB Elite","Plus 2",1,19.19,0.2151,15.062231,0.2745,10.9276485905
2017-09-01,2019,80001019,China,A1618150103,"AQ MB Elite","Plus 2",1,19.19,0.2485,14.421285,0.2745,10.4626422675
2017-09-01,2019,80001019,China,A1618150103,"AQ MB Elite","Plus 2",1,19.19,0.1893,15.557333,0.2745,11.2868450915
2017-09-01,2020,80001019,China,A1618150103,"AQ MB Elite","Plus 2",1,19.91,0.2815,14.305335,0.2745,10.3785205425
2017-09-01,2020,80001019,China,A1618150103,"AQ MB Elite","Plus 2",1,19.91,0.1832,16.262488,0.2745,11.7984350440
2017-09-01,2020,80001019,China,A1618150103,"AQ MB Elite","Plus 2",1,19.91,0.2151,15.627359,0.2745,11.3376489545
2017-09-01,2020,80001019,China,A1618150103,"AQ MB Elite","Plus 2",1,19.91,0.2485,14.962365,0.2745,10.8551958075
2017-09-01,2020,80001019,China,A1618150103,"AQ MB Elite","Plus 2",1,19.91,0.1893,16.141037,0.2745,11.7103223435
2017-09-01,2021,80001019,China,A1618150103,"AQ MB Elite","Plus 2",1,21.20,0.2815,15.232200,0.2745,11.0509611000
2017-09-01,2021,80001019,China,A1618150103,"AQ MB Elite","Plus 2",1,21.20,0.1832,17.316160,0.2745,12.5628740800
2017-09-01,2021,80001019,China,A1618150103,"AQ MB Elite","Plus 2",1,21.20,0.2151,16.639880,0.2745,12.0722329400
2017-09-01,2021,80001019,China,A1618150103,"AQ MB Elite","Plus 2",1,21.20,0.2485,15.931800,0.2745,11.5585209000
2017-09-01,2021,80001019,China,A1618150103,"AQ MB Elite","Plus 2",1,21.20,0.1893,17.186840,0.2745,12.4690524200
2017-09-01,2018,80006154,Philiphines,A1618150103,"AQ MB Elite","Plus 2",1,18.59,0.2728,13.518648,0.4070,8.0165582640
2017-09-01,2018,80006154,Philiphines,A1618150103,"AQ MB Elite","Plus 2",1,18.59,0.2101,14.684241,0.4070,8.7077549130
2017-09-01,2018,80006154,Philiphines,A1618150103,"AQ MB Elite","Plus 2",1,18.59,0.2346,14.228786,0.4070,8.4376700980
2017-09-01,2018,80006154,Philiphines,A1618150103,"AQ MB Elite","Plus 2",1,18.59,0.2103,14.680523,0.4070,8.7055501390
2017-09-01,2018,80006154,Philiphines,A1618150103,"AQ MB Elite","Plus 2",1,18.59,0.2307,14.301287,0.4070,8.4806631910
2017-09-01,2019,80006154,Philiphines,A1618150103,"AQ MB Elite","Plus 2",1,19.19,0.2728,13.954968,0.4070,8.2752960240
2017-09-01,2019,80006154,Philiphines,A1618150103,"AQ MB Elite","Plus 2",1,19.19,0.2101,15.158181,0.4070,8.9888013330
2017-09-01,2019,80006154,Philiphines,A1618150103,"AQ MB Elite","Plus 2",1,19.19,0.2346,14.688026,0.4070,8.7099994180
2017-09-01,2019,80006154,Philiphines,A1618150103,"AQ MB Elite","Plus 2",1,19.19,0.2103,15.154343,0.4070,8.9865253990
2017-09-01,2019,80006154,Philiphines,A1618150103,"AQ MB Elite","Plus 2",1,19.19,0.2307,14.762867,0.4070,8.7543801310
2017-09-01,2020,80006154,Philiphines,A1618150103,"AQ MB Elite","Plus 2",1,19.91,0.2728,14.478552,0.4070,8.5857813360
2017-09-01,2020,80006154,Philiphines,A1618150103,"AQ MB Elite","Plus 2",1,19.91,0.2101,15.726909,0.4070,9.3260570370
2017-09-01,2020,80006154,Philiphines,A1618150103,"AQ MB Elite","Plus 2",1,19.91,0.2346,15.239114,0.4070,9.0367946020
2017-09-01,2020,80006154,Philiphines,A1618150103,"AQ MB Elite","Plus 2",1,19.91,0.2103,15.722927,0.4070,9.3236957110
2017-09-01,2020,80006154,Philiphines,A1618150103,"AQ MB Elite","Plus 2",1,19.91,0.2307,15.316763,0.4070,9.0828404590
2017-09-01,2021,80006154,Philiphines,A1618150103,"AQ MB Elite","Plus 2",1,21.20,0.2728,15.416640,0.4070,9.1420675200
2017-09-01,2021,80006154,Philiphines,A1618150103,"AQ MB Elite","Plus 2",1,21.20,0.2101,16.745880,0.4070,9.9303068400
2017-09-01,2021,80006154,Philiphines,A1618150103,"AQ MB Elite","Plus 2",1,21.20,0.2346,16.226480,0.4070,9.6223026400
2017-09-01,2021,80006154,Philiphines,A1618150103,"AQ MB Elite","Plus 2",1,21.20,0.2103,16.741640,0.4070,9.9277925200
2017-09-01,2021,80006154,Philiphines,A1618150103,"AQ MB Elite","Plus 2",1,21.20,0.2307,16.309160,0.4070,9.6713318800
2017-09-01,2018,80007195,"South Korea",A1618150103,"AQ MB Elite","Plus 2",6,111.55,0.2990,78.196550,0.4130,45.9013748500
2017-09-01,2018,80007195,"South Korea",A1618150103,"AQ MB Elite","Plus 2",6,111.55,0.2557,83.026665,0.4130,48.7366523550
2017-09-01,2018,80007195,"South Korea",A1618150103,"AQ MB Elite","Plus 2",6,111.55,0.2390,84.889550,0.4130,49.8301658500
2017-09-01,2018,80007195,"South Korea",A1618150103,"AQ MB Elite","Plus 2",6,111.55,0.2617,82.357365,0.4130,48.3437732550
2017-09-01,2018,80007195,"South Korea",A1618150103,"AQ MB Elite","Plus 2",6,111.55,0.2929,78.877005,0.4130,46.3008019350
2017-09-01,2019,80007195,"South Korea",A1618150103,"AQ MB Elite","Plus 2",6,115.12,0.2990,80.699120,0.4130,47.3703834400
2017-09-01,2019,80007195,"South Korea",A1618150103,"AQ MB Elite","Plus 2",6,115.12,0.2557,85.683816,0.4130,50.2963999920
2017-09-01,2019,80007195,"South Korea",A1618150103,"AQ MB Elite","Plus 2",6,115.12,0.2390,87.606320,0.4130,51.4249098400
2017-09-01,2019,80007195,"South Korea",A1618150103,"AQ MB Elite","Plus 2",6,115.12,0.2617,84.993096,0.4130,49.8909473520
2017-09-01,2019,80007195,"South Korea",A1618150103,"AQ MB Elite","Plus 2",6,115.12,0.2929,81.401352,0.4130,47.7825936240
2017-09-01,2020,80007195,"South Korea",A1618150103,"AQ MB Elite","Plus 2",6,119.47,0.2990,83.748470,0.4130,49.1603518900
2017-09-01,2020,80007195,"South Korea",A1618150103,"AQ MB Elite","Plus 2",6,119.47,0.2557,88.921521,0.4130,52.1969328270
2017-09-01,2020,80007195,"South Korea",A1618150103,"AQ MB Elite","Plus 2",6,119.47,0.2390,90.916670,0.4130,53.3680852900
2017-09-01,2020,80007195,"South Korea",A1618150103,"AQ MB Elite","Plus 2",6,119.47,0.2617,88.204701,0.4130,51.7761594870
2017-09-01,2020,80007195,"South Korea",A1618150103,"AQ MB Elite","Plus 2",6,119.47,0.2929,84.477237,0.4130,49.5881381190
2017-09-01,2021,80007195,"South Korea",A1618150103,"AQ MB Elite","Plus 2",6,127.21,0.2990,89.174210,0.4130,52.3452612700
2017-09-01,2021,80007195,"South Korea",A1618150103,"AQ MB Elite","Plus 2",6,127.21,0.2557,94.682403,0.4130,55.5785705610
2017-09-01,2021,80007195,"South Korea",A1618150103,"AQ MB Elite","Plus 2",6,127.21,0.2390,96.806810,0.4130,56.8255974700
2017-09-01,2021,80007195,"South Korea",A1618150103,"AQ MB Elite","Plus 2",6,127.21,0.2617,93.919143,0.4130,55.1305369410
2017-09-01,2021,80007195,"South Korea",A1618150103,"AQ MB Elite","Plus 2",6,127.21,0.2929,89.950191,0.4130,52.8007621170
2017-09-01,2018,90002001,India,A1618150103,"AQ MB Elite","Plus 2",1,18.59,0.2490,13.961090,0.4001,8.3752578910
2017-09-01,2018,90002001,India,A1618150103,"AQ MB Elite","Plus 2",1,18.59,0.2247,14.412827,0.4001,8.6462549173
2017-09-01,2018,90002001,India,A1618150103,"AQ MB Elite","Plus 2",1,18.59,0.1894,15.069054,0.4001,9.0399254946
2017-09-01,2018,90002001,India,A1618150103,"AQ MB Elite","Plus 2",1,18.59,0.2119,14.650779,0.4001,8.7890023221
2017-09-01,2018,90002001,India,A1618150103,"AQ MB Elite","Plus 2",1,18.59,0.1964,14.938924,0.4001,8.9618605076
2017-09-01,2019,90002001,India,A1618150103,"AQ MB Elite","Plus 2",1,19.19,0.2490,14.411690,0.4001,8.6455728310
2017-09-01,2019,90002001,India,A1618150103,"AQ MB Elite","Plus 2",1,19.19,0.2247,14.878007,0.4001,8.9253163993
2017-09-01,2019,90002001,India,A1618150103,"AQ MB Elite","Plus 2",1,19.19,0.1894,15.555414,0.4001,9.3316928586
2017-09-01,2019,90002001,India,A1618150103,"AQ MB Elite","Plus 2",1,19.19,0.2119,15.123639,0.4001,9.0726710361
2017-09-01,2019,90002001,India,A1618150103,"AQ MB Elite","Plus 2",1,19.19,0.1964,15.421084,0.4001,9.2511082916
2017-09-01,2020,90002001,India,A1618150103,"AQ MB Elite","Plus 2",1,19.91,0.2490,14.952410,0.4001,8.9699507590
2017-09-01,2020,90002001,India,A1618150103,"AQ MB Elite","Plus 2",1,19.91,0.2247,15.436223,0.4001,9.2601901777
2017-09-01,2020,90002001,India,A1618150103,"AQ MB Elite","Plus 2",1,19.91,0.1894,16.139046,0.4001,9.6818136954
2017-09-01,2020,90002001,India,A1618150103,"AQ MB Elite","Plus 2",1,19.91,0.2119,15.691071,0.4001,9.4130734929
2017-09-01,2020,90002001,India,A1618150103,"AQ MB Elite","Plus 2",1,19.91,0.1964,15.999676,0.4001,9.5982056324
2017-09-01,2021,90002001,India,A1618150103,"AQ MB Elite","Plus 2",1,21.20,0.2490,15.921200,0.4001,9.5511278800
2017-09-01,2021,90002001,India,A1618150103,"AQ MB Elite","Plus 2",1,21.20,0.2247,16.436360,0.4001,9.8601723640
2017-09-01,2021,90002001,India,A1618150103,"AQ MB Elite","Plus 2",1,21.20,0.1894,17.184720,0.4001,10.3091135280
2017-09-01,2021,90002001,India,A1618150103,"AQ MB Elite","Plus 2",1,21.20,0.2119,16.707720,0.4001,10.0229612280
2017-09-01,2021,90002001,India,A1618150103,"AQ MB Elite","Plus 2",1,21.20,0.1964,17.036320,0.4001,10.2200883680
2017-09-01,2018,90002002,India,A1618150103,"AQ MB Elite","Plus 2",1,18.59,0.2005,14.862705,0.4001,8.9161367295
2017-09-01,2018,90002002,India,A1618150103,"AQ MB Elite","Plus 2",1,18.59,0.1878,15.098798,0.4001,9.0577689202
2017-09-01,2018,90002002,India,A1618150103,"AQ MB Elite","Plus 2",1,18.59,0.1860,15.132260,0.4001,9.0778427740
2017-09-01,2018,90002002,India,A1618150103,"AQ MB Elite","Plus 2",1,18.59,0.3025,12.966525,0.4001,7.7786183475
2017-09-01,2018,90002002,India,A1618150103,"AQ MB Elite","Plus 2",1,18.59,0.1828,15.191748,0.4001,9.1135296252
2017-09-01,2019,90002002,India,A1618150103,"AQ MB Elite","Plus 2",1,19.19,0.2005,15.342405,0.4001,9.2039087595
2017-09-01,2019,90002002,India,A1618150103,"AQ MB Elite","Plus 2",1,19.19,0.1878,15.586118,0.4001,9.3501121882
2017-09-01,2019,90002002,India,A1618150103,"AQ MB Elite","Plus 2",1,19.19,0.1860,15.620660,0.4001,9.3708339340
2017-09-01,2019,90002002,India,A1618150103,"AQ MB Elite","Plus 2",1,19.19,0.3025,13.385025,0.4001,8.0296764975
2017-09-01,2019,90002002,India,A1618150103,"AQ MB Elite","Plus 2",1,19.19,0.1828,15.682068,0.4001,9.4076725932
2017-09-01,2020,90002002,India,A1618150103,"AQ MB Elite","Plus 2",1,19.91,0.2005,15.918045,0.4001,9.5492351955
2017-09-01,2020,90002002,India,A1618150103,"AQ MB Elite","Plus 2",1,19.91,0.1878,16.170902,0.4001,9.7009241098
2017-09-01,2020,90002002,India,A1618150103,"AQ MB Elite","Plus 2",1,19.91,0.1860,16.206740,0.4001,9.7224233260
2017-09-01,2020,90002002,India,A1618150103,"AQ MB Elite","Plus 2",1,19.91,0.3025,13.887225,0.4001,8.3309462775
2017-09-01,2020,90002002,India,A1618150103,"AQ MB Elite","Plus 2",1,19.91,0.1828,16.270452,0.4001,9.7606441548
2017-09-01,2021,90002002,India,A1618150103,"AQ MB Elite","Plus 2",1,21.20,0.2005,16.949400,0.4001,10.1679450600
2017-09-01,2021,90002002,India,A1618150103,"AQ MB Elite","Plus 2",1,21.20,0.1878,17.218640,0.4001,10.3294621360
2017-09-01,2021,90002002,India,A1618150103,"AQ MB Elite","Plus 2",1,21.20,0.1860,17.256800,0.4001,10.3523543200
2017-09-01,2021,90002002,India,A1618150103,"AQ MB Elite","Plus 2",1,21.20,0.3025,14.787000,0.4001,8.8707213000
2017-09-01,2021,90002002,India,A1618150103,"AQ MB Elite","Plus 2",1,21.20,0.1828,17.324640,0.4001,10.3930515360
2017-09-01,2018,90002003,India,A1618150103,"AQ MB Elite","Plus 2",4,74.37,0.2831,53.315853,0.3496,34.6766307912
2017-09-01,2018,90002003,India,A1618150103,"AQ MB Elite","Plus 2",4,74.37,0.2851,53.167113,0.3496,34.5798902952
2017-09-01,2018,90002003,India,A1618150103,"AQ MB Elite","Plus 2",4,74.37,0.2611,54.951993,0.3496,35.7407762472
2017-09-01,2018,90002003,India,A1618150103,"AQ MB Elite","Plus 2",4,74.37,0.3028,51.850764,0.3496,33.7237369056
2017-09-01,2018,90002003,India,A1618150103,"AQ MB Elite","Plus 2",4,74.37,0.2867,53.048121,0.3496,34.5024978984
2017-09-01,2019,90002003,India,A1618150103,"AQ MB Elite","Plus 2",4,76.74,0.2831,55.014906,0.3496,35.7816948624
2017-09-01,2019,90002003,India,A1618150103,"AQ MB Elite","Plus 2",4,76.74,0.2851,54.861426,0.3496,35.6818714704
2017-09-01,2019,90002003,India,A1618150103,"AQ MB Elite","Plus 2",4,76.74,0.2611,56.703186,0.3496,36.8797521744
2017-09-01,2019,90002003,India,A1618150103,"AQ MB Elite","Plus 2",4,76.74,0.3028,53.503128,0.3496,34.7984344512
2017-09-01,2019,90002003,India,A1618150103,"AQ MB Elite","Plus 2",4,76.74,0.2867,54.738642,0.3496,35.6020127568
2017-09-01,2020,90002003,India,A1618150103,"AQ MB Elite","Plus 2",4,79.65,0.2831,57.101085,0.3496,37.1385456840
2017-09-01,2020,90002003,India,A1618150103,"AQ MB Elite","Plus 2",4,79.65,0.2851,56.941785,0.3496,37.0349369640
2017-09-01,2020,90002003,India,A1618150103,"AQ MB Elite","Plus 2",4,79.65,0.2611,58.853385,0.3496,38.2782416040
2017-09-01,2020,90002003,India,A1618150103,"AQ MB Elite","Plus 2",4,79.65,0.3028,55.531980,0.3496,36.1179997920
2017-09-01,2020,90002003,India,A1618150103,"AQ MB Elite","Plus 2",4,79.65,0.2867,56.814345,0.3496,36.9520499880
2017-09-01,2021,90002003,India,A1618150103,"AQ MB Elite","Plus 2",4,84.81,0.2831,60.800289,0.3496,39.5445079656
2017-09-01,2021,90002003,India,A1618150103,"AQ MB Elite","Plus 2",4,84.81,0.2851,60.630669,0.3496,39.4341871176
2017-09-01,2021,90002003,India,A1618150103,"AQ MB Elite","Plus 2",4,84.81,0.2611,62.666109,0.3496,40.7580372936
2017-09-01,2021,90002003,India,A1618150103,"AQ MB Elite","Plus 2",4,84.81,0.3028,59.129532,0.3496,38.4578476128
2017-09-01,2021,90002003,India,A1618150103,"AQ MB Elite","Plus 2",4,84.81,0.2867,60.494973,0.3496,39.3459304392
2017-09-01,2018,90002005,India,A1618150103,"AQ MB Elite","Plus 2",3,55.78,0.2121,43.949062,0.3215,29.8194385670
2017-09-01,2018,90002005,India,A1618150103,"AQ MB Elite","Plus 2",3,55.78,0.2610,41.221420,0.3215,27.9687334700
2017-09-01,2018,90002005,India,A1618150103,"AQ MB Elite","Plus 2",3,55.78,0.2350,42.671700,0.3215,28.9527484500
2017-09-01,2018,90002005,India,A1618150103,"AQ MB Elite","Plus 2",3,55.78,0.2702,40.708244,0.3215,27.6205435540
2017-09-01,2018,90002005,India,A1618150103,"AQ MB Elite","Plus 2",3,55.78,0.2473,41.985606,0.3215,28.4872336710
2017-09-01,2019,90002005,India,A1618150103,"AQ MB Elite","Plus 2",3,57.56,0.2121,45.351524,0.3215,30.7710090340
2017-09-01,2019,90002005,India,A1618150103,"AQ MB Elite","Plus 2",3,57.56,0.2610,42.536840,0.3215,28.8612459400
2017-09-01,2019,90002005,India,A1618150103,"AQ MB Elite","Plus 2",3,57.56,0.2350,44.033400,0.3215,29.8766619000
2017-09-01,2019,90002005,India,A1618150103,"AQ MB Elite","Plus 2",3,57.56,0.2702,42.007288,0.3215,28.5019449080
2017-09-01,2019,90002005,India,A1618150103,"AQ MB Elite","Plus 2",3,57.56,0.2473,43.325412,0.3215,29.3962920420
2017-09-01,2020,90002005,India,A1618150103,"AQ MB Elite","Plus 2",3,59.74,0.2121,47.069146,0.3215,31.9364155610
2017-09-01,2020,90002005,India,A1618150103,"AQ MB Elite","Plus 2",3,59.74,0.2610,44.147860,0.3215,29.9543230100
2017-09-01,2020,90002005,India,A1618150103,"AQ MB Elite","Plus 2",3,59.74,0.2350,45.701100,0.3215,31.0081963500
2017-09-01,2020,90002005,India,A1618150103,"AQ MB Elite","Plus 2",3,59.74,0.2702,43.598252,0.3215,29.5814139820
2017-09-01,2020,90002005,India,A1618150103,"AQ MB Elite","Plus 2",3,59.74,0.2473,44.966298,0.3215,30.5096331930
2017-09-01,2021,90002005,India,A1618150103,"AQ MB Elite","Plus 2",3,63.61,0.2121,50.118319,0.3215,34.0052794415
2017-09-01,2021,90002005,India,A1618150103,"AQ MB Elite","Plus 2",3,63.61,0.2610,47.007790,0.3215,31.8947855150
2017-09-01,2021,90002005,India,A1618150103,"AQ MB Elite","Plus 2",3,63.61,0.2350,48.661650,0.3215,33.0169295250
2017-09-01,2021,90002005,India,A1618150103,"AQ MB Elite","Plus 2",3,63.61,0.2702,46.422578,0.3215,31.4977191730
2017-09-01,2021,90002005,India,A1618150103,"AQ MB Elite","Plus 2",3,63.61,0.2473,47.879247,0.3215,32.4860690895
2017-09-01,2018,90002006,India,A1618150103,"AQ MB Elite","Plus 2",3,55.78,0.2923,39.475506,0.3893,24.1076915142
2017-09-01,2018,90002006,India,A1618150103,"AQ MB Elite","Plus 2",3,55.78,0.2695,40.747290,0.3893,24.8843700030
2017-09-01,2018,90002006,India,A1618150103,"AQ MB Elite","Plus 2",3,55.78,0.2398,42.403956,0.3893,25.8960959292
2017-09-01,2018,90002006,India,A1618150103,"AQ MB Elite","Plus 2",3,55.78,0.3038,38.834036,0.3893,23.7159457852
2017-09-01,2018,90002006,India,A1618150103,"AQ MB Elite","Plus 2",3,55.78,0.2841,39.932902,0.3893,24.3870232514
2017-09-01,2019,90002006,India,A1618150103,"AQ MB Elite","Plus 2",3,57.56,0.2923,40.735212,0.3893,24.8769939684
2017-09-01,2019,90002006,India,A1618150103,"AQ MB Elite","Plus 2",3,57.56,0.2695,42.047580,0.3893,25.6784571060
2017-09-01,2019,90002006,India,A1618150103,"AQ MB Elite","Plus 2",3,57.56,0.2398,43.757112,0.3893,26.7224682984
2017-09-01,2019,90002006,India,A1618150103,"AQ MB Elite","Plus 2",3,57.56,0.3038,40.073272,0.3893,24.4727472104
2017-09-01,2019,90002006,India,A1618150103,"AQ MB Elite","Plus 2",3,57.56,0.2841,41.207204,0.3893,25.1652394828
2017-09-01,2020,90002006,India,A1618150103,"AQ MB Elite","Plus 2",3,59.74,0.2923,42.277998,0.3893,25.8191733786
2017-09-01,2020,90002006,India,A1618150103,"AQ MB Elite","Plus 2",3,59.74,0.2695,43.640070,0.3893,26.6509907490
2017-09-01,2020,90002006,India,A1618150103,"AQ MB Elite","Plus 2",3,59.74,0.2398,45.414348,0.3893,27.7345423236
2017-09-01,2020,90002006,India,A1618150103,"AQ MB Elite","Plus 2",3,59.74,0.3038,41.590988,0.3893,25.3996163716
2017-09-01,2020,90002006,India,A1618150103,"AQ MB Elite","Plus 2",3,59.74,0.2841,42.767866,0.3893,26.1183357662
2017-09-01,2021,90002006,India,A1618150103,"AQ MB Elite","Plus 2",3,63.61,0.2923,45.016797,0.3893,27.4917579279
2017-09-01,2021,90002006,India,A1618150103,"AQ MB Elite","Plus 2",3,63.61,0.2695,46.467105,0.3893,28.3774610235
2017-09-01,2021,90002006,India,A1618150103,"AQ MB Elite","Plus 2",3,63.61,0.2398,48.356322,0.3893,29.5312058454
2017-09-01,2021,90002006,India,A1618150103,"AQ MB Elite","Plus 2",3,63.61,0.3038,44.285282,0.3893,27.0450217174
2017-09-01,2021,90002006,India,A1618150103,"AQ MB Elite","Plus 2",3,63.61,0.2841,45.538399,0.3893,27.8103002693
2017-09-01,2018,90002007,India,A1618150103,"AQ MB Elite","Plus 2",3,55.78,0.2265,43.145830,0.3381,28.5582248770
2017-09-01,2018,90002007,India,A1618150103,"AQ MB Elite","Plus 2",3,55.78,0.3035,38.850770,0.3381,25.7153246630
2017-09-01,2018,90002007,India,A1618150103,"AQ MB Elite","Plus 2",3,55.78,0.2620,41.165640,0.3381,27.2475371160
2017-09-01,2018,90002007,India,A1618150103,"AQ MB Elite","Plus 2",3,55.78,0.2508,41.790376,0.3381,27.6610498744
2017-09-01,2018,90002007,India,A1618150103,"AQ MB Elite","Plus 2",3,55.78,0.2599,41.282778,0.3381,27.3250707582
2017-09-01,2019,90002007,India,A1618150103,"AQ MB Elite","Plus 2",3,57.56,0.2265,44.522660,0.3381,29.4695486540
2017-09-01,2019,90002007,India,A1618150103,"AQ MB Elite","Plus 2",3,57.56,0.3035,40.090540,0.3381,26.5359284260
2017-09-01,2019,90002007,India,A1618150103,"AQ MB Elite","Plus 2",3,57.56,0.2620,42.479280,0.3381,28.1170354320
2017-09-01,2019,90002007,India,A1618150103,"AQ MB Elite","Plus 2",3,57.56,0.2508,43.123952,0.3381,28.5437438288
2017-09-01,2019,90002007,India,A1618150103,"AQ MB Elite","Plus 2",3,57.56,0.2599,42.600156,0.3381,28.1970432564
2017-09-01,2020,90002007,India,A1618150103,"AQ MB Elite","Plus 2",3,59.74,0.2265,46.208890,0.3381,30.5856642910
2017-09-01,2020,90002007,India,A1618150103,"AQ MB Elite","Plus 2",3,59.74,0.3035,41.608910,0.3381,27.5409375290
2017-09-01,2020,90002007,India,A1618150103,"AQ MB Elite","Plus 2",3,59.74,0.2620,44.088120,0.3381,29.1819266280
2017-09-01,2020,90002007,India,A1618150103,"AQ MB Elite","Plus 2",3,59.74,0.2508,44.757208,0.3381,29.6247959752
2017-09-01,2020,90002007,India,A1618150103,"AQ MB Elite","Plus 2",3,59.74,0.2599,44.213574,0.3381,29.2649646306
2017-09-01,2021,90002007,India,A1618150103,"AQ MB Elite","Plus 2",3,63.61,0.2265,49.202335,0.3381,32.5670255365
2017-09-01,2021,90002007,India,A1618150103,"AQ MB Elite","Plus 2",3,63.61,0.3035,44.304365,0.3381,29.3250591935
2017-09-01,2021,90002007,India,A1618150103,"AQ MB Elite","Plus 2",3,63.61,0.2620,46.944180,0.3381,31.0723527420
2017-09-01,2021,90002007,India,A1618150103,"AQ MB Elite","Plus 2",3,63.61,0.2508,47.656612,0.3381,31.5439114828
2017-09-01,2021,90002007,India,A1618150103,"AQ MB Elite","Plus 2",3,63.61,0.2599,47.077761,0.3381,31.1607700059
2017-09-01,2018,90002009,India,A1618150103,"AQ MB Elite","Plus 2",3,55.78,0.2156,43.753832,0.3750,27.3461450000
2017-09-01,2018,90002009,India,A1618150103,"AQ MB Elite","Plus 2",3,55.78,0.2910,39.548020,0.3750,24.7175125000
2017-09-01,2018,90002009,India,A1618150103,"AQ MB Elite","Plus 2",3,55.78,0.2826,40.016572,0.3750,25.0103575000
2017-09-01,2018,90002009,India,A1618150103,"AQ MB Elite","Plus 2",3,55.78,0.3083,38.583026,0.3750,24.1143912500
2017-09-01,2018,90002009,India,A1618150103,"AQ MB Elite","Plus 2",3,55.78,0.1895,45.209690,0.3750,28.2560562500
2017-09-01,2019,90002009,India,A1618150103,"AQ MB Elite","Plus 2",3,57.56,0.2156,45.150064,0.3750,28.2187900000
2017-09-01,2019,90002009,India,A1618150103,"AQ MB Elite","Plus 2",3,57.56,0.2910,40.810040,0.3750,25.5062750000
2017-09-01,2019,90002009,India,A1618150103,"AQ MB Elite","Plus 2",3,57.56,0.2826,41.293544,0.3750,25.8084650000
2017-09-01,2019,90002009,India,A1618150103,"AQ MB Elite","Plus 2",3,57.56,0.3083,39.814252,0.3750,24.8839075000
2017-09-01,2019,90002009,India,A1618150103,"AQ MB Elite","Plus 2",3,57.56,0.1895,46.652380,0.3750,29.1577375000
2017-09-01,2020,90002009,India,A1618150103,"AQ MB Elite","Plus 2",3,59.74,0.2156,46.860056,0.3750,29.2875350000
2017-09-01,2020,90002009,India,A1618150103,"AQ MB Elite","Plus 2",3,59.74,0.2910,42.355660,0.3750,26.4722875000
2017-09-01,2020,90002009,India,A1618150103,"AQ MB Elite","Plus 2",3,59.74,0.2826,42.857476,0.3750,26.7859225000
2017-09-01,2020,90002009,India,A1618150103,"AQ MB Elite","Plus 2",3,59.74,0.3083,41.322158,0.3750,25.8263487500
2017-09-01,2020,90002009,India,A1618150103,"AQ MB Elite","Plus 2",3,59.74,0.1895,48.419270,0.3750,30.2620437500
2017-09-01,2021,90002009,India,A1618150103,"AQ MB Elite","Plus 2",3,63.61,0.2156,49.895684,0.3750,31.1848025000
2017-09-01,2021,90002009,India,A1618150103,"AQ MB Elite","Plus 2",3,63.61,0.2910,45.099490,0.3750,28.1871812500
2017-09-01,2021,90002009,India,A1618150103,"AQ MB Elite","Plus 2",3,63.61,0.2826,45.633814,0.3750,28.5211337500
2017-09-01,2021,90002009,India,A1618150103,"AQ MB Elite","Plus 2",3,63.61,0.3083,43.999037,0.3750,27.4993981250
2017-09-01,2021,90002009,India,A1618150103,"AQ MB Elite","Plus 2",3,63.61,0.1895,51.555905,0.3750,32.2224406250
2017-09-01,2018,90002010,India,A1618150103,"AQ MB Elite","Plus 2",4,74.37,0.2242,57.696246,0.3489,37.5660257706
2017-09-01,2018,90002010,India,A1618150103,"AQ MB Elite","Plus 2",4,74.37,0.1832,60.745416,0.3489,39.5513403576
2017-09-01,2018,90002010,India,A1618150103,"AQ MB Elite","Plus 2",4,74.37,0.2076,58.930788,0.3489,38.3698360668
2017-09-01,2018,90002010,India,A1618150103,"AQ MB Elite","Plus 2",4,74.37,0.2259,57.569817,0.3489,37.4837078487
2017-09-01,2018,90002010,India,A1618150103,"AQ MB Elite","Plus 2",4,74.37,0.2714,54.185982,0.3489,35.2804928802
2017-09-01,2019,90002010,India,A1618150103,"AQ MB Elite","Plus 2",4,76.74,0.2242,59.534892,0.3489,38.7631681812
2017-09-01,2019,90002010,India,A1618150103,"AQ MB Elite","Plus 2",4,76.74,0.1832,62.681232,0.3489,40.8117501552
2017-09-01,2019,90002010,India,A1618150103,"AQ MB Elite","Plus 2",4,76.74,0.2076,60.808776,0.3489,39.5925940536
2017-09-01,2019,90002010,India,A1618150103,"AQ MB Elite","Plus 2",4,76.74,0.2259,59.404434,0.3489,38.6782269774
2017-09-01,2019,90002010,India,A1618150103,"AQ MB Elite","Plus 2",4,76.74,0.2714,55.912764,0.3489,36.4048006404
2017-09-01,2020,90002010,India,A1618150103,"AQ MB Elite","Plus 2",4,79.65,0.2242,61.792470,0.3489,40.2330772170
2017-09-01,2020,90002010,India,A1618150103,"AQ MB Elite","Plus 2",4,79.65,0.1832,65.058120,0.3489,42.3593419320
2017-09-01,2020,90002010,India,A1618150103,"AQ MB Elite","Plus 2",4,79.65,0.2076,63.114660,0.3489,41.0939551260
2017-09-01,2020,90002010,India,A1618150103,"AQ MB Elite","Plus 2",4,79.65,0.2259,61.657065,0.3489,40.1449150215
2017-09-01,2020,90002010,India,A1618150103,"AQ MB Elite","Plus 2",4,79.65,0.2714,58.032990,0.3489,37.7852797890
2017-09-01,2021,90002010,India,A1618150103,"AQ MB Elite","Plus 2",4,84.81,0.2242,65.795598,0.3489,42.8395138578
2017-09-01,2021,90002010,India,A1618150103,"AQ MB Elite","Plus 2",4,84.81,0.1832,69.272808,0.3489,45.1035252888
2017-09-01,2021,90002010,India,A1618150103,"AQ MB Elite","Plus 2",4,84.81,0.2076,67.203444,0.3489,43.7561623884
2017-09-01,2021,90002010,India,A1618150103,"AQ MB Elite","Plus 2",4,84.81,0.2259,65.651421,0.3489,42.7456402131
2017-09-01,2021,90002010,India,A1618150103,"AQ MB Elite","Plus 2",4,84.81,0.2714,61.792566,0.3489,40.2331397226
2017-09-01,2018,90002011,India,A1618150103,"AQ MB Elite","Plus 2",1,18.59,0.2902,13.195182,0.4027,7.8814822086
2017-09-01,2018,90002011,India,A1618150103,"AQ MB Elite","Plus 2",1,18.59,0.3077,12.869857,0.4027,7.6871655861
2017-09-01,2018,90002011,India,A1618150103,"AQ MB Elite","Plus 2",1,18.59,0.2656,13.652496,0.4027,8.1546358608
2017-09-01,2018,90002011,India,A1618150103,"AQ MB Elite","Plus 2",1,18.59,0.2793,13.397813,0.4027,8.0025137049
2017-09-01,2018,90002011,India,A1618150103,"AQ MB Elite","Plus 2",1,18.59,0.1945,14.974245,0.4027,8.9441165385
2017-09-01,2019,90002011,India,A1618150103,"AQ MB Elite","Plus 2",1,19.19,0.2902,13.621062,0.4027,8.1358603326
2017-09-01,2019,90002011,India,A1618150103,"AQ MB Elite","Plus 2",1,19.19,0.3077,13.285237,0.4027,7.9352720601
2017-09-01,2019,90002011,India,A1618150103,"AQ MB Elite","Plus 2",1,19.19,0.2656,14.093136,0.4027,8.4178301328
2017-09-01,2019,90002011,India,A1618150103,"AQ MB Elite","Plus 2",1,19.19,0.2793,13.830233,0.4027,8.2607981709
2017-09-01,2019,90002011,India,A1618150103,"AQ MB Elite","Plus 2",1,19.19,0.1945,15.457545,0.4027,9.2327916285
2017-09-01,2020,90002011,India,A1618150103,"AQ MB Elite","Plus 2",1,19.91,0.2902,14.132118,0.4027,8.4411140814
2017-09-01,2020,90002011,India,A1618150103,"AQ MB Elite","Plus 2",1,19.91,0.3077,13.783693,0.4027,8.2329998289
2017-09-01,2020,90002011,India,A1618150103,"AQ MB Elite","Plus 2",1,19.91,0.2656,14.621904,0.4027,8.7336632592
2017-09-01,2020,90002011,India,A1618150103,"AQ MB Elite","Plus 2",1,19.91,0.2793,14.349137,0.4027,8.5707395301
2017-09-01,2020,90002011,India,A1618150103,"AQ MB Elite","Plus 2",1,19.91,0.1945,16.037505,0.4027,9.5792017365
2017-09-01,2021,90002011,India,A1618150103,"AQ MB Elite","Plus 2",1,21.20,0.2902,15.047760,0.4027,8.9880270480
2017-09-01,2021,90002011,India,A1618150103,"AQ MB Elite","Plus 2",1,21.20,0.3077,14.676760,0.4027,8.7664287480
2017-09-01,2021,90002011,India,A1618150103,"AQ MB Elite","Plus 2",1,21.20,0.2656,15.569280,0.4027,9.2995309440
2017-09-01,2021,90002011,India,A1618150103,"AQ MB Elite","Plus 2",1,21.20,0.2793,15.278840,0.4027,9.1260511320
2017-09-01,2021,90002011,India,A1618150103,"AQ MB Elite","Plus 2",1,21.20,0.1945,17.076600,0.4027,10.1998531800
2017-09-01,2018,90002013,India,A1618150103,"AQ MB Elite","Plus 2",5,92.96,0.2644,68.381376,0.4101,40.3381737024
2017-09-01,2018,90002013,India,A1618150103,"AQ MB Elite","Plus 2",5,92.96,0.2436,70.314944,0.4101,41.4787854656
2017-09-01,2018,90002013,India,A1618150103,"AQ MB Elite","Plus 2",5,92.96,0.2885,66.141040,0.4101,39.0165994960
2017-09-01,2018,90002013,India,A1618150103,"AQ MB Elite","Plus 2",5,92.96,0.2253,72.016112,0.4101,42.4823044688
2017-09-01,2018,90002013,India,A1618150103,"AQ MB Elite","Plus 2",5,92.96,0.2022,74.163488,0.4101,43.7490415712
2017-09-01,2019,90002013,India,A1618150103,"AQ MB Elite","Plus 2",5,95.93,0.2644,70.566108,0.4101,41.6269471092
2017-09-01,2019,90002013,India,A1618150103,"AQ MB Elite","Plus 2",5,95.93,0.2436,72.561452,0.4101,42.8040005348
2017-09-01,2019,90002013,India,A1618150103,"AQ MB Elite","Plus 2",5,95.93,0.2885,68.254195,0.4101,40.2631496305
2017-09-01,2019,90002013,India,A1618150103,"AQ MB Elite","Plus 2",5,95.93,0.2253,74.316971,0.4101,43.8395811929
2017-09-01,2019,90002013,India,A1618150103,"AQ MB Elite","Plus 2",5,95.93,0.2022,76.532954,0.4101,45.1467895646
2017-09-01,2020,90002013,India,A1618150103,"AQ MB Elite","Plus 2",5,99.56,0.2644,73.236336,0.4101,43.2021146064
2017-09-01,2020,90002013,India,A1618150103,"AQ MB Elite","Plus 2",5,99.56,0.2436,75.307184,0.4101,44.4237078416
2017-09-01,2020,90002013,India,A1618150103,"AQ MB Elite","Plus 2",5,99.56,0.2885,70.836940,0.4101,41.7867109060
2017-09-01,2020,90002013,India,A1618150103,"AQ MB Elite","Plus 2",5,99.56,0.2253,77.129132,0.4101,45.4984749668
2017-09-01,2020,90002013,India,A1618150103,"AQ MB Elite","Plus 2",5,99.56,0.2022,79.428968,0.4101,46.8551482232
2017-09-01,2021,90002013,India,A1618150103,"AQ MB Elite","Plus 2",5,106.01,0.2644,77.980956,0.4101,46.0009659444
2017-09-01,2021,90002013,India,A1618150103,"AQ MB Elite","Plus 2",5,106.01,0.2436,80.185964,0.4101,47.3017001636
2017-09-01,2021,90002013,India,A1618150103,"AQ MB Elite","Plus 2",5,106.01,0.2885,75.426115,0.4101,44.4938652385
2017-09-01,2021,90002013,India,A1618150103,"AQ MB Elite","Plus 2",5,106.01,0.2253,82.125947,0.4101,48.4460961353
2017-09-01,2021,90002013,India,A1618150103,"AQ MB Elite","Plus 2",5,106.01,0.2022,84.574778,0.4101,49.8906615422
2017-09-01,2018,90002014,India,A1618150103,"AQ MB Elite","Plus 2",3,55.78,0.2971,39.207762,0.4243,22.5719085834
2017-09-01,2018,90002014,India,A1618150103,"AQ MB Elite","Plus 2",3,55.78,0.2704,40.697088,0.4243,23.4293135616
2017-09-01,2018,90002014,India,A1618150103,"AQ MB Elite","Plus 2",3,55.78,0.2654,40.975988,0.4243,23.5898762916
2017-09-01,2018,90002014,India,A1618150103,"AQ MB Elite","Plus 2",3,55.78,0.2057,44.306054,0.4243,25.5069952878
2017-09-01,2018,90002014,India,A1618150103,"AQ MB Elite","Plus 2",3,55.78,0.2648,41.009456,0.4243,23.6091438192
2017-09-01,2019,90002014,India,A1618150103,"AQ MB Elite","Plus 2",3,57.56,0.2971,40.458924,0.4243,23.2922025468
2017-09-01,2019,90002014,India,A1618150103,"AQ MB Elite","Plus 2",3,57.56,0.2704,41.995776,0.4243,24.1769682432
2017-09-01,2019,90002014,India,A1618150103,"AQ MB Elite","Plus 2",3,57.56,0.2654,42.283576,0.4243,24.3426547032
2017-09-01,2019,90002014,India,A1618150103,"AQ MB Elite","Plus 2",3,57.56,0.2057,45.719908,0.4243,26.3209510356
2017-09-01,2019,90002014,India,A1618150103,"AQ MB Elite","Plus 2",3,57.56,0.2648,42.318112,0.4243,24.3625370784
2017-09-01,2020,90002014,India,A1618150103,"AQ MB Elite","Plus 2",3,59.74,0.2971,41.991246,0.4243,24.1743603222
2017-09-01,2020,90002014,India,A1618150103,"AQ MB Elite","Plus 2",3,59.74,0.2704,43.586304,0.4243,25.0926352128
2017-09-01,2020,90002014,India,A1618150103,"AQ MB Elite","Plus 2",3,59.74,0.2654,43.885004,0.4243,25.2645968028
2017-09-01,2020,90002014,India,A1618150103,"AQ MB Elite","Plus 2",3,59.74,0.2057,47.451482,0.4243,27.3178181874
2017-09-01,2020,90002014,India,A1618150103,"AQ MB Elite","Plus 2",3,59.74,0.2648,43.920848,0.4243,25.2852321936
2017-09-01,2021,90002014,India,A1618150103,"AQ MB Elite","Plus 2",3,63.61,0.2971,44.711469,0.4243,25.7403927033
2017-09-01,2021,90002014,India,A1618150103,"AQ MB Elite","Plus 2",3,63.61,0.2704,46.409856,0.4243,26.7181540992
2017-09-01,2021,90002014,India,A1618150103,"AQ MB Elite","Plus 2",3,63.61,0.2654,46.727906,0.4243,26.9012554842
2017-09-01,2021,90002014,India,A1618150103,"AQ MB Elite","Plus 2",3,63.61,0.2057,50.525423,0.4243,29.0874860211
2017-09-01,2021,90002014,India,A1618150103,"AQ MB Elite","Plus 2",3,63.61,0.2648,46.766072,0.4243,26.9232276504
2017-09-01,2018,90002015,India,A1618150103,"AQ MB Elite","Plus 2",5,92.96,0.2860,66.373440,0.4188,38.5762433280
2017-09-01,2018,90002015,India,A1618150103,"AQ MB Elite","Plus 2",5,92.96,0.2504,69.682816,0.4188,40.4996526592
2017-09-01,2018,90002015,India,A1618150103,"AQ MB Elite","Plus 2",5,92.96,0.2227,72.257808,0.4188,41.9962380096
2017-09-01,2018,90002015,India,A1618150103,"AQ MB Elite","Plus 2",5,92.96,0.2004,74.330816,0.4188,43.2010702592
2017-09-01,2018,90002015,India,A1618150103,"AQ MB Elite","Plus 2",5,92.96,0.2156,72.917824,0.4188,42.3798393088
2017-09-01,2019,90002015,India,A1618150103,"AQ MB Elite","Plus 2",5,95.93,0.2860,68.494020,0.4188,39.8087244240
2017-09-01,2019,90002015,India,A1618150103,"AQ MB Elite","Plus 2",5,95.93,0.2504,71.909128,0.4188,41.7935851936
2017-09-01,2019,90002015,India,A1618150103,"AQ MB Elite","Plus 2",5,95.93,0.2227,74.566389,0.4188,43.3379852868
2017-09-01,2019,90002015,India,A1618150103,"AQ MB Elite","Plus 2",5,95.93,0.2004,76.705628,0.4188,44.5813109936
2017-09-01,2019,90002015,India,A1618150103,"AQ MB Elite","Plus 2",5,95.93,0.2156,75.247492,0.4188,43.7338423504
2017-09-01,2020,90002015,India,A1618150103,"AQ MB Elite","Plus 2",5,99.56,0.2860,71.085840,0.4188,41.3150902080
2017-09-01,2020,90002015,India,A1618150103,"AQ MB Elite","Plus 2",5,99.56,0.2504,74.630176,0.4188,43.3750582912
2017-09-01,2020,90002015,India,A1618150103,"AQ MB Elite","Plus 2",5,99.56,0.2227,77.387988,0.4188,44.9778986256
2017-09-01,2020,90002015,India,A1618150103,"AQ MB Elite","Plus 2",5,99.56,0.2004,79.608176,0.4188,46.2682718912
2017-09-01,2020,90002015,India,A1618150103,"AQ MB Elite","Plus 2",5,99.56,0.2156,78.094864,0.4188,45.3887349568
2017-09-01,2021,90002015,India,A1618150103,"AQ MB Elite","Plus 2",5,106.01,0.2860,75.691140,0.4188,43.9916905680
2017-09-01,2021,90002015,India,A1618150103,"AQ MB Elite","Plus 2",5,106.01,0.2504,79.465096,0.4188,46.1851137952
2017-09-01,2021,90002015,India,A1618150103,"AQ MB Elite","Plus 2",5,106.01,0.2227,82.401573,0.4188,47.8917942276
2017-09-01,2021,90002015,India,A1618150103,"AQ MB Elite","Plus 2",5,106.01,0.2004,84.765596,0.4188,49.2657643952
2017-09-01,2021,90002015,India,A1618150103,"AQ MB Elite","Plus 2",5,106.01,0.2156,83.154244,0.4188,48.3292466128
2017-09-01,2018,90003179,Indonesia,A1618150103,"AQ MB Elite","Plus 2",2,37.18,0.2193,29.026426,0.2934,20.5100726116
2017-09-01,2018,90003179,Indonesia,A1618150103,"AQ MB Elite","Plus 2",2,37.18,0.2229,28.892578,0.2934,20.4154956148
2017-09-01,2018,90003179,Indonesia,A1618150103,"AQ MB Elite","Plus 2",2,37.18,0.2400,28.256800,0.2934,19.9662548800
2017-09-01,2018,90003179,Indonesia,A1618150103,"AQ MB Elite","Plus 2",2,37.18,0.2455,28.052310,0.2934,19.8217622460
2017-09-01,2018,90003179,Indonesia,A1618150103,"AQ MB Elite","Plus 2",2,37.18,0.2730,27.029860,0.2934,19.0992990760
2017-09-01,2019,90003179,Indonesia,A1618150103,"AQ MB Elite","Plus 2",2,38.37,0.2193,29.955459,0.2934,21.1665273294
2017-09-01,2019,90003179,Indonesia,A1618150103,"AQ MB Elite","Plus 2",2,38.37,0.2229,29.817327,0.2934,21.0689232582
2017-09-01,2019,90003179,Indonesia,A1618150103,"AQ MB Elite","Plus 2",2,38.37,0.2400,29.161200,0.2934,20.6053039200
2017-09-01,2019,90003179,Indonesia,A1618150103,"AQ MB Elite","Plus 2",2,38.37,0.2455,28.950165,0.2934,20.4561865890
2017-09-01,2019,90003179,Indonesia,A1618150103,"AQ MB Elite","Plus 2",2,38.37,0.2730,27.894990,0.2934,19.7105999340
2017-09-01,2020,90003179,Indonesia,A1618150103,"AQ MB Elite","Plus 2",2,39.82,0.2193,31.087474,0.2934,21.9664091284
2017-09-01,2020,90003179,Indonesia,A1618150103,"AQ MB Elite","Plus 2",2,39.82,0.2229,30.944122,0.2934,21.8651166052
2017-09-01,2020,90003179,Indonesia,A1618150103,"AQ MB Elite","Plus 2",2,39.82,0.2400,30.263200,0.2934,21.3839771200
2017-09-01,2020,90003179,Indonesia,A1618150103,"AQ MB Elite","Plus 2",2,39.82,0.2455,30.044190,0.2934,21.2292246540
2017-09-01,2020,90003179,Indonesia,A1618150103,"AQ MB Elite","Plus 2",2,39.82,0.2730,28.949140,0.2934,20.4554623240
2017-09-01,2021,90003179,Indonesia,A1618150103,"AQ MB Elite","Plus 2",2,42.40,0.2193,33.101680,0.2934,23.3896470880
2017-09-01,2021,90003179,Indonesia,A1618150103,"AQ MB Elite","Plus 2",2,42.40,0.2229,32.949040,0.2934,23.2817916640
2017-09-01,2021,90003179,Indonesia,A1618150103,"AQ MB Elite","Plus 2",2,42.40,0.2400,32.224000,0.2934,22.7694784000
2017-09-01,2021,90003179,Indonesia,A1618150103,"AQ MB Elite","Plus 2",2,42.40,0.2455,31.990800,0.2934,22.6046992800
2017-09-01,2021,90003179,Indonesia,A1618150103,"AQ MB Elite","Plus 2",2,42.40,0.2730,30.824800,0.2934,21.7808036800
2017-09-01,2018,90006153,Philiphines,A1618150103,"AQ MB Elite","Plus 2",1,18.59,0.2970,13.068770,0.3787,8.1196268010
2017-09-01,2018,90006153,Philiphines,A1618150103,"AQ MB Elite","Plus 2",1,18.59,0.2758,13.462878,0.3787,8.3644861014
2017-09-01,2018,90006153,Philiphines,A1618150103,"AQ MB Elite","Plus 2",1,18.59,0.1910,15.039310,0.3787,9.3439233030
2017-09-01,2018,90006153,Philiphines,A1618150103,"AQ MB Elite","Plus 2",1,18.59,0.1864,15.124824,0.3787,9.3970531512
2017-09-01,2018,90006153,Philiphines,A1618150103,"AQ MB Elite","Plus 2",1,18.59,0.1900,15.057900,0.3787,9.3554732700
2017-09-01,2019,90006153,Philiphines,A1618150103,"AQ MB Elite","Plus 2",1,19.19,0.2970,13.490570,0.3787,8.3816911410
2017-09-01,2019,90006153,Philiphines,A1618150103,"AQ MB Elite","Plus 2",1,19.19,0.2758,13.897398,0.3787,8.6344533774
2017-09-01,2019,90006153,Philiphines,A1618150103,"AQ MB Elite","Plus 2",1,19.19,0.1910,15.524710,0.3787,9.6455023230
2017-09-01,2019,90006153,Philiphines,A1618150103,"AQ MB Elite","Plus 2",1,19.19,0.1864,15.612984,0.3787,9.7003469592
2017-09-01,2019,90006153,Philiphines,A1618150103,"AQ MB Elite","Plus 2",1,19.19,0.1900,15.543900,0.3787,9.6574250700
2017-09-01,2020,90006153,Philiphines,A1618150103,"AQ MB Elite","Plus 2",1,19.91,0.2970,13.996730,0.3787,8.6961683490
2017-09-01,2020,90006153,Philiphines,A1618150103,"AQ MB Elite","Plus 2",1,19.91,0.2758,14.418822,0.3787,8.9584141086
2017-09-01,2020,90006153,Philiphines,A1618150103,"AQ MB Elite","Plus 2",1,19.91,0.1910,16.107190,0.3787,10.0073971470
2017-09-01,2020,90006153,Philiphines,A1618150103,"AQ MB Elite","Plus 2",1,19.91,0.1864,16.198776,0.3787,10.0642995288
2017-09-01,2020,90006153,Philiphines,A1618150103,"AQ MB Elite","Plus 2",1,19.91,0.1900,16.127100,0.3787,10.0197672300
2017-09-01,2021,90006153,Philiphines,A1618150103,"AQ MB Elite","Plus 2",1,21.20,0.2970,14.903600,0.3787,9.2596066800
2017-09-01,2021,90006153,Philiphines,A1618150103,"AQ MB Elite","Plus 2",1,21.20,0.2758,15.353040,0.3787,9.5388437520
2017-09-01,2021,90006153,Philiphines,A1618150103,"AQ MB Elite","Plus 2",1,21.20,0.1910,17.150800,0.3787,10.6557920400
2017-09-01,2021,90006153,Philiphines,A1618150103,"AQ MB Elite","Plus 2",1,21.20,0.1864,17.248320,0.3787,10.7163812160
2017-09-01,2021,90006153,Philiphines,A1618150103,"AQ MB Elite","Plus 2",1,21.20,0.1900,17.172000,0.3787,10.6689636000
2017-09-01,2018,90008165,Australia,A1618150103,"AQ MB Elite","Plus 2",1,18.59,0.2849,13.293709,0.2870,9.4784145170
2017-09-01,2018,90008165,Australia,A1618150103,"AQ MB Elite","Plus 2",1,18.59,0.2483,13.974103,0.2870,9.9635354390
2017-09-01,2018,90008165,Australia,A1618150103,"AQ MB Elite","Plus 2",1,18.59,0.2609,13.739869,0.2870,9.7965265970
2017-09-01,2018,90008165,Australia,A1618150103,"AQ MB Elite","Plus 2",1,18.59,0.2136,14.619176,0.2870,10.4234724880
2017-09-01,2018,90008165,Australia,A1618150103,"AQ MB Elite","Plus 2",1,18.59,0.2728,13.518648,0.2870,9.6387960240
2017-09-01,2019,90008165,Australia,A1618150103,"AQ MB Elite","Plus 2",1,19.19,0.2849,13.722769,0.2870,9.7843342970
2017-09-01,2019,90008165,Australia,A1618150103,"AQ MB Elite","Plus 2",1,19.19,0.2483,14.425123,0.2870,10.2851126990
2017-09-01,2019,90008165,Australia,A1618150103,"AQ MB Elite","Plus 2",1,19.19,0.2609,14.183329,0.2870,10.1127135770
2017-09-01,2019,90008165,Australia,A1618150103,"AQ MB Elite","Plus 2",1,19.19,0.2136,15.091016,0.2870,10.7598944080
2017-09-01,2019,90008165,Australia,A1618150103,"AQ MB Elite","Plus 2",1,19.19,0.2728,13.954968,0.2870,9.9498921840
2017-09-01,2020,90008165,Australia,A1618150103,"AQ MB Elite","Plus 2",1,19.91,0.2849,14.237641,0.2870,10.1514380330
2017-09-01,2020,90008165,Australia,A1618150103,"AQ MB Elite","Plus 2",1,19.91,0.2483,14.966347,0.2870,10.6710054110
2017-09-01,2020,90008165,Australia,A1618150103,"AQ MB Elite","Plus 2",1,19.91,0.2609,14.715481,0.2870,10.4921379530
2017-09-01,2020,90008165,Australia,A1618150103,"AQ MB Elite","Plus 2",1,19.91,0.2136,15.657224,0.2870,11.1636007120
2017-09-01,2020,90008165,Australia,A1618150103,"AQ MB Elite","Plus 2",1,19.91,0.2728,14.478552,0.2870,10.3232075760
2017-09-01,2021,90008165,Australia,A1618150103,"AQ MB Elite","Plus 2",1,21.20,0.2849,15.160120,0.2870,10.8091655600
2017-09-01,2021,90008165,Australia,A1618150103,"AQ MB Elite","Plus 2",1,21.20,0.2483,15.936040,0.2870,11.3623965200
2017-09-01,2021,90008165,Australia,A1618150103,"AQ MB Elite","Plus 2",1,21.20,0.2609,15.668920,0.2870,11.1719399600
2017-09-01,2021,90008165,Australia,A1618150103,"AQ MB Elite","Plus 2",1,21.20,0.2136,16.671680,0.2870,11.8869078400
2017-09-01,2021,90008165,Australia,A1618150103,"AQ MB Elite","Plus 2",1,21.20,0.2728,15.416640,0.2870,10.9920643200
2017-09-01,2018,90008166,Australia,A1618150103,"AQ MB Elite","Plus 2",1,18.59,0.2884,13.228644,0.3831,8.1607504836
2017-09-01,2018,90008166,Australia,A1618150103,"AQ MB Elite","Plus 2",1,18.59,0.2281,14.349621,0.3831,8.8522811949
2017-09-01,2018,90008166,Australia,A1618150103,"AQ MB Elite","Plus 2",1,18.59,0.1987,14.896167,0.3831,9.1894454223
2017-09-01,2018,90008166,Australia,A1618150103,"AQ MB Elite","Plus 2",1,18.59,0.3063,12.895883,0.3831,7.9554702227
2017-09-01,2018,90008166,Australia,A1618150103,"AQ MB Elite","Plus 2",1,18.59,0.2636,13.689676,0.3831,8.4451611244
2017-09-01,2019,90008166,Australia,A1618150103,"AQ MB Elite","Plus 2",1,19.19,0.2884,13.655604,0.3831,8.4241421076
2017-09-01,2019,90008166,Australia,A1618150103,"AQ MB Elite","Plus 2",1,19.19,0.2281,14.812761,0.3831,9.1379922609
2017-09-01,2019,90008166,Australia,A1618150103,"AQ MB Elite","Plus 2",1,19.19,0.1987,15.376947,0.3831,9.4860386043
2017-09-01,2019,90008166,Australia,A1618150103,"AQ MB Elite","Plus 2",1,19.19,0.3063,13.312103,0.3831,8.2122363407
2017-09-01,2019,90008166,Australia,A1618150103,"AQ MB Elite","Plus 2",1,19.19,0.2636,14.131516,0.3831,8.7177322204
2017-09-01,2020,90008166,Australia,A1618150103,"AQ MB Elite","Plus 2",1,19.91,0.2884,14.167956,0.3831,8.7402120564
2017-09-01,2020,90008166,Australia,A1618150103,"AQ MB Elite","Plus 2",1,19.91,0.2281,15.368529,0.3831,9.4808455401
2017-09-01,2020,90008166,Australia,A1618150103,"AQ MB Elite","Plus 2",1,19.91,0.1987,15.953883,0.3831,9.8419504227
2017-09-01,2020,90008166,Australia,A1618150103,"AQ MB Elite","Plus 2",1,19.91,0.3063,13.811567,0.3831,8.5203556823
2017-09-01,2020,90008166,Australia,A1618150103,"AQ MB Elite","Plus 2",1,19.91,0.2636,14.661724,0.3831,9.0448175356
2017-09-01,2021,90008166,Australia,A1618150103,"AQ MB Elite","Plus 2",1,21.20,0.2884,15.085920,0.3831,9.3065040480
2017-09-01,2021,90008166,Australia,A1618150103,"AQ MB Elite","Plus 2",1,21.20,0.2281,16.364280,0.3831,10.0951243320
2017-09-01,2021,90008166,Australia,A1618150103,"AQ MB Elite","Plus 2",1,21.20,0.1987,16.987560,0.3831,10.4796257640
2017-09-01,2021,90008166,Australia,A1618150103,"AQ MB Elite","Plus 2",1,21.20,0.3063,14.706440,0.3831,9.0724028360
2017-09-01,2021,90008166,Australia,A1618150103,"AQ MB Elite","Plus 2",1,21.20,0.2636,15.611680,0.3831,9.6308453920
2017-09-01,2018,90008167,Australia,A1618150103,"AQ MB Elite","Plus 2",1,18.59,0.1947,14.970527,0.3640,9.5212551720
2017-09-01,2018,90008167,Australia,A1618150103,"AQ MB Elite","Plus 2",1,18.59,0.1859,15.134119,0.3640,9.6252996840
2017-09-01,2018,90008167,Australia,A1618150103,"AQ MB Elite","Plus 2",1,18.59,0.2971,13.066911,0.3640,8.3105553960
2017-09-01,2018,90008167,Australia,A1618150103,"AQ MB Elite","Plus 2",1,18.59,0.2339,14.241799,0.3640,9.0577841640
2017-09-01,2018,90008167,Australia,A1618150103,"AQ MB Elite","Plus 2",1,18.59,0.2406,14.117246,0.3640,8.9785684560
2017-09-01,2019,90008167,Australia,A1618150103,"AQ MB Elite","Plus 2",1,19.19,0.1947,15.453707,0.3640,9.8285576520
2017-09-01,2019,90008167,Australia,A1618150103,"AQ MB Elite","Plus 2",1,19.19,0.1859,15.622579,0.3640,9.9359602440
2017-09-01,2019,90008167,Australia,A1618150103,"AQ MB Elite","Plus 2",1,19.19,0.2971,13.488651,0.3640,8.5787820360
2017-09-01,2019,90008167,Australia,A1618150103,"AQ MB Elite","Plus 2",1,19.19,0.2339,14.701459,0.3640,9.3501279240
2017-09-01,2019,90008167,Australia,A1618150103,"AQ MB Elite","Plus 2",1,19.19,0.2406,14.572886,0.3640,9.2683554960
2017-09-01,2020,90008167,Australia,A1618150103,"AQ MB Elite","Plus 2",1,19.91,0.1947,16.033523,0.3640,10.1973206280
2017-09-01,2020,90008167,Australia,A1618150103,"AQ MB Elite","Plus 2",1,19.91,0.1859,16.208731,0.3640,10.3087529160
2017-09-01,2020,90008167,Australia,A1618150103,"AQ MB Elite","Plus 2",1,19.91,0.2971,13.994739,0.3640,8.9006540040
2017-09-01,2020,90008167,Australia,A1618150103,"AQ MB Elite","Plus 2",1,19.91,0.2339,15.253051,0.3640,9.7009404360
2017-09-01,2020,90008167,Australia,A1618150103,"AQ MB Elite","Plus 2",1,19.91,0.2406,15.119654,0.3640,9.6160999440
2017-09-01,2021,90008167,Australia,A1618150103,"AQ MB Elite","Plus 2",1,21.20,0.1947,17.072360,0.3640,10.8580209600
2017-09-01,2021,90008167,Australia,A1618150103,"AQ MB Elite","Plus 2",1,21.20,0.1859,17.258920,0.3640,10.9766731200
2017-09-01,2021,90008167,Australia,A1618150103,"AQ MB Elite","Plus 2",1,21.20,0.2971,14.901480,0.3640,9.4773412800
2017-09-01,2021,90008167,Australia,A1618150103,"AQ MB Elite","Plus 2",1,21.20,0.2339,16.241320,0.3640,10.3294795200
2017-09-01,2021,90008167,Australia,A1618150103,"AQ MB Elite","Plus 2",1,21.20,0.2406,16.099280,0.3640,10.2391420800
2017-09-01,2018,90011185,France,A1618150103,"AQ MB Elite","Plus 2",1,18.59,0.2779,13.423839,0.3041,9.3416495601
2017-09-01,2018,90011185,France,A1618150103,"AQ MB Elite","Plus 2",1,18.59,0.2704,13.563264,0.3041,9.4386754176
2017-09-01,2018,90011185,France,A1618150103,"AQ MB Elite","Plus 2",1,18.59,0.1927,15.007707,0.3041,10.4438633013
2017-09-01,2018,90011185,France,A1618150103,"AQ MB Elite","Plus 2",1,18.59,0.2613,13.732433,0.3041,9.5564001247
2017-09-01,2018,90011185,France,A1618150103,"AQ MB Elite","Plus 2",1,18.59,0.1978,14.912898,0.3041,10.3778857182
2017-09-01,2019,90011185,France,A1618150103,"AQ MB Elite","Plus 2",1,19.19,0.2779,13.857099,0.3041,9.6431551941
2017-09-01,2019,90011185,France,A1618150103,"AQ MB Elite","Plus 2",1,19.19,0.2704,14.001024,0.3041,9.7433126016
2017-09-01,2019,90011185,France,A1618150103,"AQ MB Elite","Plus 2",1,19.19,0.1927,15.492087,0.3041,10.7809433433
2017-09-01,2019,90011185,France,A1618150103,"AQ MB Elite","Plus 2",1,19.19,0.2613,14.175653,0.3041,9.8648369227
2017-09-01,2019,90011185,France,A1618150103,"AQ MB Elite","Plus 2",1,19.19,0.1978,15.394218,0.3041,10.7128363062
2017-09-01,2020,90011185,France,A1618150103,"AQ MB Elite","Plus 2",1,19.91,0.2779,14.377011,0.3041,10.0049619549
2017-09-01,2020,90011185,France,A1618150103,"AQ MB Elite","Plus 2",1,19.91,0.2704,14.526336,0.3041,10.1088772224
2017-09-01,2020,90011185,France,A1618150103,"AQ MB Elite","Plus 2",1,19.91,0.1927,16.073343,0.3041,11.1854393937
2017-09-01,2020,90011185,France,A1618150103,"AQ MB Elite","Plus 2",1,19.91,0.2613,14.707517,0.3041,10.2349610803
2017-09-01,2020,90011185,France,A1618150103,"AQ MB Elite","Plus 2",1,19.91,0.1978,15.971802,0.3041,11.1147770118
2017-09-01,2021,90011185,France,A1618150103,"AQ MB Elite","Plus 2",1,21.20,0.2779,15.308520,0.3041,10.6531990680
2017-09-01,2021,90011185,France,A1618150103,"AQ MB Elite","Plus 2",1,21.20,0.2704,15.467520,0.3041,10.7638471680
2017-09-01,2021,90011185,France,A1618150103,"AQ MB Elite","Plus 2",1,21.20,0.1927,17.114760,0.3041,11.9101614840
2017-09-01,2021,90011185,France,A1618150103,"AQ MB Elite","Plus 2",1,21.20,0.2613,15.660440,0.3041,10.8981001960
2017-09-01,2021,90011185,France,A1618150103,"AQ MB Elite","Plus 2",1,21.20,0.1978,17.006640,0.3041,11.8349207760
2017-09-01,2018,90011189,France,A1618150103,"AQ MB Elite","Plus 2",1,18.59,0.2992,13.027872,0.2463,9.8191071264
2017-09-01,2018,90011189,France,A1618150103,"AQ MB Elite","Plus 2",1,18.59,0.2497,13.948077,0.2463,10.5126656349
2017-09-01,2018,90011189,France,A1618150103,"AQ MB Elite","Plus 2",1,18.59,0.2054,14.771614,0.2463,11.1333654718
2017-09-01,2018,90011189,France,A1618150103,"AQ MB Elite","Plus 2",1,18.59,0.2933,13.137553,0.2463,9.9017736961
2017-09-01,2018,90011189,France,A1618150103,"AQ MB Elite","Plus 2",1,18.59,0.2272,14.366352,0.2463,10.8279195024
2017-09-01,2019,90011189,France,A1618150103,"AQ MB Elite","Plus 2",1,19.19,0.2992,13.448352,0.2463,10.1360229024
2017-09-01,2019,90011189,France,A1618150103,"AQ MB Elite","Plus 2",1,19.19,0.2497,14.398257,0.2463,10.8519663009
2017-09-01,2019,90011189,France,A1618150103,"AQ MB Elite","Plus 2",1,19.19,0.2054,15.248374,0.2463,11.4926994838
2017-09-01,2019,90011189,France,A1618150103,"AQ MB Elite","Plus 2",1,19.19,0.2933,13.561573,0.2463,10.2213575701
2017-09-01,2019,90011189,France,A1618150103,"AQ MB Elite","Plus 2",1,19.19,0.2272,14.830032,0.2463,11.1773951184
2017-09-01,2020,90011189,France,A1618150103,"AQ MB Elite","Plus 2",1,19.91,0.2992,13.952928,0.2463,10.5163218336
2017-09-01,2020,90011189,France,A1618150103,"AQ MB Elite","Plus 2",1,19.91,0.2497,14.938473,0.2463,11.2591271001
2017-09-01,2020,90011189,France,A1618150103,"AQ MB Elite","Plus 2",1,19.91,0.2054,15.820486,0.2463,11.9239002982
2017-09-01,2020,90011189,France,A1618150103,"AQ MB Elite","Plus 2",1,19.91,0.2933,14.070397,0.2463,10.6048582189
2017-09-01,2020,90011189,France,A1618150103,"AQ MB Elite","Plus 2",1,19.91,0.2272,15.386448,0.2463,11.5967658576
2017-09-01,2021,90011189,France,A1618150103,"AQ MB Elite","Plus 2",1,21.20,0.2992,14.856960,0.2463,11.1976907520
2017-09-01,2021,90011189,France,A1618150103,"AQ MB Elite","Plus 2",1,21.20,0.2497,15.906360,0.2463,11.9886235320
2017-09-01,2021,90011189,France,A1618150103,"AQ MB Elite","Plus 2",1,21.20,0.2054,16.845520,0.2463,12.6964684240
2017-09-01,2021,90011189,France,A1618150103,"AQ MB Elite","Plus 2",1,21.20,0.2933,14.982040,0.2463,11.2919635480
2017-09-01,2021,90011189,France,A1618150103,"AQ MB Elite","Plus 2",1,21.20,0.2272,16.383360,0.2463,12.3481384320
2017-09-01,2018,90011191,France,A1618150103,"AQ MB Elite","Plus 2",1,18.59,0.2270,14.370070,0.2796,10.3521984280
2017-09-01,2018,90011191,France,A1618150103,"AQ MB Elite","Plus 2",1,18.59,0.2241,14.423981,0.2796,10.3910359124
2017-09-01,2018,90011191,France,A1618150103,"AQ MB Elite","Plus 2",1,18.59,0.2508,13.927628,0.2796,10.0334632112
2017-09-01,2018,90011191,France,A1618150103,"AQ MB Elite","Plus 2",1,18.59,0.1925,15.011425,0.2796,10.8142305700
2017-09-01,2018,90011191,France,A1618150103,"AQ MB Elite","Plus 2",1,18.59,0.2162,14.570842,0.2796,10.4968345768
2017-09-01,2019,90011191,France,A1618150103,"AQ MB Elite","Plus 2",1,19.19,0.2270,14.833870,0.2796,10.6863199480
2017-09-01,2019,90011191,France,A1618150103,"AQ MB Elite","Plus 2",1,19.19,0.2241,14.889521,0.2796,10.7264109284
2017-09-01,2019,90011191,France,A1618150103,"AQ MB Elite","Plus 2",1,19.19,0.2508,14.377148,0.2796,10.3572974192
2017-09-01,2019,90011191,France,A1618150103,"AQ MB Elite","Plus 2",1,19.19,0.1925,15.495925,0.2796,11.1632643700
2017-09-01,2019,90011191,France,A1618150103,"AQ MB Elite","Plus 2",1,19.19,0.2162,15.041122,0.2796,10.8356242888
2017-09-01,2020,90011191,France,A1618150103,"AQ MB Elite","Plus 2",1,19.91,0.2270,15.390430,0.2796,11.0872657720
2017-09-01,2020,90011191,France,A1618150103,"AQ MB Elite","Plus 2",1,19.91,0.2241,15.448169,0.2796,11.1288609476
2017-09-01,2020,90011191,France,A1618150103,"AQ MB Elite","Plus 2",1,19.91,0.2508,14.916572,0.2796,10.7458984688
2017-09-01,2020,90011191,France,A1618150103,"AQ MB Elite","Plus 2",1,19.91,0.1925,16.077325,0.2796,11.5821049300
2017-09-01,2020,90011191,France,A1618150103,"AQ MB Elite","Plus 2",1,19.91,0.2162,15.605458,0.2796,11.2421719432
2017-09-01,2021,90011191,France,A1618150103,"AQ MB Elite","Plus 2",1,21.20,0.2270,16.387600,0.2796,11.8056270400
2017-09-01,2021,90011191,France,A1618150103,"AQ MB Elite","Plus 2",1,21.20,0.2241,16.449080,0.2796,11.8499172320
2017-09-01,2021,90011191,France,A1618150103,"AQ MB Elite","Plus 2",1,21.20,0.2508,15.883040,0.2796,11.4421420160
2017-09-01,2021,90011191,France,A1618150103,"AQ MB Elite","Plus 2",1,21.20,0.1925,17.119000,0.2796,12.3325276000
2017-09-01,2021,90011191,France,A1618150103,"AQ MB Elite","Plus 2",1,21.20,0.2162,16.616560,0.2796,11.9705698240
2017-09-01,2018,90022071,USA,A1618150103,"AQ MB Elite","Plus 2",2,37.18,0.1906,30.093492,0.2416,22.8229043328
2017-09-01,2018,90022071,USA,A1618150103,"AQ MB Elite","Plus 2",2,37.18,0.2734,27.014988,0.2416,20.4881668992
2017-09-01,2018,90022071,USA,A1618150103,"AQ MB Elite","Plus 2",2,37.18,0.2674,27.238068,0.2416,20.6573507712
2017-09-01,2018,90022071,USA,A1618150103,"AQ MB Elite","Plus 2",2,37.18,0.2257,28.788474,0.2416,21.8331786816
2017-09-01,2018,90022071,USA,A1618150103,"AQ MB Elite","Plus 2",2,37.18,0.1944,29.952208,0.2416,22.7157545472
2017-09-01,2019,90022071,USA,A1618150103,"AQ MB Elite","Plus 2",2,38.37,0.1906,31.056678,0.2416,23.5533845952
2017-09-01,2019,90022071,USA,A1618150103,"AQ MB Elite","Plus 2",2,38.37,0.2734,27.879642,0.2416,21.1439204928
2017-09-01,2019,90022071,USA,A1618150103,"AQ MB Elite","Plus 2",2,38.37,0.2674,28.109862,0.2416,21.3185193408
2017-09-01,2019,90022071,USA,A1618150103,"AQ MB Elite","Plus 2",2,38.37,0.2257,29.709891,0.2416,22.5319813344
2017-09-01,2019,90022071,USA,A1618150103,"AQ MB Elite","Plus 2",2,38.37,0.1944,30.910872,0.2416,23.4428053248
2017-09-01,2020,90022071,USA,A1618150103,"AQ MB Elite","Plus 2",2,39.82,0.1906,32.230308,0.2416,24.4434655872
2017-09-01,2020,90022071,USA,A1618150103,"AQ MB Elite","Plus 2",2,39.82,0.2734,28.933212,0.2416,21.9429479808
2017-09-01,2020,90022071,USA,A1618150103,"AQ MB Elite","Plus 2",2,39.82,0.2674,29.172132,0.2416,22.1241449088
2017-09-01,2020,90022071,USA,A1618150103,"AQ MB Elite","Plus 2",2,39.82,0.2257,30.832626,0.2416,23.3834635584
2017-09-01,2020,90022071,USA,A1618150103,"AQ MB Elite","Plus 2",2,39.82,0.1944,32.078992,0.2416,24.3287075328
2017-09-01,2021,90022071,USA,A1618150103,"AQ MB Elite","Plus 2",2,42.40,0.1906,34.318560,0.2416,26.0271959040
2017-09-01,2021,90022071,USA,A1618150103,"AQ MB Elite","Plus 2",2,42.40,0.2734,30.807840,0.2416,23.3646658560
2017-09-01,2021,90022071,USA,A1618150103,"AQ MB Elite","Plus 2",2,42.40,0.2674,31.062240,0.2416,23.5576028160
2017-09-01,2021,90022071,USA,A1618150103,"AQ MB Elite","Plus 2",2,42.40,0.2257,32.830320,0.2416,24.8985146880
2017-09-01,2021,90022071,USA,A1618150103,"AQ MB Elite","Plus 2",2,42.40,0.1944,34.157440,0.2416,25.9050024960
2017-09-01,2018,90022073,USA,A1618150103,"AQ MB Elite","Plus 2",1,18.59,0.2834,13.321594,0.2293,10.2669524958
2017-09-01,2018,90022073,USA,A1618150103,"AQ MB Elite","Plus 2",1,18.59,0.2450,14.035450,0.2293,10.8171213150
2017-09-01,2018,90022073,USA,A1618150103,"AQ MB Elite","Plus 2",1,18.59,0.1966,14.935206,0.2293,11.5105632642
2017-09-01,2018,90022073,USA,A1618150103,"AQ MB Elite","Plus 2",1,18.59,0.1953,14.959373,0.2293,11.5291887711
2017-09-01,2018,90022073,USA,A1618150103,"AQ MB Elite","Plus 2",1,18.59,0.2118,14.652638,0.2293,11.2927881066
2017-09-01,2019,90022073,USA,A1618150103,"AQ MB Elite","Plus 2",1,19.19,0.2834,13.751554,0.2293,10.5983226678
2017-09-01,2019,90022073,USA,A1618150103,"AQ MB Elite","Plus 2",1,19.19,0.2450,14.488450,0.2293,11.1662484150
2017-09-01,2019,90022073,USA,A1618150103,"AQ MB Elite","Plus 2",1,19.19,0.1966,15.417246,0.2293,11.8820714922
2017-09-01,2019,90022073,USA,A1618150103,"AQ MB Elite","Plus 2",1,19.19,0.1953,15.442193,0.2293,11.9012981451
2017-09-01,2019,90022073,USA,A1618150103,"AQ MB Elite","Plus 2",1,19.19,0.2118,15.125558,0.2293,11.6572675506
2017-09-01,2020,90022073,USA,A1618150103,"AQ MB Elite","Plus 2",1,19.91,0.2834,14.267506,0.2293,10.9959668742
2017-09-01,2020,90022073,USA,A1618150103,"AQ MB Elite","Plus 2",1,19.91,0.2450,15.032050,0.2293,11.5852009350
2017-09-01,2020,90022073,USA,A1618150103,"AQ MB Elite","Plus 2",1,19.91,0.1966,15.995694,0.2293,12.3278813658
2017-09-01,2020,90022073,USA,A1618150103,"AQ MB Elite","Plus 2",1,19.91,0.1953,16.021577,0.2293,12.3478293939
2017-09-01,2020,90022073,USA,A1618150103,"AQ MB Elite","Plus 2",1,19.91,0.2118,15.693062,0.2293,12.0946428834
2017-09-01,2021,90022073,USA,A1618150103,"AQ MB Elite","Plus 2",1,21.20,0.2834,15.191920,0.2293,11.7084127440
2017-09-01,2021,90022073,USA,A1618150103,"AQ MB Elite","Plus 2",1,21.20,0.2450,16.006000,0.2293,12.3358242000
2017-09-01,2021,90022073,USA,A1618150103,"AQ MB Elite","Plus 2",1,21.20,0.1966,17.032080,0.2293,13.1266240560
2017-09-01,2021,90022073,USA,A1618150103,"AQ MB Elite","Plus 2",1,21.20,0.1953,17.059640,0.2293,13.1478645480
2017-09-01,2021,90022073,USA,A1618150103,"AQ MB Elite","Plus 2",1,21.20,0.2118,16.709840,0.2293,12.8782736880
2017-09-01,2018,90022074,USA,A1618150103,"AQ MB Elite","Plus 2",1,18.59,0.2709,13.553969,0.2857,9.6816000567
2017-09-01,2018,90022074,USA,A1618150103,"AQ MB Elite","Plus 2",1,18.59,0.2914,13.172874,0.2857,9.4093838982
2017-09-01,2018,90022074,USA,A1618150103,"AQ MB Elite","Plus 2",1,18.59,0.2051,14.777191,0.2857,10.5553475313
2017-09-01,2018,90022074,USA,A1618150103,"AQ MB Elite","Plus 2",1,18.59,0.2408,14.113528,0.2857,10.0812930504
2017-09-01,2018,90022074,USA,A1618150103,"AQ MB Elite","Plus 2",1,18.59,0.2290,14.332890,0.2857,10.2379833270
2017-09-01,2019,90022074,USA,A1618150103,"AQ MB Elite","Plus 2",1,19.19,0.2709,13.991429,0.2857,9.9940777347
2017-09-01,2019,90022074,USA,A1618150103,"AQ MB Elite","Plus 2",1,19.19,0.2914,13.598034,0.2857,9.7130756862
2017-09-01,2019,90022074,USA,A1618150103,"AQ MB Elite","Plus 2",1,19.19,0.2051,15.254131,0.2857,10.8960257733
2017-09-01,2019,90022074,USA,A1618150103,"AQ MB Elite","Plus 2",1,19.19,0.2408,14.569048,0.2857,10.4066709864
2017-09-01,2019,90022074,USA,A1618150103,"AQ MB Elite","Plus 2",1,19.19,0.2290,14.795490,0.2857,10.5684185070
2017-09-01,2020,90022074,USA,A1618150103,"AQ MB Elite","Plus 2",1,19.91,0.2709,14.516381,0.2857,10.3690509483
2017-09-01,2020,90022074,USA,A1618150103,"AQ MB Elite","Plus 2",1,19.91,0.2914,14.108226,0.2857,10.0775058318
2017-09-01,2020,90022074,USA,A1618150103,"AQ MB Elite","Plus 2",1,19.91,0.2051,15.826459,0.2857,11.3048396637
2017-09-01,2020,90022074,USA,A1618150103,"AQ MB Elite","Plus 2",1,19.91,0.2408,15.115672,0.2857,10.7971245096
2017-09-01,2020,90022074,USA,A1618150103,"AQ MB Elite","Plus 2",1,19.91,0.2290,15.350610,0.2857,10.9649407230
2017-09-01,2021,90022074,USA,A1618150103,"AQ MB Elite","Plus 2",1,21.20,0.2709,15.456920,0.2857,11.0408779560
2017-09-01,2021,90022074,USA,A1618150103,"AQ MB Elite","Plus 2",1,21.20,0.2914,15.022320,0.2857,10.7304431760
2017-09-01,2021,90022074,USA,A1618150103,"AQ MB Elite","Plus 2",1,21.20,0.2051,16.851880,0.2857,12.0372978840
2017-09-01,2021,90022074,USA,A1618150103,"AQ MB Elite","Plus 2",1,21.20,0.2408,16.095040,0.2857,11.4966870720
2017-09-01,2021,90022074,USA,A1618150103,"AQ MB Elite","Plus 2",1,21.20,0.2290,16.345200,0.2857,11.6753763600
2017-09-01,2018,90022075,USA,A1618150103,"AQ MB Elite","Plus 2",1,18.59,0.2553,13.843973,0.3137,9.5011186699
2017-09-01,2018,90022075,USA,A1618150103,"AQ MB Elite","Plus 2",1,18.59,0.2563,13.825383,0.3137,9.4883603529
2017-09-01,2018,90022075,USA,A1618150103,"AQ MB Elite","Plus 2",1,18.59,0.2293,14.327313,0.3137,9.8328349119
2017-09-01,2018,90022075,USA,A1618150103,"AQ MB Elite","Plus 2",1,18.59,0.2375,14.174875,0.3137,9.7282167125
2017-09-01,2018,90022075,USA,A1618150103,"AQ MB Elite","Plus 2",1,18.59,0.2158,14.578278,0.3137,10.0050721914
2017-09-01,2019,90022075,USA,A1618150103,"AQ MB Elite","Plus 2",1,19.19,0.2553,14.290793,0.3137,9.8077712359
2017-09-01,2019,90022075,USA,A1618150103,"AQ MB Elite","Plus 2",1,19.19,0.2563,14.271603,0.3137,9.7946011389
2017-09-01,2019,90022075,USA,A1618150103,"AQ MB Elite","Plus 2",1,19.19,0.2293,14.789733,0.3137,10.1501937579
2017-09-01,2019,90022075,USA,A1618150103,"AQ MB Elite","Plus 2",1,19.19,0.2375,14.632375,0.3137,10.0421989625
2017-09-01,2019,90022075,USA,A1618150103,"AQ MB Elite","Plus 2",1,19.19,0.2158,15.048798,0.3137,10.3279900674
2017-09-01,2020,90022075,USA,A1618150103,"AQ MB Elite","Plus 2",1,19.91,0.2553,14.826977,0.3137,10.1757543151
2017-09-01,2020,90022075,USA,A1618150103,"AQ MB Elite","Plus 2",1,19.91,0.2563,14.807067,0.3137,10.1620900821
2017-09-01,2020,90022075,USA,A1618150103,"AQ MB Elite","Plus 2",1,19.91,0.2293,15.344637,0.3137,10.5310243731
2017-09-01,2020,90022075,USA,A1618150103,"AQ MB Elite","Plus 2",1,19.91,0.2375,15.181375,0.3137,10.4189776625
2017-09-01,2020,90022075,USA,A1618150103,"AQ MB Elite","Plus 2",1,19.91,0.2158,15.613422,0.3137,10.7154915186
2017-09-01,2021,90022075,USA,A1618150103,"AQ MB Elite","Plus 2",1,21.20,0.2553,15.787640,0.3137,10.8350573320
2017-09-01,2021,90022075,USA,A1618150103,"AQ MB Elite","Plus 2",1,21.20,0.2563,15.766440,0.3137,10.8205077720
2017-09-01,2021,90022075,USA,A1618150103,"AQ MB Elite","Plus 2",1,21.20,0.2293,16.338840,0.3137,11.2133458920
2017-09-01,2021,90022075,USA,A1618150103,"AQ MB Elite","Plus 2",1,21.20,0.2375,16.165000,0.3137,11.0940395000
2017-09-01,2021,90022075,USA,A1618150103,"AQ MB Elite","Plus 2",1,21.20,0.2158,16.625040,0.3137,11.4097649520
2017-09-01,2018,90022077,USA,A1618150103,"AQ MB Elite","Plus 2",1,18.59,0.2394,14.139554,0.3000,9.8976878000
2017-09-01,2018,90022077,USA,A1618150103,"AQ MB Elite","Plus 2",1,18.59,0.2502,13.938782,0.3000,9.7571474000
2017-09-01,2018,90022077,USA,A1618150103,"AQ MB Elite","Plus 2",1,18.59,0.2448,14.039168,0.3000,9.8274176000
2017-09-01,2018,90022077,USA,A1618150103,"AQ MB Elite","Plus 2",1,18.59,0.3028,12.960948,0.3000,9.0726636000
2017-09-01,2018,90022077,USA,A1618150103,"AQ MB Elite","Plus 2",1,18.59,0.2383,14.160003,0.3000,9.9120021000
2017-09-01,2019,90022077,USA,A1618150103,"AQ MB Elite","Plus 2",1,19.19,0.2394,14.595914,0.3000,10.2171398000
2017-09-01,2019,90022077,USA,A1618150103,"AQ MB Elite","Plus 2",1,19.19,0.2502,14.388662,0.3000,10.0720634000
2017-09-01,2019,90022077,USA,A1618150103,"AQ MB Elite","Plus 2",1,19.19,0.2448,14.492288,0.3000,10.1446016000
2017-09-01,2019,90022077,USA,A1618150103,"AQ MB Elite","Plus 2",1,19.19,0.3028,13.379268,0.3000,9.3654876000
2017-09-01,2019,90022077,USA,A1618150103,"AQ MB Elite","Plus 2",1,19.19,0.2383,14.617023,0.3000,10.2319161000
2017-09-01,2020,90022077,USA,A1618150103,"AQ MB Elite","Plus 2",1,19.91,0.2394,15.143546,0.3000,10.6004822000
2017-09-01,2020,90022077,USA,A1618150103,"AQ MB Elite","Plus 2",1,19.91,0.2502,14.928518,0.3000,10.4499626000
2017-09-01,2020,90022077,USA,A1618150103,"AQ MB Elite","Plus 2",1,19.91,0.2448,15.036032,0.3000,10.5252224000
2017-09-01,2020,90022077,USA,A1618150103,"AQ MB Elite","Plus 2",1,19.91,0.3028,13.881252,0.3000,9.7168764000
2017-09-01,2020,90022077,USA,A1618150103,"AQ MB Elite","Plus 2",1,19.91,0.2383,15.165447,0.3000,10.6158129000
2017-09-01,2021,90022077,USA,A1618150103,"AQ MB Elite","Plus 2",1,21.20,0.2394,16.124720,0.3000,11.2873040000
2017-09-01,2021,90022077,USA,A1618150103,"AQ MB Elite","Plus 2",1,21.20,0.2502,15.895760,0.3000,11.1270320000
2017-09-01,2021,90022077,USA,A1618150103,"AQ MB Elite","Plus 2",1,21.20,0.2448,16.010240,0.3000,11.2071680000
2017-09-01,2021,90022077,USA,A1618150103,"AQ MB Elite","Plus 2",1,21.20,0.3028,14.780640,0.3000,10.3464480000
2017-09-01,2021,90022077,USA,A1618150103,"AQ MB Elite","Plus 2",1,21.20,0.2383,16.148040,0.3000,11.3036280000
2017-09-01,2018,90022078,USA,A1618150103,"AQ MB Elite","Plus 2",1,18.59,0.2882,13.232362,0.2753,9.5894927414
2017-09-01,2018,90022078,USA,A1618150103,"AQ MB Elite","Plus 2",1,18.59,0.2872,13.250952,0.2753,9.6029649144
2017-09-01,2018,90022078,USA,A1618150103,"AQ MB Elite","Plus 2",1,18.59,0.2358,14.206478,0.2753,10.2954346066
2017-09-01,2018,90022078,USA,A1618150103,"AQ MB Elite","Plus 2",1,18.59,0.2162,14.570842,0.2753,10.5594891974
2017-09-01,2018,90022078,USA,A1618150103,"AQ MB Elite","Plus 2",1,18.59,0.3067,12.888447,0.2753,9.3402575409
2017-09-01,2019,90022078,USA,A1618150103,"AQ MB Elite","Plus 2",1,19.19,0.2882,13.659442,0.2753,9.8989976174
2017-09-01,2019,90022078,USA,A1618150103,"AQ MB Elite","Plus 2",1,19.19,0.2872,13.678632,0.2753,9.9129046104
2017-09-01,2019,90022078,USA,A1618150103,"AQ MB Elite","Plus 2",1,19.19,0.2358,14.664998,0.2753,10.6277240506
2017-09-01,2019,90022078,USA,A1618150103,"AQ MB Elite","Plus 2",1,19.19,0.2162,15.041122,0.2753,10.9003011134
2017-09-01,2019,90022078,USA,A1618150103,"AQ MB Elite","Plus 2",1,19.19,0.3067,13.304427,0.2753,9.6417182469
2017-09-01,2020,90022078,USA,A1618150103,"AQ MB Elite","Plus 2",1,19.91,0.2882,14.171938,0.2753,10.2704034686
2017-09-01,2020,90022078,USA,A1618150103,"AQ MB Elite","Plus 2",1,19.91,0.2872,14.191848,0.2753,10.2848322456
2017-09-01,2020,90022078,USA,A1618150103,"AQ MB Elite","Plus 2",1,19.91,0.2358,15.215222,0.2753,11.0264713834
2017-09-01,2020,90022078,USA,A1618150103,"AQ MB Elite","Plus 2",1,19.91,0.2162,15.605458,0.2753,11.3092754126
2017-09-01,2020,90022078,USA,A1618150103,"AQ MB Elite","Plus 2",1,19.91,0.3067,13.803603,0.2753,10.0034710941
2017-09-01,2021,90022078,USA,A1618150103,"AQ MB Elite","Plus 2",1,21.20,0.2882,15.090160,0.2753,10.9358389520
2017-09-01,2021,90022078,USA,A1618150103,"AQ MB Elite","Plus 2",1,21.20,0.2872,15.111360,0.2753,10.9512025920
2017-09-01,2021,90022078,USA,A1618150103,"AQ MB Elite","Plus 2",1,21.20,0.2358,16.201040,0.2753,11.7408936880
2017-09-01,2021,90022078,USA,A1618150103,"AQ MB Elite","Plus 2",1,21.20,0.2162,16.616560,0.2753,12.0420210320
2017-09-01,2021,90022078,USA,A1618150103,"AQ MB Elite","Plus 2",1,21.20,0.3067,14.697960,0.2753,10.6516116120
2017-09-01,2018,90022079,USA,A1618150103,"AQ MB Elite","Plus 2",1,18.59,0.2788,13.407108,0.2571,9.9601405332
2017-09-01,2018,90022079,USA,A1618150103,"AQ MB Elite","Plus 2",1,18.59,0.2482,13.975962,0.2571,10.3827421698
2017-09-01,2018,90022079,USA,A1618150103,"AQ MB Elite","Plus 2",1,18.59,0.2584,13.786344,0.2571,10.2418749576
2017-09-01,2018,90022079,USA,A1618150103,"AQ MB Elite","Plus 2",1,18.59,0.2075,14.732575,0.2571,10.9448299675
2017-09-01,2018,90022079,USA,A1618150103,"AQ MB Elite","Plus 2",1,18.59,0.1833,15.182453,0.2571,11.2790443337
2017-09-01,2019,90022079,USA,A1618150103,"AQ MB Elite","Plus 2",1,19.19,0.2788,13.839828,0.2571,10.2816082212
2017-09-01,2019,90022079,USA,A1618150103,"AQ MB Elite","Plus 2",1,19.19,0.2482,14.427042,0.2571,10.7178495018
2017-09-01,2019,90022079,USA,A1618150103,"AQ MB Elite","Plus 2",1,19.19,0.2584,14.231304,0.2571,10.5724357416
2017-09-01,2019,90022079,USA,A1618150103,"AQ MB Elite","Plus 2",1,19.19,0.2075,15.208075,0.2571,11.2980789175
2017-09-01,2019,90022079,USA,A1618150103,"AQ MB Elite","Plus 2",1,19.19,0.1833,15.672473,0.2571,11.6430801917
2017-09-01,2020,90022079,USA,A1618150103,"AQ MB Elite","Plus 2",1,19.91,0.2788,14.359092,0.2571,10.6673694468
2017-09-01,2020,90022079,USA,A1618150103,"AQ MB Elite","Plus 2",1,19.91,0.2482,14.968338,0.2571,11.1199783002
2017-09-01,2020,90022079,USA,A1618150103,"AQ MB Elite","Plus 2",1,19.91,0.2584,14.765256,0.2571,10.9691086824
2017-09-01,2020,90022079,USA,A1618150103,"AQ MB Elite","Plus 2",1,19.91,0.2075,15.778675,0.2571,11.7219776575
2017-09-01,2020,90022079,USA,A1618150103,"AQ MB Elite","Plus 2",1,19.91,0.1833,16.260497,0.2571,12.0799232213
2017-09-01,2021,90022079,USA,A1618150103,"AQ MB Elite","Plus 2",1,21.20,0.2788,15.289440,0.2571,11.3585249760
2017-09-01,2021,90022079,USA,A1618150103,"AQ MB Elite","Plus 2",1,21.20,0.2482,15.938160,0.2571,11.8404590640
2017-09-01,2021,90022079,USA,A1618150103,"AQ MB Elite","Plus 2",1,21.20,0.2584,15.721920,0.2571,11.6798143680
2017-09-01,2021,90022079,USA,A1618150103,"AQ MB Elite","Plus 2",1,21.20,0.2075,16.801000,0.2571,12.4814629000
2017-09-01,2021,90022079,USA,A1618150103,"AQ MB Elite","Plus 2",1,21.20,0.1833,17.314040,0.2571,12.8626003160
2017-09-01,2018,90022081,USA,A1618150103,"AQ MB Elite","Plus 2",4,74.37,0.2957,52.378791,0.2732,38.0689052988
2017-09-01,2018,90022081,USA,A1618150103,"AQ MB Elite","Plus 2",4,74.37,0.2483,55.903929,0.2732,40.6309755972
2017-09-01,2018,90022081,USA,A1618150103,"AQ MB Elite","Plus 2",4,74.37,0.2112,58.663056,0.2732,42.6363091008
2017-09-01,2018,90022081,USA,A1618150103,"AQ MB Elite","Plus 2",4,74.37,0.2902,52.787826,0.2732,38.3661919368
2017-09-01,2018,90022081,USA,A1618150103,"AQ MB Elite","Plus 2",4,74.37,0.2330,57.041790,0.2732,41.4579729720
2017-09-01,2019,90022081,USA,A1618150103,"AQ MB Elite","Plus 2",4,76.74,0.2957,54.047982,0.2732,39.2820733176
2017-09-01,2019,90022081,USA,A1618150103,"AQ MB Elite","Plus 2",4,76.74,0.2483,57.685458,0.2732,41.9257908744
2017-09-01,2019,90022081,USA,A1618150103,"AQ MB Elite","Plus 2",4,76.74,0.2112,60.532512,0.2732,43.9950297216
2017-09-01,2019,90022081,USA,A1618150103,"AQ MB Elite","Plus 2",4,76.74,0.2902,54.470052,0.2732,39.5888337936
2017-09-01,2019,90022081,USA,A1618150103,"AQ MB Elite","Plus 2",4,76.74,0.2330,58.859580,0.2732,42.7791427440
2017-09-01,2020,90022081,USA,A1618150103,"AQ MB Elite","Plus 2",4,79.65,0.2957,56.097495,0.2732,40.7716593660
2017-09-01,2020,90022081,USA,A1618150103,"AQ MB Elite","Plus 2",4,79.65,0.2483,59.872905,0.2732,43.5156273540
2017-09-01,2020,90022081,USA,A1618150103,"AQ MB Elite","Plus 2",4,79.65,0.2112,62.827920,0.2732,45.6633322560
2017-09-01,2020,90022081,USA,A1618150103,"AQ MB Elite","Plus 2",4,79.65,0.2902,56.535570,0.2732,41.0900522760
2017-09-01,2020,90022081,USA,A1618150103,"AQ MB Elite","Plus 2",4,79.65,0.2330,61.091550,0.2732,44.4013385400
2017-09-01,2021,90022081,USA,A1618150103,"AQ MB Elite","Plus 2",4,84.81,0.2957,59.731683,0.2732,43.4129872044
2017-09-01,2021,90022081,USA,A1618150103,"AQ MB Elite","Plus 2",4,84.81,0.2483,63.751677,0.2732,46.3347188436
2017-09-01,2021,90022081,USA,A1618150103,"AQ MB Elite","Plus 2",4,84.81,0.2112,66.898128,0.2732,48.6215594304
2017-09-01,2021,90022081,USA,A1618150103,"AQ MB Elite","Plus 2",4,84.81,0.2902,60.198138,0.2732,43.7520066984
2017-09-01,2021,90022081,USA,A1618150103,"AQ MB Elite","Plus 2",4,84.81,0.2330,65.049270,0.2732,47.2778094360
2017-09-01,2018,90022082,USA,A1618150103,"AQ MB Elite","Plus 2",1,18.59,0.2954,13.098514,0.3089,9.0523830254
2017-09-01,2018,90022082,USA,A1618150103,"AQ MB Elite","Plus 2",1,18.59,0.2639,13.684099,0.3089,9.4570808189
2017-09-01,2018,90022082,USA,A1618150103,"AQ MB Elite","Plus 2",1,18.59,0.2478,13.983398,0.3089,9.6639263578
2017-09-01,2018,90022082,USA,A1618150103,"AQ MB Elite","Plus 2",1,18.59,0.2128,14.634048,0.3089,10.1135905728
2017-09-01,2018,90022082,USA,A1618150103,"AQ MB Elite","Plus 2",1,18.59,0.2221,14.461161,0.3089,9.9941083671
2017-09-01,2019,90022082,USA,A1618150103,"AQ MB Elite","Plus 2",1,19.19,0.2954,13.521274,0.3089,9.3445524614
2017-09-01,2019,90022082,USA,A1618150103,"AQ MB Elite","Plus 2",1,19.19,0.2639,14.125759,0.3089,9.7623120449
2017-09-01,2019,90022082,USA,A1618150103,"AQ MB Elite","Plus 2",1,19.19,0.2478,14.434718,0.3089,9.9758336098
2017-09-01,2019,90022082,USA,A1618150103,"AQ MB Elite","Plus 2",1,19.19,0.2128,15.106368,0.3089,10.4400109248
2017-09-01,2019,90022082,USA,A1618150103,"AQ MB Elite","Plus 2",1,19.19,0.2221,14.927901,0.3089,10.3166723811
2017-09-01,2020,90022082,USA,A1618150103,"AQ MB Elite","Plus 2",1,19.91,0.2954,14.028586,0.3089,9.6951557846
2017-09-01,2020,90022082,USA,A1618150103,"AQ MB Elite","Plus 2",1,19.91,0.2639,14.655751,0.3089,10.1285895161
2017-09-01,2020,90022082,USA,A1618150103,"AQ MB Elite","Plus 2",1,19.91,0.2478,14.976302,0.3089,10.3501223122
2017-09-01,2020,90022082,USA,A1618150103,"AQ MB Elite","Plus 2",1,19.91,0.2128,15.673152,0.3089,10.8317153472
2017-09-01,2020,90022082,USA,A1618150103,"AQ MB Elite","Plus 2",1,19.91,0.2221,15.487989,0.3089,10.7037491979
2017-09-01,2021,90022082,USA,A1618150103,"AQ MB Elite","Plus 2",1,21.20,0.2954,14.937520,0.3089,10.3233200720
2017-09-01,2021,90022082,USA,A1618150103,"AQ MB Elite","Plus 2",1,21.20,0.2639,15.605320,0.3089,10.7848366520
2017-09-01,2021,90022082,USA,A1618150103,"AQ MB Elite","Plus 2",1,21.20,0.2478,15.946640,0.3089,11.0207229040
2017-09-01,2021,90022082,USA,A1618150103,"AQ MB Elite","Plus 2",1,21.20,0.2128,16.688640,0.3089,11.5335191040
2017-09-01,2021,90022082,USA,A1618150103,"AQ MB Elite","Plus 2",1,21.20,0.2221,16.491480,0.3089,11.3972618280
2017-09-01,2018,90022083,USA,A1618150103,"AQ MB Elite","Plus 2",1,18.59,0.2551,13.847691,0.2745,10.0464998205
2017-09-01,2018,90022083,USA,A1618150103,"AQ MB Elite","Plus 2",1,18.59,0.1988,14.894308,0.2745,10.8058204540
2017-09-01,2018,90022083,USA,A1618150103,"AQ MB Elite","Plus 2",1,18.59,0.2734,13.507494,0.2745,9.7996868970
2017-09-01,2018,90022083,USA,A1618150103,"AQ MB Elite","Plus 2",1,18.59,0.1927,15.007707,0.2745,10.8880914285
2017-09-01,2018,90022083,USA,A1618150103,"AQ MB Elite","Plus 2",1,18.59,0.2906,13.187746,0.2745,9.5677097230
2017-09-01,2019,90022083,USA,A1618150103,"AQ MB Elite","Plus 2",1,19.19,0.2551,14.294631,0.2745,10.3707547905
2017-09-01,2019,90022083,USA,A1618150103,"AQ MB Elite","Plus 2",1,19.19,0.1988,15.375028,0.2745,11.1545828140
2017-09-01,2019,90022083,USA,A1618150103,"AQ MB Elite","Plus 2",1,19.19,0.2734,13.943454,0.2745,10.1159758770
2017-09-01,2019,90022083,USA,A1618150103,"AQ MB Elite","Plus 2",1,19.19,0.1927,15.492087,0.2745,11.2395091185
2017-09-01,2019,90022083,USA,A1618150103,"AQ MB Elite","Plus 2",1,19.19,0.2906,13.613386,0.2745,9.8765115430
2017-09-01,2020,90022083,USA,A1618150103,"AQ MB Elite","Plus 2",1,19.91,0.2551,14.830959,0.2745,10.7598607545
2017-09-01,2020,90022083,USA,A1618150103,"AQ MB Elite","Plus 2",1,19.91,0.1988,15.951892,0.2745,11.5730976460
2017-09-01,2020,90022083,USA,A1618150103,"AQ MB Elite","Plus 2",1,19.91,0.2734,14.466606,0.2745,10.4955226530
2017-09-01,2020,90022083,USA,A1618150103,"AQ MB Elite","Plus 2",1,19.91,0.1927,16.073343,0.2745,11.6612103465
2017-09-01,2020,90022083,USA,A1618150103,"AQ MB Elite","Plus 2",1,19.91,0.2906,14.124154,0.2745,10.2470737270
2017-09-01,2021,90022083,USA,A1618150103,"AQ MB Elite","Plus 2",1,21.20,0.2551,15.791880,0.2745,11.4570089400
2017-09-01,2021,90022083,USA,A1618150103,"AQ MB Elite","Plus 2",1,21.20,0.1988,16.985440,0.2745,12.3229367200
2017-09-01,2021,90022083,USA,A1618150103,"AQ MB Elite","Plus 2",1,21.20,0.2734,15.403920,0.2745,11.1755439600
2017-09-01,2021,90022083,USA,A1618150103,"AQ MB Elite","Plus 2",1,21.20,0.1927,17.114760,0.2745,12.4167583800
2017-09-01,2021,90022083,USA,A1618150103,"AQ MB Elite","Plus 2",1,21.20,0.2906,15.039280,0.2745,10.9109976400
2017-09-01,2018,70002017,India,A1618150104,"AQ MB Elite",Premium,1,20.66,0.0824,18.957616,0.4226,10.9461274784
2017-09-01,2018,70002017,India,A1618150104,"AQ MB Elite",Premium,1,20.66,0.0777,19.054718,0.4226,11.0021941732
2017-09-01,2018,70002017,India,A1618150104,"AQ MB Elite",Premium,1,20.66,0.0735,19.141490,0.4226,11.0522963260
2017-09-01,2018,70002017,India,A1618150104,"AQ MB Elite",Premium,1,20.66,0.0703,19.207602,0.4226,11.0904693948
2017-09-01,2018,70002017,India,A1618150104,"AQ MB Elite",Premium,1,20.66,0.1057,18.476238,0.4226,10.6681798212
2017-09-01,2019,70002017,India,A1618150104,"AQ MB Elite",Premium,1,21.48,0.0824,19.710048,0.4226,11.3805817152
2017-09-01,2019,70002017,India,A1618150104,"AQ MB Elite",Premium,1,21.48,0.0777,19.811004,0.4226,11.4388737096
2017-09-01,2019,70002017,India,A1618150104,"AQ MB Elite",Premium,1,21.48,0.0735,19.901220,0.4226,11.4909644280
2017-09-01,2019,70002017,India,A1618150104,"AQ MB Elite",Premium,1,21.48,0.0703,19.969956,0.4226,11.5306525944
2017-09-01,2019,70002017,India,A1618150104,"AQ MB Elite",Premium,1,21.48,0.1057,19.209564,0.4226,11.0916022536
2017-09-01,2020,70002017,India,A1618150104,"AQ MB Elite",Premium,1,22.87,0.0824,20.985512,0.4226,12.1170346288
2017-09-01,2020,70002017,India,A1618150104,"AQ MB Elite",Premium,1,22.87,0.0777,21.093001,0.4226,12.1790987774
2017-09-01,2020,70002017,India,A1618150104,"AQ MB Elite",Premium,1,22.87,0.0735,21.189055,0.4226,12.2345603570
2017-09-01,2020,70002017,India,A1618150104,"AQ MB Elite",Premium,1,22.87,0.0703,21.262239,0.4226,12.2768167986
2017-09-01,2020,70002017,India,A1618150104,"AQ MB Elite",Premium,1,22.87,0.1057,20.452641,0.4226,11.8093549134
2017-09-01,2021,70002017,India,A1618150104,"AQ MB Elite",Premium,1,21.45,0.0824,19.682520,0.4226,11.3646870480
2017-09-01,2021,70002017,India,A1618150104,"AQ MB Elite",Premium,1,21.45,0.0777,19.783335,0.4226,11.4228976290
2017-09-01,2021,70002017,India,A1618150104,"AQ MB Elite",Premium,1,21.45,0.0735,19.873425,0.4226,11.4749155950
2017-09-01,2021,70002017,India,A1618150104,"AQ MB Elite",Premium,1,21.45,0.0703,19.942065,0.4226,11.5145483310
2017-09-01,2021,70002017,India,A1618150104,"AQ MB Elite",Premium,1,21.45,0.1057,19.182735,0.4226,11.0761111890
2017-09-01,2018,70002018,India,A1618150104,"AQ MB Elite",Premium,3,61.99,0.2956,43.665756,0.3185,29.7582127140
2017-09-01,2018,70002018,India,A1618150104,"AQ MB Elite",Premium,3,61.99,0.2577,46.015177,0.3185,31.3593431255
2017-09-01,2018,70002018,India,A1618150104,"AQ MB Elite",Premium,3,61.99,0.2255,48.011255,0.3185,32.7196702825
2017-09-01,2018,70002018,India,A1618150104,"AQ MB Elite",Premium,3,61.99,0.2061,49.213861,0.3185,33.5392462715
2017-09-01,2018,70002018,India,A1618150104,"AQ MB Elite",Premium,3,61.99,0.2931,43.820731,0.3185,29.8638281765
2017-09-01,2019,70002018,India,A1618150104,"AQ MB Elite",Premium,3,64.45,0.2956,45.398580,0.3185,30.9391322700
2017-09-01,2019,70002018,India,A1618150104,"AQ MB Elite",Premium,3,64.45,0.2577,47.841235,0.3185,32.6038016525
2017-09-01,2019,70002018,India,A1618150104,"AQ MB Elite",Premium,3,64.45,0.2255,49.916525,0.3185,34.0181117875
2017-09-01,2019,70002018,India,A1618150104,"AQ MB Elite",Premium,3,64.45,0.2061,51.166855,0.3185,34.8702116825
2017-09-01,2019,70002018,India,A1618150104,"AQ MB Elite",Premium,3,64.45,0.2931,45.559705,0.3185,31.0489389575
2017-09-01,2020,70002018,India,A1618150104,"AQ MB Elite",Premium,3,68.61,0.2956,48.328884,0.3185,32.9361344460
2017-09-01,2020,70002018,India,A1618150104,"AQ MB Elite",Premium,3,68.61,0.2577,50.929203,0.3185,34.7082518445
2017-09-01,2020,70002018,India,A1618150104,"AQ MB Elite",Premium,3,68.61,0.2255,53.138445,0.3185,36.2138502675
2017-09-01,2020,70002018,India,A1618150104,"AQ MB Elite",Premium,3,68.61,0.2061,54.469479,0.3185,37.1209499385
2017-09-01,2020,70002018,India,A1618150104,"AQ MB Elite",Premium,3,68.61,0.2931,48.500409,0.3185,33.0530287335
2017-09-01,2021,70002018,India,A1618150104,"AQ MB Elite",Premium,3,64.35,0.2956,45.328140,0.3185,30.8911274100
2017-09-01,2021,70002018,India,A1618150104,"AQ MB Elite",Premium,3,64.35,0.2577,47.767005,0.3185,32.5532139075
2017-09-01,2021,70002018,India,A1618150104,"AQ MB Elite",Premium,3,64.35,0.2255,49.839075,0.3185,33.9653296125
2017-09-01,2021,70002018,India,A1618150104,"AQ MB Elite",Premium,3,64.35,0.2061,51.087465,0.3185,34.8161073975
2017-09-01,2021,70002018,India,A1618150104,"AQ MB Elite",Premium,3,64.35,0.2931,45.489015,0.3185,31.0007637225
2017-09-01,2018,70003182,Indonesia,A1618150104,"AQ MB Elite",Premium,1,20.66,0.2378,15.747052,0.3606,10.0686650488
2017-09-01,2018,70003182,Indonesia,A1618150104,"AQ MB Elite",Premium,1,20.66,0.2023,16.480482,0.3606,10.5376201908
2017-09-01,2018,70003182,Indonesia,A1618150104,"AQ MB Elite",Premium,1,20.66,0.1823,16.893682,0.3606,10.8018202708
2017-09-01,2018,70003182,Indonesia,A1618150104,"AQ MB Elite",Premium,1,20.66,0.2065,16.393710,0.3606,10.4821381740
2017-09-01,2018,70003182,Indonesia,A1618150104,"AQ MB Elite",Premium,1,20.66,0.2147,16.224298,0.3606,10.3738161412
2017-09-01,2019,70003182,Indonesia,A1618150104,"AQ MB Elite",Premium,1,21.48,0.2378,16.372056,0.3606,10.4682926064
2017-09-01,2019,70003182,Indonesia,A1618150104,"AQ MB Elite",Premium,1,21.48,0.2023,17.134596,0.3606,10.9558606824
2017-09-01,2019,70003182,Indonesia,A1618150104,"AQ MB Elite",Premium,1,21.48,0.1823,17.564196,0.3606,11.2305469224
2017-09-01,2019,70003182,Indonesia,A1618150104,"AQ MB Elite",Premium,1,21.48,0.2065,17.044380,0.3606,10.8981765720
2017-09-01,2019,70003182,Indonesia,A1618150104,"AQ MB Elite",Premium,1,21.48,0.2147,16.868244,0.3606,10.7855552136
2017-09-01,2020,70003182,Indonesia,A1618150104,"AQ MB Elite",Premium,1,22.87,0.2378,17.431514,0.3606,11.1457100516
2017-09-01,2020,70003182,Indonesia,A1618150104,"AQ MB Elite",Premium,1,22.87,0.2023,18.243399,0.3606,11.6648293206
2017-09-01,2020,70003182,Indonesia,A1618150104,"AQ MB Elite",Premium,1,22.87,0.1823,18.700799,0.3606,11.9572908806
2017-09-01,2020,70003182,Indonesia,A1618150104,"AQ MB Elite",Premium,1,22.87,0.2065,18.147345,0.3606,11.6034123930
2017-09-01,2020,70003182,Indonesia,A1618150104,"AQ MB Elite",Premium,1,22.87,0.2147,17.959811,0.3606,11.4835031534
2017-09-01,2021,70003182,Indonesia,A1618150104,"AQ MB Elite",Premium,1,21.45,0.2378,16.349190,0.3606,10.4536720860
2017-09-01,2021,70003182,Indonesia,A1618150104,"AQ MB Elite",Premium,1,21.45,0.2023,17.110665,0.3606,10.9405592010
2017-09-01,2021,70003182,Indonesia,A1618150104,"AQ MB Elite",Premium,1,21.45,0.1823,17.539665,0.3606,11.2148618010
2017-09-01,2021,70003182,Indonesia,A1618150104,"AQ MB Elite",Premium,1,21.45,0.2065,17.020575,0.3606,10.8829556550
2017-09-01,2021,70003182,Indonesia,A1618150104,"AQ MB Elite",Premium,1,21.45,0.2147,16.844685,0.3606,10.7704915890
2017-09-01,2018,70007198,"South Korea",A1618150104,"AQ MB Elite",Premium,2,41.33,0.0700,38.436900,0.4401,21.5208203100
2017-09-01,2018,70007198,"South Korea",A1618150104,"AQ MB Elite",Premium,2,41.33,0.0534,39.122978,0.4401,21.9049553822
2017-09-01,2018,70007198,"South Korea",A1618150104,"AQ MB Elite",Premium,2,41.33,0.0703,38.424501,0.4401,21.5138781099
2017-09-01,2018,70007198,"South Korea",A1618150104,"AQ MB Elite",Premium,2,41.33,0.0736,38.288112,0.4401,21.4375139088
2017-09-01,2018,70007198,"South Korea",A1618150104,"AQ MB Elite",Premium,2,41.33,0.0977,37.292059,0.4401,20.8798238341
2017-09-01,2019,70007198,"South Korea",A1618150104,"AQ MB Elite",Premium,2,42.97,0.0700,39.962100,0.4401,22.3747797900
2017-09-01,2019,70007198,"South Korea",A1618150104,"AQ MB Elite",Premium,2,42.97,0.0534,40.675402,0.4401,22.7741575798
2017-09-01,2019,70007198,"South Korea",A1618150104,"AQ MB Elite",Premium,2,42.97,0.0703,39.949209,0.4401,22.3675621191
2017-09-01,2019,70007198,"South Korea",A1618150104,"AQ MB Elite",Premium,2,42.97,0.0736,39.807408,0.4401,22.2881677392
2017-09-01,2019,70007198,"South Korea",A1618150104,"AQ MB Elite",Premium,2,42.97,0.0977,38.771831,0.4401,21.7083481769
2017-09-01,2020,70007198,"South Korea",A1618150104,"AQ MB Elite",Premium,2,45.74,0.0700,42.538200,0.4401,23.8171381800
2017-09-01,2020,70007198,"South Korea",A1618150104,"AQ MB Elite",Premium,2,45.74,0.0534,43.297484,0.4401,24.2422612916
2017-09-01,2020,70007198,"South Korea",A1618150104,"AQ MB Elite",Premium,2,45.74,0.0703,42.524478,0.4401,23.8094552322
2017-09-01,2020,70007198,"South Korea",A1618150104,"AQ MB Elite",Premium,2,45.74,0.0736,42.373536,0.4401,23.7249428064
2017-09-01,2020,70007198,"South Korea",A1618150104,"AQ MB Elite",Premium,2,45.74,0.0977,41.271202,0.4401,23.1077459998
2017-09-01,2021,70007198,"South Korea",A1618150104,"AQ MB Elite",Premium,2,42.90,0.0700,39.897000,0.4401,22.3383303000
2017-09-01,2021,70007198,"South Korea",A1618150104,"AQ MB Elite",Premium,2,42.90,0.0534,40.609140,0.4401,22.7370574860
2017-09-01,2021,70007198,"South Korea",A1618150104,"AQ MB Elite",Premium,2,42.90,0.0703,39.884130,0.4401,22.3311243870
2017-09-01,2021,70007198,"South Korea",A1618150104,"AQ MB Elite",Premium,2,42.90,0.0736,39.742560,0.4401,22.2518593440
2017-09-01,2021,70007198,"South Korea",A1618150104,"AQ MB Elite",Premium,2,42.90,0.0977,38.708670,0.4401,21.6729843330
2017-09-01,2018,70007199,"South Korea",A1618150104,"AQ MB Elite",Premium,1,20.66,0.2551,15.389634,0.3719,9.6662291154
2017-09-01,2018,70007199,"South Korea",A1618150104,"AQ MB Elite",Premium,1,20.66,0.1824,16.891616,0.3719,10.6096240096
2017-09-01,2018,70007199,"South Korea",A1618150104,"AQ MB Elite",Premium,1,20.66,0.2123,16.273882,0.3719,10.2216252842
2017-09-01,2018,70007199,"South Korea",A1618150104,"AQ MB Elite",Premium,1,20.66,0.2105,16.311070,0.3719,10.2449830670
2017-09-01,2018,70007199,"South Korea",A1618150104,"AQ MB Elite",Premium,1,20.66,0.2057,16.410238,0.3719,10.3072704878
2017-09-01,2019,70007199,"South Korea",A1618150104,"AQ MB Elite",Premium,1,21.48,0.2551,16.000452,0.3719,10.0498839012
2017-09-01,2019,70007199,"South Korea",A1618150104,"AQ MB Elite",Premium,1,21.48,0.1824,17.562048,0.3719,11.0307223488
2017-09-01,2019,70007199,"South Korea",A1618150104,"AQ MB Elite",Premium,1,21.48,0.2123,16.919796,0.3719,10.6273238676
2017-09-01,2019,70007199,"South Korea",A1618150104,"AQ MB Elite",Premium,1,21.48,0.2105,16.958460,0.3719,10.6516087260
2017-09-01,2019,70007199,"South Korea",A1618150104,"AQ MB Elite",Premium,1,21.48,0.2057,17.061564,0.3719,10.7163683484
2017-09-01,2020,70007199,"South Korea",A1618150104,"AQ MB Elite",Premium,1,22.87,0.2551,17.035863,0.3719,10.7002255503
2017-09-01,2020,70007199,"South Korea",A1618150104,"AQ MB Elite",Premium,1,22.87,0.1824,18.698512,0.3719,11.7445353872
2017-09-01,2020,70007199,"South Korea",A1618150104,"AQ MB Elite",Premium,1,22.87,0.2123,18.014699,0.3719,11.3150324419
2017-09-01,2020,70007199,"South Korea",A1618150104,"AQ MB Elite",Premium,1,22.87,0.2105,18.055865,0.3719,11.3408888065
2017-09-01,2020,70007199,"South Korea",A1618150104,"AQ MB Elite",Premium,1,22.87,0.2057,18.165641,0.3719,11.4098391121
2017-09-01,2021,70007199,"South Korea",A1618150104,"AQ MB Elite",Premium,1,21.45,0.2551,15.978105,0.3719,10.0358477505
2017-09-01,2021,70007199,"South Korea",A1618150104,"AQ MB Elite",Premium,1,21.45,0.1824,17.537520,0.3719,11.0153163120
2017-09-01,2021,70007199,"South Korea",A1618150104,"AQ MB Elite",Premium,1,21.45,0.2123,16.896165,0.3719,10.6124812365
2017-09-01,2021,70007199,"South Korea",A1618150104,"AQ MB Elite",Premium,1,21.45,0.2105,16.934775,0.3719,10.6367321775
2017-09-01,2021,70007199,"South Korea",A1618150104,"AQ MB Elite",Premium,1,21.45,0.2057,17.037735,0.3719,10.7014013535
2017-09-01,2018,70008169,Australia,A1618150104,"AQ MB Elite",Premium,1,20.66,0.0953,18.691102,0.3692,11.7903471416
2017-09-01,2018,70008169,Australia,A1618150104,"AQ MB Elite",Premium,1,20.66,0.0748,19.114632,0.3692,12.0575098656
2017-09-01,2018,70008169,Australia,A1618150104,"AQ MB Elite",Premium,1,20.66,0.0975,18.645650,0.3692,11.7616760200
2017-09-01,2018,70008169,Australia,A1618150104,"AQ MB Elite",Premium,1,20.66,0.0793,19.021662,0.3692,11.9988643896
2017-09-01,2018,70008169,Australia,A1618150104,"AQ MB Elite",Premium,1,20.66,0.0832,18.941088,0.3692,11.9480383104
2017-09-01,2019,70008169,Australia,A1618150104,"AQ MB Elite",Premium,1,21.48,0.0953,19.432956,0.3692,12.2583086448
2017-09-01,2019,70008169,Australia,A1618150104,"AQ MB Elite",Premium,1,21.48,0.0748,19.873296,0.3692,12.5360751168
2017-09-01,2019,70008169,Australia,A1618150104,"AQ MB Elite",Premium,1,21.48,0.0975,19.385700,0.3692,12.2284995600
2017-09-01,2019,70008169,Australia,A1618150104,"AQ MB Elite",Premium,1,21.48,0.0793,19.776636,0.3692,12.4751019888
2017-09-01,2019,70008169,Australia,A1618150104,"AQ MB Elite",Premium,1,21.48,0.0832,19.692864,0.3692,12.4222586112
2017-09-01,2020,70008169,Australia,A1618150104,"AQ MB Elite",Premium,1,22.87,0.0953,20.690489,0.3692,13.0515604612
2017-09-01,2020,70008169,Australia,A1618150104,"AQ MB Elite",Premium,1,22.87,0.0748,21.159324,0.3692,13.3473015792
2017-09-01,2020,70008169,Australia,A1618150104,"AQ MB Elite",Premium,1,22.87,0.0975,20.640175,0.3692,13.0198223900
2017-09-01,2020,70008169,Australia,A1618150104,"AQ MB Elite",Premium,1,22.87,0.0793,21.056409,0.3692,13.2823827972
2017-09-01,2020,70008169,Australia,A1618150104,"AQ MB Elite",Premium,1,22.87,0.0832,20.967216,0.3692,13.2261198528
2017-09-01,2021,70008169,Australia,A1618150104,"AQ MB Elite",Premium,1,21.45,0.0953,19.405815,0.3692,12.2411881020
2017-09-01,2021,70008169,Australia,A1618150104,"AQ MB Elite",Premium,1,21.45,0.0748,19.845540,0.3692,12.5185666320
2017-09-01,2021,70008169,Australia,A1618150104,"AQ MB Elite",Premium,1,21.45,0.0975,19.358625,0.3692,12.2114206500
2017-09-01,2021,70008169,Australia,A1618150104,"AQ MB Elite",Premium,1,21.45,0.0793,19.749015,0.3692,12.4576786620
2017-09-01,2021,70008169,Australia,A1618150104,"AQ MB Elite",Premium,1,21.45,0.0832,19.665360,0.3692,12.4049090880
2017-09-01,2018,70011193,France,A1618150104,"AQ MB Elite",Premium,1,20.66,0.0521,19.583614,0.2689,14.3175801954
2017-09-01,2018,70011193,France,A1618150104,"AQ MB Elite",Premium,1,20.66,0.0634,19.350156,0.2689,14.1468990516
2017-09-01,2018,70011193,France,A1618150104,"AQ MB Elite",Premium,1,20.66,0.0643,19.331562,0.2689,14.1333049782
2017-09-01,2018,70011193,France,A1618150104,"AQ MB Elite",Premium,1,20.66,0.1056,18.478304,0.2689,13.5094880544
2017-09-01,2018,70011193,France,A1618150104,"AQ MB Elite",Premium,1,20.66,0.0510,19.606340,0.2689,14.3341951740
2017-09-01,2019,70011193,France,A1618150104,"AQ MB Elite",Premium,1,21.48,0.0521,20.360892,0.2689,14.8858481412
2017-09-01,2019,70011193,France,A1618150104,"AQ MB Elite",Premium,1,21.48,0.0634,20.118168,0.2689,14.7083926248
2017-09-01,2019,70011193,France,A1618150104,"AQ MB Elite",Premium,1,21.48,0.0643,20.098836,0.2689,14.6942589996
2017-09-01,2019,70011193,France,A1618150104,"AQ MB Elite",Premium,1,21.48,0.1056,19.211712,0.2689,14.0456826432
2017-09-01,2019,70011193,France,A1618150104,"AQ MB Elite",Premium,1,21.48,0.0510,20.384520,0.2689,14.9031225720
2017-09-01,2020,70011193,France,A1618150104,"AQ MB Elite",Premium,1,22.87,0.0521,21.678473,0.2689,15.8491316103
2017-09-01,2020,70011193,France,A1618150104,"AQ MB Elite",Premium,1,22.87,0.0634,21.420042,0.2689,15.6601927062
2017-09-01,2020,70011193,France,A1618150104,"AQ MB Elite",Premium,1,22.87,0.0643,21.399459,0.2689,15.6451444749
2017-09-01,2020,70011193,France,A1618150104,"AQ MB Elite",Premium,1,22.87,0.1056,20.454928,0.2689,14.9545978608
2017-09-01,2020,70011193,France,A1618150104,"AQ MB Elite",Premium,1,22.87,0.0510,21.703630,0.2689,15.8675238930
2017-09-01,2021,70011193,France,A1618150104,"AQ MB Elite",Premium,1,21.45,0.0521,20.332455,0.2689,14.8650578505
2017-09-01,2021,70011193,France,A1618150104,"AQ MB Elite",Premium,1,21.45,0.0634,20.090070,0.2689,14.6878501770
2017-09-01,2021,70011193,France,A1618150104,"AQ MB Elite",Premium,1,21.45,0.0643,20.070765,0.2689,14.6737362915
2017-09-01,2021,70011193,France,A1618150104,"AQ MB Elite",Premium,1,21.45,0.1056,19.184880,0.2689,14.0260657680
2017-09-01,2021,70011193,France,A1618150104,"AQ MB Elite",Premium,1,21.45,0.0510,20.356050,0.2689,14.8823081550
2017-09-01,2018,70011194,France,A1618150104,"AQ MB Elite",Premium,1,20.66,0.2046,16.432964,0.3128,11.2927328608
2017-09-01,2018,70011194,France,A1618150104,"AQ MB Elite",Premium,1,20.66,0.1941,16.649894,0.3128,11.4418071568
2017-09-01,2018,70011194,France,A1618150104,"AQ MB Elite",Premium,1,20.66,0.1917,16.699478,0.3128,11.4758812816
2017-09-01,2018,70011194,France,A1618150104,"AQ MB Elite",Premium,1,20.66,0.1859,16.819306,0.3128,11.5582270832
2017-09-01,2018,70011194,France,A1618150104,"AQ MB Elite",Premium,1,20.66,0.2609,15.269806,0.3128,10.4934106832
2017-09-01,2019,70011194,France,A1618150104,"AQ MB Elite",Premium,1,21.48,0.2046,17.085192,0.3128,11.7409439424
2017-09-01,2019,70011194,France,A1618150104,"AQ MB Elite",Premium,1,21.48,0.1941,17.310732,0.3128,11.8959350304
2017-09-01,2019,70011194,France,A1618150104,"AQ MB Elite",Premium,1,21.48,0.1917,17.362284,0.3128,11.9313615648
2017-09-01,2019,70011194,France,A1618150104,"AQ MB Elite",Premium,1,21.48,0.1859,17.486868,0.3128,12.0169756896
2017-09-01,2019,70011194,France,A1618150104,"AQ MB Elite",Premium,1,21.48,0.2609,15.875868,0.3128,10.9098964896
2017-09-01,2020,70011194,France,A1618150104,"AQ MB Elite",Premium,1,22.87,0.2046,18.190798,0.3128,12.5007163856
2017-09-01,2020,70011194,France,A1618150104,"AQ MB Elite",Premium,1,22.87,0.1941,18.430933,0.3128,12.6657371576
2017-09-01,2020,70011194,France,A1618150104,"AQ MB Elite",Premium,1,22.87,0.1917,18.485821,0.3128,12.7034561912
2017-09-01,2020,70011194,France,A1618150104,"AQ MB Elite",Premium,1,22.87,0.1859,18.618467,0.3128,12.7946105224
2017-09-01,2020,70011194,France,A1618150104,"AQ MB Elite",Premium,1,22.87,0.2609,16.903217,0.3128,11.6158907224
2017-09-01,2021,70011194,France,A1618150104,"AQ MB Elite",Premium,1,21.45,0.2046,17.061330,0.3128,11.7245459760
2017-09-01,2021,70011194,France,A1618150104,"AQ MB Elite",Premium,1,21.45,0.1941,17.286555,0.3128,11.8793205960
2017-09-01,2021,70011194,France,A1618150104,"AQ MB Elite",Premium,1,21.45,0.1917,17.338035,0.3128,11.9146976520
2017-09-01,2021,70011194,France,A1618150104,"AQ MB Elite",Premium,1,21.45,0.1859,17.462445,0.3128,12.0001922040
2017-09-01,2021,70011194,France,A1618150104,"AQ MB Elite",Premium,1,21.45,0.2609,15.853695,0.3128,10.8946592040
2017-09-01,2018,80001019,China,A1618150104,"AQ MB Elite",Premium,1,20.66,0.2815,14.844210,0.3262,10.0020286980
2017-09-01,2018,80001019,China,A1618150104,"AQ MB Elite",Premium,1,20.66,0.1832,16.875088,0.3262,11.3704342944
2017-09-01,2018,80001019,China,A1618150104,"AQ MB Elite",Premium,1,20.66,0.2151,16.216034,0.3262,10.9263637092
2017-09-01,2018,80001019,China,A1618150104,"AQ MB Elite",Premium,1,20.66,0.2485,15.525990,0.3262,10.4614120620
2017-09-01,2018,80001019,China,A1618150104,"AQ MB Elite",Premium,1,20.66,0.1893,16.749062,0.3262,11.2855179756
2017-09-01,2019,80001019,China,A1618150104,"AQ MB Elite",Premium,1,21.48,0.2815,15.433380,0.3262,10.3990114440
2017-09-01,2019,80001019,China,A1618150104,"AQ MB Elite",Premium,1,21.48,0.1832,17.544864,0.3262,11.8217293632
2017-09-01,2019,80001019,China,A1618150104,"AQ MB Elite",Premium,1,21.48,0.2151,16.859652,0.3262,11.3600335176
2017-09-01,2019,80001019,China,A1618150104,"AQ MB Elite",Premium,1,21.48,0.2485,16.142220,0.3262,10.8766278360
2017-09-01,2019,80001019,China,A1618150104,"AQ MB Elite",Premium,1,21.48,0.1893,17.413836,0.3262,11.7334426968
2017-09-01,2020,80001019,China,A1618150104,"AQ MB Elite",Premium,1,22.87,0.2815,16.432095,0.3262,11.0719456110
2017-09-01,2020,80001019,China,A1618150104,"AQ MB Elite",Premium,1,22.87,0.1832,18.680216,0.3262,12.5867295408
2017-09-01,2020,80001019,China,A1618150104,"AQ MB Elite",Premium,1,22.87,0.2151,17.950663,0.3262,12.0951567294
2017-09-01,2020,80001019,China,A1618150104,"AQ MB Elite",Premium,1,22.87,0.2485,17.186805,0.3262,11.5804692090
2017-09-01,2020,80001019,China,A1618150104,"AQ MB Elite",Premium,1,22.87,0.1893,18.540709,0.3262,12.4927297242
2017-09-01,2021,80001019,China,A1618150104,"AQ MB Elite",Premium,1,21.45,0.2815,15.411825,0.3262,10.3844876850
2017-09-01,2021,80001019,China,A1618150104,"AQ MB Elite",Premium,1,21.45,0.1832,17.520360,0.3262,11.8052185680
2017-09-01,2021,80001019,China,A1618150104,"AQ MB Elite",Premium,1,21.45,0.2151,16.836105,0.3262,11.3441675490
2017-09-01,2021,80001019,China,A1618150104,"AQ MB Elite",Premium,1,21.45,0.2485,16.119675,0.3262,10.8614370150
2017-09-01,2021,80001019,China,A1618150104,"AQ MB Elite",Premium,1,21.45,0.1893,17.389515,0.3262,11.7170552070
2017-09-01,2018,80006154,Philiphines,A1618150104,"AQ MB Elite",Premium,2,41.33,0.2728,30.055176,0.3845,18.4989608280
2017-09-01,2018,80006154,Philiphines,A1618150104,"AQ MB Elite",Premium,2,41.33,0.2101,32.646567,0.3845,20.0939619885
2017-09-01,2018,80006154,Philiphines,A1618150104,"AQ MB Elite",Premium,2,41.33,0.2346,31.633982,0.3845,19.4707159210
2017-09-01,2018,80006154,Philiphines,A1618150104,"AQ MB Elite",Premium,2,41.33,0.2103,32.638301,0.3845,20.0888742655
2017-09-01,2018,80006154,Philiphines,A1618150104,"AQ MB Elite",Premium,2,41.33,0.2307,31.795169,0.3845,19.5699265195
2017-09-01,2019,80006154,Philiphines,A1618150104,"AQ MB Elite",Premium,2,42.97,0.2728,31.247784,0.3845,19.2330110520
2017-09-01,2019,80006154,Philiphines,A1618150104,"AQ MB Elite",Premium,2,42.97,0.2101,33.942003,0.3845,20.8913028465
2017-09-01,2019,80006154,Philiphines,A1618150104,"AQ MB Elite",Premium,2,42.97,0.2346,32.889238,0.3845,20.2433259890
2017-09-01,2019,80006154,Philiphines,A1618150104,"AQ MB Elite",Premium,2,42.97,0.2103,33.933409,0.3845,20.8860132395
2017-09-01,2019,80006154,Philiphines,A1618150104,"AQ MB Elite",Premium,2,42.97,0.2307,33.056821,0.3845,20.3464733255
2017-09-01,2020,80006154,Philiphines,A1618150104,"AQ MB Elite",Premium,2,45.74,0.2728,33.262128,0.3845,20.4728397840
2017-09-01,2020,80006154,Philiphines,A1618150104,"AQ MB Elite",Premium,2,45.74,0.2101,36.130026,0.3845,22.2380310030
2017-09-01,2020,80006154,Philiphines,A1618150104,"AQ MB Elite",Premium,2,45.74,0.2346,35.009396,0.3845,21.5482832380
2017-09-01,2020,80006154,Philiphines,A1618150104,"AQ MB Elite",Premium,2,45.74,0.2103,36.120878,0.3845,22.2324004090
2017-09-01,2020,80006154,Philiphines,A1618150104,"AQ MB Elite",Premium,2,45.74,0.2307,35.187782,0.3845,21.6580798210
2017-09-01,2021,80006154,Philiphines,A1618150104,"AQ MB Elite",Premium,2,42.90,0.2728,31.196880,0.3845,19.2016796400
2017-09-01,2021,80006154,Philiphines,A1618150104,"AQ MB Elite",Premium,2,42.90,0.2101,33.886710,0.3845,20.8572700050
2017-09-01,2021,80006154,Philiphines,A1618150104,"AQ MB Elite",Premium,2,42.90,0.2346,32.835660,0.3845,20.2103487300
2017-09-01,2021,80006154,Philiphines,A1618150104,"AQ MB Elite",Premium,2,42.90,0.2103,33.878130,0.3845,20.8519890150
2017-09-01,2021,80006154,Philiphines,A1618150104,"AQ MB Elite",Premium,2,42.90,0.2307,33.002970,0.3845,20.3133280350
2017-09-01,2018,80006155,Philiphines,A1618150104,"AQ MB Elite",Premium,2,41.33,0.2797,29.769999,0.3413,19.6094983413
2017-09-01,2018,80006155,Philiphines,A1618150104,"AQ MB Elite",Premium,2,41.33,0.2565,30.728855,0.3413,20.2410967885
2017-09-01,2018,80006155,Philiphines,A1618150104,"AQ MB Elite",Premium,2,41.33,0.2862,29.501354,0.3413,19.4325418798
2017-09-01,2018,80006155,Philiphines,A1618150104,"AQ MB Elite",Premium,2,41.33,0.3091,28.554897,0.3413,18.8091106539
2017-09-01,2018,80006155,Philiphines,A1618150104,"AQ MB Elite",Premium,2,41.33,0.2939,29.183113,0.3413,19.2229165331
2017-09-01,2019,80006155,Philiphines,A1618150104,"AQ MB Elite",Premium,2,42.97,0.2797,30.951291,0.3413,20.3876153817
2017-09-01,2019,80006155,Philiphines,A1618150104,"AQ MB Elite",Premium,2,42.97,0.2565,31.948195,0.3413,21.0442760465
2017-09-01,2019,80006155,Philiphines,A1618150104,"AQ MB Elite",Premium,2,42.97,0.2862,30.671986,0.3413,20.2036371782
2017-09-01,2019,80006155,Philiphines,A1618150104,"AQ MB Elite",Premium,2,42.97,0.3091,29.687973,0.3413,19.5554678151
2017-09-01,2019,80006155,Philiphines,A1618150104,"AQ MB Elite",Premium,2,42.97,0.2939,30.341117,0.3413,19.9856937679
2017-09-01,2020,80006155,Philiphines,A1618150104,"AQ MB Elite",Premium,2,45.74,0.2797,32.946522,0.3413,21.7018740414
2017-09-01,2020,80006155,Philiphines,A1618150104,"AQ MB Elite",Premium,2,45.74,0.2565,34.007690,0.3413,22.4008654030
2017-09-01,2020,80006155,Philiphines,A1618150104,"AQ MB Elite",Premium,2,45.74,0.2862,32.649212,0.3413,21.5060359444
2017-09-01,2020,80006155,Philiphines,A1618150104,"AQ MB Elite",Premium,2,45.74,0.3091,31.601766,0.3413,20.8160832642
2017-09-01,2020,80006155,Philiphines,A1618150104,"AQ MB Elite",Premium,2,45.74,0.2939,32.297014,0.3413,21.2740431218
2017-09-01,2021,80006155,Philiphines,A1618150104,"AQ MB Elite",Premium,2,42.90,0.2797,30.900870,0.3413,20.3544030690
2017-09-01,2021,80006155,Philiphines,A1618150104,"AQ MB Elite",Premium,2,42.90,0.2565,31.896150,0.3413,21.0099940050
2017-09-01,2021,80006155,Philiphines,A1618150104,"AQ MB Elite",Premium,2,42.90,0.2862,30.622020,0.3413,20.1707245740
2017-09-01,2021,80006155,Philiphines,A1618150104,"AQ MB Elite",Premium,2,42.90,0.3091,29.639610,0.3413,19.5236111070
2017-09-01,2021,80006155,Philiphines,A1618150104,"AQ MB Elite",Premium,2,42.90,0.2939,30.291690,0.3413,19.9531362030
2017-09-01,2018,80007195,"South Korea",A1618150104,"AQ MB Elite",Premium,5,103.32,0.2990,72.427320,0.3787,44.9990939160
2017-09-01,2018,80007195,"South Korea",A1618150104,"AQ MB Elite",Premium,5,103.32,0.2557,76.901076,0.3787,47.7786385188
2017-09-01,2018,80007195,"South Korea",A1618150104,"AQ MB Elite",Premium,5,103.32,0.2390,78.626520,0.3787,48.8506568760
2017-09-01,2018,80007195,"South Korea",A1618150104,"AQ MB Elite",Premium,5,103.32,0.2617,76.281156,0.3787,47.3934822228
2017-09-01,2018,80007195,"South Korea",A1618150104,"AQ MB Elite",Premium,5,103.32,0.2929,73.057572,0.3787,45.3906694836
2017-09-01,2019,80007195,"South Korea",A1618150104,"AQ MB Elite",Premium,5,107.42,0.2990,75.301420,0.3787,46.7847722460
2017-09-01,2019,80007195,"South Korea",A1618150104,"AQ MB Elite",Premium,5,107.42,0.2557,79.952706,0.3787,49.6746162378
2017-09-01,2019,80007195,"South Korea",A1618150104,"AQ MB Elite",Premium,5,107.42,0.2390,81.746620,0.3787,50.7891750060
2017-09-01,2019,80007195,"South Korea",A1618150104,"AQ MB Elite",Premium,5,107.42,0.2617,79.308186,0.3787,49.2741759618
2017-09-01,2019,80007195,"South Korea",A1618150104,"AQ MB Elite",Premium,5,107.42,0.2929,75.956682,0.3787,47.1918865266
2017-09-01,2020,80007195,"South Korea",A1618150104,"AQ MB Elite",Premium,5,114.35,0.2990,80.159350,0.3787,49.8030041550
2017-09-01,2020,80007195,"South Korea",A1618150104,"AQ MB Elite",Premium,5,114.35,0.2557,85.110705,0.3787,52.8792810165
2017-09-01,2020,80007195,"South Korea",A1618150104,"AQ MB Elite",Premium,5,114.35,0.2390,87.020350,0.3787,54.0657434550
2017-09-01,2020,80007195,"South Korea",A1618150104,"AQ MB Elite",Premium,5,114.35,0.2617,84.424605,0.3787,52.4530070865
2017-09-01,2020,80007195,"South Korea",A1618150104,"AQ MB Elite",Premium,5,114.35,0.2929,80.856885,0.3787,50.2363826505
2017-09-01,2021,80007195,"South Korea",A1618150104,"AQ MB Elite",Premium,5,107.24,0.2990,75.175240,0.3787,46.7063766120
2017-09-01,2021,80007195,"South Korea",A1618150104,"AQ MB Elite",Premium,5,107.24,0.2557,79.818732,0.3787,49.5913781916
2017-09-01,2021,80007195,"South Korea",A1618150104,"AQ MB Elite",Premium,5,107.24,0.2390,81.609640,0.3787,50.7040693320
2017-09-01,2021,80007195,"South Korea",A1618150104,"AQ MB Elite",Premium,5,107.24,0.2617,79.175292,0.3787,49.1916089196
2017-09-01,2021,80007195,"South Korea",A1618150104,"AQ MB Elite",Premium,5,107.24,0.2929,75.829404,0.3787,47.1128087052
2017-09-01,2018,90002001,India,A1618150104,"AQ MB Elite",Premium,1,20.66,0.2490,15.515660,0.3593,9.9408833620
2017-09-01,2018,90002001,India,A1618150104,"AQ MB Elite",Premium,1,20.66,0.2247,16.017698,0.3593,10.2625391086
2017-09-01,2018,90002001,India,A1618150104,"AQ MB Elite",Premium,1,20.66,0.1894,16.746996,0.3593,10.7298003372
2017-09-01,2018,90002001,India,A1618150104,"AQ MB Elite",Premium,1,20.66,0.2119,16.282146,0.3593,10.4319709422
2017-09-01,2018,90002001,India,A1618150104,"AQ MB Elite",Premium,1,20.66,0.1964,16.602376,0.3593,10.6371423032
2017-09-01,2019,90002001,India,A1618150104,"AQ MB Elite",Premium,1,21.48,0.2490,16.131480,0.3593,10.3354392360
2017-09-01,2019,90002001,India,A1618150104,"AQ MB Elite",Premium,1,21.48,0.2247,16.653444,0.3593,10.6698615708
2017-09-01,2019,90002001,India,A1618150104,"AQ MB Elite",Premium,1,21.48,0.1894,17.411688,0.3593,11.1556685016
2017-09-01,2019,90002001,India,A1618150104,"AQ MB Elite",Premium,1,21.48,0.2119,16.928388,0.3593,10.8460181916
2017-09-01,2019,90002001,India,A1618150104,"AQ MB Elite",Premium,1,21.48,0.1964,17.261328,0.3593,11.0593328496
2017-09-01,2020,90002001,India,A1618150104,"AQ MB Elite",Premium,1,22.87,0.2490,17.175370,0.3593,11.0042595590
2017-09-01,2020,90002001,India,A1618150104,"AQ MB Elite",Premium,1,22.87,0.2247,17.731111,0.3593,11.3603228177
2017-09-01,2020,90002001,India,A1618150104,"AQ MB Elite",Premium,1,22.87,0.1894,18.538422,0.3593,11.8775669754
2017-09-01,2020,90002001,India,A1618150104,"AQ MB Elite",Premium,1,22.87,0.2119,18.023847,0.3593,11.5478787729
2017-09-01,2020,90002001,India,A1618150104,"AQ MB Elite",Premium,1,22.87,0.1964,18.378332,0.3593,11.7749973124
2017-09-01,2021,90002001,India,A1618150104,"AQ MB Elite",Premium,1,21.45,0.2490,16.108950,0.3593,10.3210042650
2017-09-01,2021,90002001,India,A1618150104,"AQ MB Elite",Premium,1,21.45,0.2247,16.630185,0.3593,10.6549595295
2017-09-01,2021,90002001,India,A1618150104,"AQ MB Elite",Premium,1,21.45,0.1894,17.387370,0.3593,11.1400879590
2017-09-01,2021,90002001,India,A1618150104,"AQ MB Elite",Premium,1,21.45,0.2119,16.904745,0.3593,10.8308701215
2017-09-01,2021,90002001,India,A1618150104,"AQ MB Elite",Premium,1,21.45,0.1964,17.237220,0.3593,11.0438868540
2017-09-01,2018,90002002,India,A1618150104,"AQ MB Elite",Premium,2,41.33,0.2005,33.043335,0.4083,19.5517413195
2017-09-01,2018,90002002,India,A1618150104,"AQ MB Elite",Premium,2,41.33,0.1878,33.568226,0.4083,19.8623193242
2017-09-01,2018,90002002,India,A1618150104,"AQ MB Elite",Premium,2,41.33,0.1860,33.642620,0.4083,19.9063382540
2017-09-01,2018,90002002,India,A1618150104,"AQ MB Elite",Premium,2,41.33,0.3025,28.827675,0.4083,17.0573352975
2017-09-01,2018,90002002,India,A1618150104,"AQ MB Elite",Premium,2,41.33,0.1828,33.774876,0.4083,19.9845941292
2017-09-01,2019,90002002,India,A1618150104,"AQ MB Elite",Premium,2,42.97,0.2005,34.354515,0.4083,20.3275665255
2017-09-01,2019,90002002,India,A1618150104,"AQ MB Elite",Premium,2,42.97,0.1878,34.900234,0.4083,20.6504684578
2017-09-01,2019,90002002,India,A1618150104,"AQ MB Elite",Premium,2,42.97,0.1860,34.977580,0.4083,20.6962340860
2017-09-01,2019,90002002,India,A1618150104,"AQ MB Elite",Premium,2,42.97,0.3025,29.971575,0.4083,17.7341809275
2017-09-01,2019,90002002,India,A1618150104,"AQ MB Elite",Premium,2,42.97,0.1828,35.115084,0.4083,20.7775952028
2017-09-01,2020,90002002,India,A1618150104,"AQ MB Elite",Premium,2,45.74,0.2005,36.569130,0.4083,21.6379542210
2017-09-01,2020,90002002,India,A1618150104,"AQ MB Elite",Premium,2,45.74,0.1878,37.150028,0.4083,21.9816715676
2017-09-01,2020,90002002,India,A1618150104,"AQ MB Elite",Premium,2,45.74,0.1860,37.232360,0.4083,22.0303874120
2017-09-01,2020,90002002,India,A1618150104,"AQ MB Elite",Premium,2,45.74,0.3025,31.903650,0.4083,18.8773897050
2017-09-01,2020,90002002,India,A1618150104,"AQ MB Elite",Premium,2,45.74,0.1828,37.378728,0.4083,22.1169933576
2017-09-01,2021,90002002,India,A1618150104,"AQ MB Elite",Premium,2,42.90,0.2005,34.298550,0.4083,20.2944520350
2017-09-01,2021,90002002,India,A1618150104,"AQ MB Elite",Premium,2,42.90,0.1878,34.843380,0.4083,20.6168279460
2017-09-01,2021,90002002,India,A1618150104,"AQ MB Elite",Premium,2,42.90,0.1860,34.920600,0.4083,20.6625190200
2017-09-01,2021,90002002,India,A1618150104,"AQ MB Elite",Premium,2,42.90,0.3025,29.922750,0.4083,17.7052911750
2017-09-01,2021,90002002,India,A1618150104,"AQ MB Elite",Premium,2,42.90,0.1828,35.057880,0.4083,20.7437475960
2017-09-01,2018,90002003,India,A1618150104,"AQ MB Elite",Premium,4,82.66,0.2831,59.258954,0.3448,38.8264666608
2017-09-01,2018,90002003,India,A1618150104,"AQ MB Elite",Premium,4,82.66,0.2851,59.093634,0.3448,38.7181489968
2017-09-01,2018,90002003,India,A1618150104,"AQ MB Elite",Premium,4,82.66,0.2611,61.077474,0.3448,40.0179609648
2017-09-01,2018,90002003,India,A1618150104,"AQ MB Elite",Premium,4,82.66,0.3028,57.630552,0.3448,37.7595376704
2017-09-01,2018,90002003,India,A1618150104,"AQ MB Elite",Premium,4,82.66,0.2867,58.961378,0.3448,38.6314948656
2017-09-01,2019,90002003,India,A1618150104,"AQ MB Elite",Premium,4,85.93,0.2831,61.603217,0.3448,40.3624277784
2017-09-01,2019,90002003,India,A1618150104,"AQ MB Elite",Premium,4,85.93,0.2851,61.431357,0.3448,40.2498251064
2017-09-01,2019,90002003,India,A1618150104,"AQ MB Elite",Premium,4,85.93,0.2611,63.493677,0.3448,41.6010571704
2017-09-01,2019,90002003,India,A1618150104,"AQ MB Elite",Premium,4,85.93,0.3028,59.910396,0.3448,39.2532914592
2017-09-01,2019,90002003,India,A1618150104,"AQ MB Elite",Premium,4,85.93,0.2867,61.293869,0.3448,40.1597429688
2017-09-01,2020,90002003,India,A1618150104,"AQ MB Elite",Premium,4,91.48,0.2831,65.582012,0.3448,42.9693342624
2017-09-01,2020,90002003,India,A1618150104,"AQ MB Elite",Premium,4,91.48,0.2851,65.399052,0.3448,42.8494588704
2017-09-01,2020,90002003,India,A1618150104,"AQ MB Elite",Premium,4,91.48,0.2611,67.594572,0.3448,44.2879635744
2017-09-01,2020,90002003,India,A1618150104,"AQ MB Elite",Premium,4,91.48,0.3028,63.779856,0.3448,41.7885616512
2017-09-01,2020,90002003,India,A1618150104,"AQ MB Elite",Premium,4,91.48,0.2867,65.252684,0.3448,42.7535585568
2017-09-01,2021,90002003,India,A1618150104,"AQ MB Elite",Premium,4,85.80,0.2831,61.510020,0.3448,40.3013651040
2017-09-01,2021,90002003,India,A1618150104,"AQ MB Elite",Premium,4,85.80,0.2851,61.338420,0.3448,40.1889327840
2017-09-01,2021,90002003,India,A1618150104,"AQ MB Elite",Premium,4,85.80,0.2611,63.397620,0.3448,41.5381206240
2017-09-01,2021,90002003,India,A1618150104,"AQ MB Elite",Premium,4,85.80,0.3028,59.819760,0.3448,39.1939067520
2017-09-01,2021,90002003,India,A1618150104,"AQ MB Elite",Premium,4,85.80,0.2867,61.201140,0.3448,40.0989869280
2017-09-01,2018,90002005,India,A1618150104,"AQ MB Elite",Premium,1,20.66,0.2121,16.278014,0.3813,10.0712072618
2017-09-01,2018,90002005,India,A1618150104,"AQ MB Elite",Premium,1,20.66,0.2610,15.267740,0.3813,9.4461507380
2017-09-01,2018,90002005,India,A1618150104,"AQ MB Elite",Premium,1,20.66,0.2350,15.804900,0.3813,9.7784916300
2017-09-01,2018,90002005,India,A1618150104,"AQ MB Elite",Premium,1,20.66,0.2702,15.077668,0.3813,9.3285531916
2017-09-01,2018,90002005,India,A1618150104,"AQ MB Elite",Premium,1,20.66,0.2473,15.550782,0.3813,9.6212688234
2017-09-01,2019,90002005,India,A1618150104,"AQ MB Elite",Premium,1,21.48,0.2121,16.924092,0.3813,10.4709357204
2017-09-01,2019,90002005,India,A1618150104,"AQ MB Elite",Premium,1,21.48,0.2610,15.873720,0.3813,9.8210705640
2017-09-01,2019,90002005,India,A1618150104,"AQ MB Elite",Premium,1,21.48,0.2350,16.432200,0.3813,10.1666021400
2017-09-01,2019,90002005,India,A1618150104,"AQ MB Elite",Premium,1,21.48,0.2702,15.676104,0.3813,9.6988055448
2017-09-01,2019,90002005,India,A1618150104,"AQ MB Elite",Premium,1,21.48,0.2473,16.167996,0.3813,10.0031391252
2017-09-01,2020,90002005,India,A1618150104,"AQ MB Elite",Premium,1,22.87,0.2121,18.019273,0.3813,11.1485242051
2017-09-01,2020,90002005,India,A1618150104,"AQ MB Elite",Premium,1,22.87,0.2610,16.900930,0.3813,10.4566053910
2017-09-01,2020,90002005,India,A1618150104,"AQ MB Elite",Premium,1,22.87,0.2350,17.495550,0.3813,10.8244967850
2017-09-01,2020,90002005,India,A1618150104,"AQ MB Elite",Premium,1,22.87,0.2702,16.690526,0.3813,10.3264284362
2017-09-01,2020,90002005,India,A1618150104,"AQ MB Elite",Premium,1,22.87,0.2473,17.214249,0.3813,10.6504558563
2017-09-01,2021,90002005,India,A1618150104,"AQ MB Elite",Premium,1,21.45,0.2121,16.900455,0.3813,10.4563115085
2017-09-01,2021,90002005,India,A1618150104,"AQ MB Elite",Premium,1,21.45,0.2610,15.851550,0.3813,9.8073539850
2017-09-01,2021,90002005,India,A1618150104,"AQ MB Elite",Premium,1,21.45,0.2350,16.409250,0.3813,10.1524029750
2017-09-01,2021,90002005,India,A1618150104,"AQ MB Elite",Premium,1,21.45,0.2702,15.654210,0.3813,9.6852597270
2017-09-01,2021,90002005,India,A1618150104,"AQ MB Elite",Premium,1,21.45,0.2473,16.145415,0.3813,9.9891682605
2017-09-01,2018,90002006,India,A1618150104,"AQ MB Elite",Premium,2,41.33,0.2923,29.249241,0.3716,18.3802230444
2017-09-01,2018,90002006,India,A1618150104,"AQ MB Elite",Premium,2,41.33,0.2695,30.191565,0.3716,18.9723794460
2017-09-01,2018,90002006,India,A1618150104,"AQ MB Elite",Premium,2,41.33,0.2398,31.419066,0.3716,19.7437410744
2017-09-01,2018,90002006,India,A1618150104,"AQ MB Elite",Premium,2,41.33,0.3038,28.773946,0.3716,18.0815476664
2017-09-01,2018,90002006,India,A1618150104,"AQ MB Elite",Premium,2,41.33,0.2841,29.588147,0.3716,18.5931915748
2017-09-01,2019,90002006,India,A1618150104,"AQ MB Elite",Premium,2,42.97,0.2923,30.409869,0.3716,19.1095616796
2017-09-01,2019,90002006,India,A1618150104,"AQ MB Elite",Premium,2,42.97,0.2695,31.389585,0.3716,19.7252152140
2017-09-01,2019,90002006,India,A1618150104,"AQ MB Elite",Premium,2,42.97,0.2398,32.665794,0.3716,20.5271849496
2017-09-01,2019,90002006,India,A1618150104,"AQ MB Elite",Premium,2,42.97,0.3038,29.915714,0.3716,18.7990346776
2017-09-01,2019,90002006,India,A1618150104,"AQ MB Elite",Premium,2,42.97,0.2841,30.762223,0.3716,19.3309809332
2017-09-01,2020,90002006,India,A1618150104,"AQ MB Elite",Premium,2,45.74,0.2923,32.370198,0.3716,20.3414324232
2017-09-01,2020,90002006,India,A1618150104,"AQ MB Elite",Premium,2,45.74,0.2695,33.413070,0.3716,20.9967731880
2017-09-01,2020,90002006,India,A1618150104,"AQ MB Elite",Premium,2,45.74,0.2398,34.771548,0.3716,21.8504407632
2017-09-01,2020,90002006,India,A1618150104,"AQ MB Elite",Premium,2,45.74,0.3038,31.844188,0.3716,20.0108877392
2017-09-01,2020,90002006,India,A1618150104,"AQ MB Elite",Premium,2,45.74,0.2841,32.745266,0.3716,20.5771251544
2017-09-01,2021,90002006,India,A1618150104,"AQ MB Elite",Premium,2,42.90,0.2923,30.360330,0.3716,19.0784313720
2017-09-01,2021,90002006,India,A1618150104,"AQ MB Elite",Premium,2,42.90,0.2695,31.338450,0.3716,19.6930819800
2017-09-01,2021,90002006,India,A1618150104,"AQ MB Elite",Premium,2,42.90,0.2398,32.612580,0.3716,20.4937452720
2017-09-01,2021,90002006,India,A1618150104,"AQ MB Elite",Premium,2,42.90,0.3038,29.866980,0.3716,18.7684102320
2017-09-01,2021,90002006,India,A1618150104,"AQ MB Elite",Premium,2,42.90,0.2841,30.712110,0.3716,19.2994899240
2017-09-01,2018,90002007,India,A1618150104,"AQ MB Elite",Premium,1,20.66,0.2265,15.980510,0.3202,10.8635506980
2017-09-01,2018,90002007,India,A1618150104,"AQ MB Elite",Premium,1,20.66,0.3035,14.389690,0.3202,9.7821112620
2017-09-01,2018,90002007,India,A1618150104,"AQ MB Elite",Premium,1,20.66,0.2620,15.247080,0.3202,10.3649649840
2017-09-01,2018,90002007,India,A1618150104,"AQ MB Elite",Premium,1,20.66,0.2508,15.478472,0.3202,10.5222652656
2017-09-01,2018,90002007,India,A1618150104,"AQ MB Elite",Premium,1,20.66,0.2599,15.290466,0.3202,10.3944587868
2017-09-01,2019,90002007,India,A1618150104,"AQ MB Elite",Premium,1,21.48,0.2265,16.614780,0.3202,11.2947274440
2017-09-01,2019,90002007,India,A1618150104,"AQ MB Elite",Premium,1,21.48,0.3035,14.960820,0.3202,10.1703654360
2017-09-01,2019,90002007,India,A1618150104,"AQ MB Elite",Premium,1,21.48,0.2620,15.852240,0.3202,10.7763527520
2017-09-01,2019,90002007,India,A1618150104,"AQ MB Elite",Premium,1,21.48,0.2508,16.092816,0.3202,10.9398963168
2017-09-01,2019,90002007,India,A1618150104,"AQ MB Elite",Premium,1,21.48,0.2599,15.897348,0.3202,10.8070171704
2017-09-01,2020,90002007,India,A1618150104,"AQ MB Elite",Premium,1,22.87,0.2265,17.689945,0.3202,12.0256246110
2017-09-01,2020,90002007,India,A1618150104,"AQ MB Elite",Premium,1,22.87,0.3035,15.928955,0.3202,10.8285036090
2017-09-01,2020,90002007,India,A1618150104,"AQ MB Elite",Premium,1,22.87,0.2620,16.878060,0.3202,11.4737051880
2017-09-01,2020,90002007,India,A1618150104,"AQ MB Elite",Premium,1,22.87,0.2508,17.134204,0.3202,11.6478318792
2017-09-01,2020,90002007,India,A1618150104,"AQ MB Elite",Premium,1,22.87,0.2599,16.926087,0.3202,11.5063539426
2017-09-01,2021,90002007,India,A1618150104,"AQ MB Elite",Premium,1,21.45,0.2265,16.591575,0.3202,11.2789526850
2017-09-01,2021,90002007,India,A1618150104,"AQ MB Elite",Premium,1,21.45,0.3035,14.939925,0.3202,10.1561610150
2017-09-01,2021,90002007,India,A1618150104,"AQ MB Elite",Premium,1,21.45,0.2620,15.830100,0.3202,10.7613019800
2017-09-01,2021,90002007,India,A1618150104,"AQ MB Elite",Premium,1,21.45,0.2508,16.070340,0.3202,10.9246171320
2017-09-01,2021,90002007,India,A1618150104,"AQ MB Elite",Premium,1,21.45,0.2599,15.875145,0.3202,10.7919235710
2017-09-01,2018,90002009,India,A1618150104,"AQ MB Elite",Premium,1,20.66,0.2156,16.205704,0.3440,10.6309418240
2017-09-01,2018,90002009,India,A1618150104,"AQ MB Elite",Premium,1,20.66,0.2910,14.647940,0.3440,9.6090486400
2017-09-01,2018,90002009,India,A1618150104,"AQ MB Elite",Premium,1,20.66,0.2826,14.821484,0.3440,9.7228935040
2017-09-01,2018,90002009,India,A1618150104,"AQ MB Elite",Premium,1,20.66,0.3083,14.290522,0.3440,9.3745824320
2017-09-01,2018,90002009,India,A1618150104,"AQ MB Elite",Premium,1,20.66,0.1895,16.744930,0.3440,10.9846740800
2017-09-01,2019,90002009,India,A1618150104,"AQ MB Elite",Premium,1,21.48,0.2156,16.848912,0.3440,11.0528862720
2017-09-01,2019,90002009,India,A1618150104,"AQ MB Elite",Premium,1,21.48,0.2910,15.229320,0.3440,9.9904339200
2017-09-01,2019,90002009,India,A1618150104,"AQ MB Elite",Premium,1,21.48,0.2826,15.409752,0.3440,10.1087973120
2017-09-01,2019,90002009,India,A1618150104,"AQ MB Elite",Premium,1,21.48,0.3083,14.857716,0.3440,9.7466616960
2017-09-01,2019,90002009,India,A1618150104,"AQ MB Elite",Premium,1,21.48,0.1895,17.409540,0.3440,11.4206582400
2017-09-01,2020,90002009,India,A1618150104,"AQ MB Elite",Premium,1,22.87,0.2156,17.939228,0.3440,11.7681335680
2017-09-01,2020,90002009,India,A1618150104,"AQ MB Elite",Premium,1,22.87,0.2910,16.214830,0.3440,10.6369284800
2017-09-01,2020,90002009,India,A1618150104,"AQ MB Elite",Premium,1,22.87,0.2826,16.406938,0.3440,10.7629513280
2017-09-01,2020,90002009,India,A1618150104,"AQ MB Elite",Premium,1,22.87,0.3083,15.819179,0.3440,10.3773814240
2017-09-01,2020,90002009,India,A1618150104,"AQ MB Elite",Premium,1,22.87,0.1895,18.536135,0.3440,12.1597045600
2017-09-01,2021,90002009,India,A1618150104,"AQ MB Elite",Premium,1,21.45,0.2156,16.825380,0.3440,11.0374492800
2017-09-01,2021,90002009,India,A1618150104,"AQ MB Elite",Premium,1,21.45,0.2910,15.208050,0.3440,9.9764808000
2017-09-01,2021,90002009,India,A1618150104,"AQ MB Elite",Premium,1,21.45,0.2826,15.388230,0.3440,10.0946788800
2017-09-01,2021,90002009,India,A1618150104,"AQ MB Elite",Premium,1,21.45,0.3083,14.836965,0.3440,9.7330490400
2017-09-01,2021,90002009,India,A1618150104,"AQ MB Elite",Premium,1,21.45,0.1895,17.385225,0.3440,11.4047076000
2017-09-01,2018,90002010,India,A1618150104,"AQ MB Elite",Premium,5,103.32,0.2242,80.155656,0.3380,53.0630442720
2017-09-01,2018,90002010,India,A1618150104,"AQ MB Elite",Premium,5,103.32,0.1832,84.391776,0.3380,55.8673557120
2017-09-01,2018,90002010,India,A1618150104,"AQ MB Elite",Premium,5,103.32,0.2076,81.870768,0.3380,54.1984484160
2017-09-01,2018,90002010,India,A1618150104,"AQ MB Elite",Premium,5,103.32,0.2259,79.980012,0.3380,52.9467679440
2017-09-01,2018,90002010,India,A1618150104,"AQ MB Elite",Premium,5,103.32,0.2714,75.278952,0.3380,49.8346662240
2017-09-01,2019,90002010,India,A1618150104,"AQ MB Elite",Premium,5,107.42,0.2242,83.336436,0.3380,55.1687206320
2017-09-01,2019,90002010,India,A1618150104,"AQ MB Elite",Premium,5,107.42,0.1832,87.740656,0.3380,58.0843142720
2017-09-01,2019,90002010,India,A1618150104,"AQ MB Elite",Premium,5,107.42,0.2076,85.119608,0.3380,56.3491804960
2017-09-01,2019,90002010,India,A1618150104,"AQ MB Elite",Premium,5,107.42,0.2259,83.153822,0.3380,55.0478301640
2017-09-01,2019,90002010,India,A1618150104,"AQ MB Elite",Premium,5,107.42,0.2714,78.266212,0.3380,51.8122323440
2017-09-01,2020,90002010,India,A1618150104,"AQ MB Elite",Premium,5,114.35,0.2242,88.712730,0.3380,58.7278272600
2017-09-01,2020,90002010,India,A1618150104,"AQ MB Elite",Premium,5,114.35,0.1832,93.401080,0.3380,61.8315149600
2017-09-01,2020,90002010,India,A1618150104,"AQ MB Elite",Premium,5,114.35,0.2076,90.610940,0.3380,59.9844422800
2017-09-01,2020,90002010,India,A1618150104,"AQ MB Elite",Premium,5,114.35,0.2259,88.518335,0.3380,58.5991377700
2017-09-01,2020,90002010,India,A1618150104,"AQ MB Elite",Premium,5,114.35,0.2714,83.315410,0.3380,55.1548014200
2017-09-01,2021,90002010,India,A1618150104,"AQ MB Elite",Premium,5,107.24,0.2242,83.196792,0.3380,55.0762763040
2017-09-01,2021,90002010,India,A1618150104,"AQ MB Elite",Premium,5,107.24,0.1832,87.593632,0.3380,57.9869843840
2017-09-01,2021,90002010,India,A1618150104,"AQ MB Elite",Premium,5,107.24,0.2076,84.976976,0.3380,56.2547581120
2017-09-01,2021,90002010,India,A1618150104,"AQ MB Elite",Premium,5,107.24,0.2259,83.014484,0.3380,54.9555884080
2017-09-01,2021,90002010,India,A1618150104,"AQ MB Elite",Premium,5,107.24,0.2714,78.135064,0.3380,51.7254123680
2017-09-01,2018,90002011,India,A1618150104,"AQ MB Elite",Premium,1,20.66,0.2902,14.664468,0.3018,10.2387315576
2017-09-01,2018,90002011,India,A1618150104,"AQ MB Elite",Premium,1,20.66,0.3077,14.302918,0.3018,9.9862973476
2017-09-01,2018,90002011,India,A1618150104,"AQ MB Elite",Premium,1,20.66,0.2656,15.172704,0.3018,10.5935819328
2017-09-01,2018,90002011,India,A1618150104,"AQ MB Elite",Premium,1,20.66,0.2793,14.889662,0.3018,10.3959620084
2017-09-01,2018,90002011,India,A1618150104,"AQ MB Elite",Premium,1,20.66,0.1945,16.641630,0.3018,11.6191860660
2017-09-01,2019,90002011,India,A1618150104,"AQ MB Elite",Premium,1,21.48,0.2902,15.246504,0.3018,10.6451090928
2017-09-01,2019,90002011,India,A1618150104,"AQ MB Elite",Premium,1,21.48,0.3077,14.870604,0.3018,10.3826557128
2017-09-01,2019,90002011,India,A1618150104,"AQ MB Elite",Premium,1,21.48,0.2656,15.774912,0.3018,11.0140435584
2017-09-01,2019,90002011,India,A1618150104,"AQ MB Elite",Premium,1,21.48,0.2793,15.480636,0.3018,10.8085800552
2017-09-01,2019,90002011,India,A1618150104,"AQ MB Elite",Premium,1,21.48,0.1945,17.302140,0.3018,12.0803541480
2017-09-01,2020,90002011,India,A1618150104,"AQ MB Elite",Premium,1,22.87,0.2902,16.233126,0.3018,11.3339685732
2017-09-01,2020,90002011,India,A1618150104,"AQ MB Elite",Premium,1,22.87,0.3077,15.832901,0.3018,11.0545314782
2017-09-01,2020,90002011,India,A1618150104,"AQ MB Elite",Premium,1,22.87,0.2656,16.795728,0.3018,11.7267772896
2017-09-01,2020,90002011,India,A1618150104,"AQ MB Elite",Premium,1,22.87,0.2793,16.482409,0.3018,11.5080179638
2017-09-01,2020,90002011,India,A1618150104,"AQ MB Elite",Premium,1,22.87,0.1945,18.421785,0.3018,12.8620902870
2017-09-01,2021,90002011,India,A1618150104,"AQ MB Elite",Premium,1,21.45,0.2902,15.225210,0.3018,10.6302416220
2017-09-01,2021,90002011,India,A1618150104,"AQ MB Elite",Premium,1,21.45,0.3077,14.849835,0.3018,10.3681547970
2017-09-01,2021,90002011,India,A1618150104,"AQ MB Elite",Premium,1,21.45,0.2656,15.752880,0.3018,10.9986608160
2017-09-01,2021,90002011,India,A1618150104,"AQ MB Elite",Premium,1,21.45,0.2793,15.459015,0.3018,10.7934842730
2017-09-01,2021,90002011,India,A1618150104,"AQ MB Elite",Premium,1,21.45,0.1945,17.277975,0.3018,12.0634821450
2017-09-01,2018,90002013,India,A1618150104,"AQ MB Elite",Premium,3,61.99,0.2644,45.599844,0.4220,26.3567098320
2017-09-01,2018,90002013,India,A1618150104,"AQ MB Elite",Premium,3,61.99,0.2436,46.889236,0.4220,27.1019784080
2017-09-01,2018,90002013,India,A1618150104,"AQ MB Elite",Premium,3,61.99,0.2885,44.105885,0.4220,25.4932015300
2017-09-01,2018,90002013,India,A1618150104,"AQ MB Elite",Premium,3,61.99,0.2253,48.023653,0.4220,27.7576714340
2017-09-01,2018,90002013,India,A1618150104,"AQ MB Elite",Premium,3,61.99,0.2022,49.455622,0.4220,28.5853495160
2017-09-01,2019,90002013,India,A1618150104,"AQ MB Elite",Premium,3,64.45,0.2644,47.409420,0.4220,27.4026447600
2017-09-01,2019,90002013,India,A1618150104,"AQ MB Elite",Premium,3,64.45,0.2436,48.749980,0.4220,28.1774884400
2017-09-01,2019,90002013,India,A1618150104,"AQ MB Elite",Premium,3,64.45,0.2885,45.856175,0.4220,26.5048691500
2017-09-01,2019,90002013,India,A1618150104,"AQ MB Elite",Premium,3,64.45,0.2253,49.929415,0.4220,28.8592018700
2017-09-01,2019,90002013,India,A1618150104,"AQ MB Elite",Premium,3,64.45,0.2022,51.418210,0.4220,29.7197253800
2017-09-01,2020,90002013,India,A1618150104,"AQ MB Elite",Premium,3,68.61,0.2644,50.469516,0.4220,29.1713802480
2017-09-01,2020,90002013,India,A1618150104,"AQ MB Elite",Premium,3,68.61,0.2436,51.896604,0.4220,29.9962371120
2017-09-01,2020,90002013,India,A1618150104,"AQ MB Elite",Premium,3,68.61,0.2885,48.816015,0.4220,28.2156566700
2017-09-01,2020,90002013,India,A1618150104,"AQ MB Elite",Premium,3,68.61,0.2253,53.152167,0.4220,30.7219525260
2017-09-01,2020,90002013,India,A1618150104,"AQ MB Elite",Premium,3,68.61,0.2022,54.737058,0.4220,31.6380195240
2017-09-01,2021,90002013,India,A1618150104,"AQ MB Elite",Premium,3,64.35,0.2644,47.335860,0.4220,27.3601270800
2017-09-01,2021,90002013,India,A1618150104,"AQ MB Elite",Premium,3,64.35,0.2436,48.674340,0.4220,28.1337685200
2017-09-01,2021,90002013,India,A1618150104,"AQ MB Elite",Premium,3,64.35,0.2885,45.785025,0.4220,26.4637444500
2017-09-01,2021,90002013,India,A1618150104,"AQ MB Elite",Premium,3,64.35,0.2253,49.851945,0.4220,28.8144242100
2017-09-01,2021,90002013,India,A1618150104,"AQ MB Elite",Premium,3,64.35,0.2022,51.338430,0.4220,29.6736125400
2017-09-01,2018,90002014,India,A1618150104,"AQ MB Elite",Premium,2,41.33,0.2971,29.050857,0.3478,18.9469689354
2017-09-01,2018,90002014,India,A1618150104,"AQ MB Elite",Premium,2,41.33,0.2704,30.154368,0.3478,19.6666788096
2017-09-01,2018,90002014,India,A1618150104,"AQ MB Elite",Premium,2,41.33,0.2654,30.361018,0.3478,19.8014559396
2017-09-01,2018,90002014,India,A1618150104,"AQ MB Elite",Premium,2,41.33,0.2057,32.828419,0.3478,21.4106948718
2017-09-01,2018,90002014,India,A1618150104,"AQ MB Elite",Premium,2,41.33,0.2648,30.385816,0.3478,19.8176291952
2017-09-01,2019,90002014,India,A1618150104,"AQ MB Elite",Premium,2,42.97,0.2971,30.203613,0.3478,19.6987963986
2017-09-01,2019,90002014,India,A1618150104,"AQ MB Elite",Premium,2,42.97,0.2704,31.350912,0.3478,20.4470648064
2017-09-01,2019,90002014,India,A1618150104,"AQ MB Elite",Premium,2,42.97,0.2654,31.565762,0.3478,20.5871899764
2017-09-01,2019,90002014,India,A1618150104,"AQ MB Elite",Premium,2,42.97,0.2057,34.131071,0.3478,22.2602845062
2017-09-01,2019,90002014,India,A1618150104,"AQ MB Elite",Premium,2,42.97,0.2648,31.591544,0.3478,20.6040049968
2017-09-01,2020,90002014,India,A1618150104,"AQ MB Elite",Premium,2,45.74,0.2971,32.150646,0.3478,20.9686513212
2017-09-01,2020,90002014,India,A1618150104,"AQ MB Elite",Premium,2,45.74,0.2704,33.371904,0.3478,21.7651557888
2017-09-01,2020,90002014,India,A1618150104,"AQ MB Elite",Premium,2,45.74,0.2654,33.600604,0.3478,21.9143139288
2017-09-01,2020,90002014,India,A1618150104,"AQ MB Elite",Premium,2,45.74,0.2057,36.331282,0.3478,23.6952621204
2017-09-01,2020,90002014,India,A1618150104,"AQ MB Elite",Premium,2,45.74,0.2648,33.628048,0.3478,21.9322129056
2017-09-01,2021,90002014,India,A1618150104,"AQ MB Elite",Premium,2,42.90,0.2971,30.154410,0.3478,19.6667062020
2017-09-01,2021,90002014,India,A1618150104,"AQ MB Elite",Premium,2,42.90,0.2704,31.299840,0.3478,20.4137556480
2017-09-01,2021,90002014,India,A1618150104,"AQ MB Elite",Premium,2,42.90,0.2654,31.514340,0.3478,20.5536525480
2017-09-01,2021,90002014,India,A1618150104,"AQ MB Elite",Premium,2,42.90,0.2057,34.075470,0.3478,22.2240215340
2017-09-01,2021,90002014,India,A1618150104,"AQ MB Elite",Premium,2,42.90,0.2648,31.540080,0.3478,20.5704401760
2017-09-01,2018,90002015,India,A1618150104,"AQ MB Elite",Premium,5,103.32,0.2860,73.770480,0.3090,50.9754016800
2017-09-01,2018,90002015,India,A1618150104,"AQ MB Elite",Premium,5,103.32,0.2504,77.448672,0.3090,53.5170323520
2017-09-01,2018,90002015,India,A1618150104,"AQ MB Elite",Premium,5,103.32,0.2227,80.310636,0.3090,55.4946494760
2017-09-01,2018,90002015,India,A1618150104,"AQ MB Elite",Premium,5,103.32,0.2004,82.614672,0.3090,57.0867383520
2017-09-01,2018,90002015,India,A1618150104,"AQ MB Elite",Premium,5,103.32,0.2156,81.044208,0.3090,56.0015477280
2017-09-01,2019,90002015,India,A1618150104,"AQ MB Elite",Premium,5,107.42,0.2860,76.697880,0.3090,52.9982350800
2017-09-01,2019,90002015,India,A1618150104,"AQ MB Elite",Premium,5,107.42,0.2504,80.522032,0.3090,55.6407241120
2017-09-01,2019,90002015,India,A1618150104,"AQ MB Elite",Premium,5,107.42,0.2227,83.497566,0.3090,57.6968181060
2017-09-01,2019,90002015,India,A1618150104,"AQ MB Elite",Premium,5,107.42,0.2004,85.893032,0.3090,59.3520851120
2017-09-01,2019,90002015,India,A1618150104,"AQ MB Elite",Premium,5,107.42,0.2156,84.260248,0.3090,58.2238313680
2017-09-01,2020,90002015,India,A1618150104,"AQ MB Elite",Premium,5,114.35,0.2860,81.645900,0.3090,56.4173169000
2017-09-01,2020,90002015,India,A1618150104,"AQ MB Elite",Premium,5,114.35,0.2504,85.716760,0.3090,59.2302811600
2017-09-01,2020,90002015,India,A1618150104,"AQ MB Elite",Premium,5,114.35,0.2227,88.884255,0.3090,61.4190202050
2017-09-01,2020,90002015,India,A1618150104,"AQ MB Elite",Premium,5,114.35,0.2004,91.434260,0.3090,63.1810736600
2017-09-01,2020,90002015,India,A1618150104,"AQ MB Elite",Premium,5,114.35,0.2156,89.696140,0.3090,61.9800327400
2017-09-01,2021,90002015,India,A1618150104,"AQ MB Elite",Premium,5,107.24,0.2860,76.569360,0.3090,52.9094277600
2017-09-01,2021,90002015,India,A1618150104,"AQ MB Elite",Premium,5,107.24,0.2504,80.387104,0.3090,55.5474888640
2017-09-01,2021,90002015,India,A1618150104,"AQ MB Elite",Premium,5,107.24,0.2227,83.357652,0.3090,57.6001375320
2017-09-01,2021,90002015,India,A1618150104,"AQ MB Elite",Premium,5,107.24,0.2004,85.749104,0.3090,59.2526308640
2017-09-01,2021,90002015,India,A1618150104,"AQ MB Elite",Premium,5,107.24,0.2156,84.119056,0.3090,58.1262676960
2017-09-01,2018,90007197,"South Korea",A1618150104,"AQ MB Elite",Premium,2,41.33,0.2031,32.935877,0.3697,20.7594832731
2017-09-01,2018,90007197,"South Korea",A1618150104,"AQ MB Elite",Premium,2,41.33,0.1903,33.464901,0.3697,21.0929271003
2017-09-01,2018,90007197,"South Korea",A1618150104,"AQ MB Elite",Premium,2,41.33,0.2182,32.311794,0.3697,20.3661237582
2017-09-01,2018,90007197,"South Korea",A1618150104,"AQ MB Elite",Premium,2,41.33,0.2009,33.026803,0.3697,20.8167939309
2017-09-01,2018,90007197,"South Korea",A1618150104,"AQ MB Elite",Premium,2,41.33,0.2989,28.976463,0.3697,18.2638646289
2017-09-01,2019,90007197,"South Korea",A1618150104,"AQ MB Elite",Premium,2,42.97,0.2031,34.242793,0.3697,21.5832324279
2017-09-01,2019,90007197,"South Korea",A1618150104,"AQ MB Elite",Premium,2,42.97,0.1903,34.792809,0.3697,21.9299075127
2017-09-01,2019,90007197,"South Korea",A1618150104,"AQ MB Elite",Premium,2,42.97,0.2182,33.593946,0.3697,21.1742641638
2017-09-01,2019,90007197,"South Korea",A1618150104,"AQ MB Elite",Premium,2,42.97,0.2009,34.337327,0.3697,21.6428172081
2017-09-01,2019,90007197,"South Korea",A1618150104,"AQ MB Elite",Premium,2,42.97,0.2989,30.126267,0.3697,18.9885860901
2017-09-01,2020,90007197,"South Korea",A1618150104,"AQ MB Elite",Premium,2,45.74,0.2031,36.450206,0.3697,22.9745648418
2017-09-01,2020,90007197,"South Korea",A1618150104,"AQ MB Elite",Premium,2,45.74,0.1903,37.035678,0.3697,23.3435878434
2017-09-01,2020,90007197,"South Korea",A1618150104,"AQ MB Elite",Premium,2,45.74,0.2182,35.759532,0.3697,22.5392330196
2017-09-01,2020,90007197,"South Korea",A1618150104,"AQ MB Elite",Premium,2,45.74,0.2009,36.550834,0.3697,23.0379906702
2017-09-01,2020,90007197,"South Korea",A1618150104,"AQ MB Elite",Premium,2,45.74,0.2989,32.068314,0.3697,20.2126583142
2017-09-01,2021,90007197,"South Korea",A1618150104,"AQ MB Elite",Premium,2,42.90,0.2031,34.187010,0.3697,21.5480724030
2017-09-01,2021,90007197,"South Korea",A1618150104,"AQ MB Elite",Premium,2,42.90,0.1903,34.736130,0.3697,21.8941827390
2017-09-01,2021,90007197,"South Korea",A1618150104,"AQ MB Elite",Premium,2,42.90,0.2182,33.539220,0.3697,21.1397703660
2017-09-01,2021,90007197,"South Korea",A1618150104,"AQ MB Elite",Premium,2,42.90,0.2009,34.281390,0.3697,21.6075601170
2017-09-01,2021,90007197,"South Korea",A1618150104,"AQ MB Elite",Premium,2,42.90,0.2989,30.077190,0.3697,18.9576528570
2017-09-01,2018,90008165,Australia,A1618150104,"AQ MB Elite",Premium,1,20.66,0.2849,14.773966,0.3885,9.0342802090
2017-09-01,2018,90008165,Australia,A1618150104,"AQ MB Elite",Premium,1,20.66,0.2483,15.530122,0.3885,9.4966696030
2017-09-01,2018,90008165,Australia,A1618150104,"AQ MB Elite",Premium,1,20.66,0.2609,15.269806,0.3885,9.3374863690
2017-09-01,2018,90008165,Australia,A1618150104,"AQ MB Elite",Premium,1,20.66,0.2136,16.247024,0.3885,9.9350551760
2017-09-01,2018,90008165,Australia,A1618150104,"AQ MB Elite",Premium,1,20.66,0.2728,15.023952,0.3885,9.1871466480
2017-09-01,2019,90008165,Australia,A1618150104,"AQ MB Elite",Premium,1,21.48,0.2849,15.360348,0.3885,9.3928528020
2017-09-01,2019,90008165,Australia,A1618150104,"AQ MB Elite",Premium,1,21.48,0.2483,16.146516,0.3885,9.8735945340
2017-09-01,2019,90008165,Australia,A1618150104,"AQ MB Elite",Premium,1,21.48,0.2609,15.875868,0.3885,9.7080932820
2017-09-01,2019,90008165,Australia,A1618150104,"AQ MB Elite",Premium,1,21.48,0.2136,16.891872,0.3885,10.3293797280
2017-09-01,2019,90008165,Australia,A1618150104,"AQ MB Elite",Premium,1,21.48,0.2728,15.620256,0.3885,9.5517865440
2017-09-01,2020,90008165,Australia,A1618150104,"AQ MB Elite",Premium,1,22.87,0.2849,16.354337,0.3885,10.0006770755
2017-09-01,2020,90008165,Australia,A1618150104,"AQ MB Elite",Premium,1,22.87,0.2483,17.191379,0.3885,10.5125282585
2017-09-01,2020,90008165,Australia,A1618150104,"AQ MB Elite",Premium,1,22.87,0.2609,16.903217,0.3885,10.3363171955
2017-09-01,2020,90008165,Australia,A1618150104,"AQ MB Elite",Premium,1,22.87,0.2136,17.984968,0.3885,10.9978079320
2017-09-01,2020,90008165,Australia,A1618150104,"AQ MB Elite",Premium,1,22.87,0.2728,16.631064,0.3885,10.1698956360
2017-09-01,2021,90008165,Australia,A1618150104,"AQ MB Elite",Premium,1,21.45,0.2849,15.338895,0.3885,9.3797342925
2017-09-01,2021,90008165,Australia,A1618150104,"AQ MB Elite",Premium,1,21.45,0.2483,16.123965,0.3885,9.8598045975
2017-09-01,2021,90008165,Australia,A1618150104,"AQ MB Elite",Premium,1,21.45,0.2609,15.853695,0.3885,9.6945344925
2017-09-01,2021,90008165,Australia,A1618150104,"AQ MB Elite",Premium,1,21.45,0.2136,16.868280,0.3885,10.3149532200
2017-09-01,2021,90008165,Australia,A1618150104,"AQ MB Elite",Premium,1,21.45,0.2728,15.598440,0.3885,9.5384460600
2017-09-01,2018,90008167,Australia,A1618150104,"AQ MB Elite",Premium,1,20.66,0.1947,16.637498,0.3497,10.8193649494
2017-09-01,2018,90008167,Australia,A1618150104,"AQ MB Elite",Premium,1,20.66,0.1859,16.819306,0.3497,10.9375946918
2017-09-01,2018,90008167,Australia,A1618150104,"AQ MB Elite",Premium,1,20.66,0.2971,14.521914,0.3497,9.4436006742
2017-09-01,2018,90008167,Australia,A1618150104,"AQ MB Elite",Premium,1,20.66,0.2339,15.827626,0.3497,10.2927051878
2017-09-01,2018,90008167,Australia,A1618150104,"AQ MB Elite",Premium,1,20.66,0.2406,15.689204,0.3497,10.2026893612
2017-09-01,2019,90008167,Australia,A1618150104,"AQ MB Elite",Premium,1,21.48,0.1947,17.297844,0.3497,11.2487879532
2017-09-01,2019,90008167,Australia,A1618150104,"AQ MB Elite",Premium,1,21.48,0.1859,17.486868,0.3497,11.3717102604
2017-09-01,2019,90008167,Australia,A1618150104,"AQ MB Elite",Premium,1,21.48,0.2971,15.098292,0.3497,9.8184192876
2017-09-01,2019,90008167,Australia,A1618150104,"AQ MB Elite",Premium,1,21.48,0.2339,16.455828,0.3497,10.7012249484
2017-09-01,2019,90008167,Australia,A1618150104,"AQ MB Elite",Premium,1,21.48,0.2406,16.311912,0.3497,10.6076363736
2017-09-01,2020,90008167,Australia,A1618150104,"AQ MB Elite",Premium,1,22.87,0.1947,18.417211,0.3497,11.9767123133
2017-09-01,2020,90008167,Australia,A1618150104,"AQ MB Elite",Premium,1,22.87,0.1859,18.618467,0.3497,12.1075890901
2017-09-01,2020,90008167,Australia,A1618150104,"AQ MB Elite",Premium,1,22.87,0.2971,16.075323,0.3497,10.4537825469
2017-09-01,2020,90008167,Australia,A1618150104,"AQ MB Elite",Premium,1,22.87,0.2339,17.520707,0.3497,11.3937157621
2017-09-01,2020,90008167,Australia,A1618150104,"AQ MB Elite",Premium,1,22.87,0.2406,17.367478,0.3497,11.2940709434
2017-09-01,2021,90008167,Australia,A1618150104,"AQ MB Elite",Premium,1,21.45,0.1947,17.273685,0.3497,11.2330773555
2017-09-01,2021,90008167,Australia,A1618150104,"AQ MB Elite",Premium,1,21.45,0.1859,17.462445,0.3497,11.3558279835
2017-09-01,2021,90008167,Australia,A1618150104,"AQ MB Elite",Premium,1,21.45,0.2971,15.077205,0.3497,9.8047064115
2017-09-01,2021,90008167,Australia,A1618150104,"AQ MB Elite",Premium,1,21.45,0.2339,16.432845,0.3497,10.6862791035
2017-09-01,2021,90008167,Australia,A1618150104,"AQ MB Elite",Premium,1,21.45,0.2406,16.289130,0.3497,10.5928212390
2017-09-01,2018,90011186,France,A1618150104,"AQ MB Elite",Premium,1,20.66,0.2091,16.339994,0.2654,12.0033595924
2017-09-01,2018,90011186,France,A1618150104,"AQ MB Elite",Premium,1,20.66,0.2740,14.999160,0.2654,11.0183829360
2017-09-01,2018,90011186,France,A1618150104,"AQ MB Elite",Premium,1,20.66,0.2906,14.656204,0.2654,10.7664474584
2017-09-01,2018,90011186,France,A1618150104,"AQ MB Elite",Premium,1,20.66,0.2401,15.699534,0.2654,11.5328776764
2017-09-01,2018,90011186,France,A1618150104,"AQ MB Elite",Premium,1,20.66,0.2887,14.695458,0.2654,10.7952834468
2017-09-01,2019,90011186,France,A1618150104,"AQ MB Elite",Premium,1,21.48,0.2091,16.988532,0.2654,12.4797756072
2017-09-01,2019,90011186,France,A1618150104,"AQ MB Elite",Premium,1,21.48,0.2740,15.594480,0.2654,11.4557050080
2017-09-01,2019,90011186,France,A1618150104,"AQ MB Elite",Premium,1,21.48,0.2906,15.237912,0.2654,11.1937701552
2017-09-01,2019,90011186,France,A1618150104,"AQ MB Elite",Premium,1,21.48,0.2401,16.322652,0.2654,11.9906201592
2017-09-01,2019,90011186,France,A1618150104,"AQ MB Elite",Premium,1,21.48,0.2887,15.278724,0.2654,11.2237506504
2017-09-01,2020,90011186,France,A1618150104,"AQ MB Elite",Premium,1,22.87,0.2091,18.087883,0.2654,13.2873588518
2017-09-01,2020,90011186,France,A1618150104,"AQ MB Elite",Premium,1,22.87,0.2740,16.603620,0.2654,12.1970192520
2017-09-01,2020,90011186,France,A1618150104,"AQ MB Elite",Premium,1,22.87,0.2906,16.223978,0.2654,11.9181342388
2017-09-01,2020,90011186,France,A1618150104,"AQ MB Elite",Premium,1,22.87,0.2401,17.378913,0.2654,12.7665494898
2017-09-01,2020,90011186,France,A1618150104,"AQ MB Elite",Premium,1,22.87,0.2887,16.267431,0.2654,11.9500548126
2017-09-01,2021,90011186,France,A1618150104,"AQ MB Elite",Premium,1,21.45,0.2091,16.964805,0.2654,12.4623457530
2017-09-01,2021,90011186,France,A1618150104,"AQ MB Elite",Premium,1,21.45,0.2740,15.572700,0.2654,11.4397054200
2017-09-01,2021,90011186,France,A1618150104,"AQ MB Elite",Premium,1,21.45,0.2906,15.216630,0.2654,11.1781363980
2017-09-01,2021,90011186,France,A1618150104,"AQ MB Elite",Premium,1,21.45,0.2401,16.299855,0.2654,11.9738734830
2017-09-01,2021,90011186,France,A1618150104,"AQ MB Elite",Premium,1,21.45,0.2887,15.257385,0.2654,11.2080750210
2017-09-01,2018,90011190,France,A1618150104,"AQ MB Elite",Premium,1,20.66,0.2717,15.046678,0.3139,10.3235257758
2017-09-01,2018,90011190,France,A1618150104,"AQ MB Elite",Premium,1,20.66,0.3038,14.383492,0.3139,9.8685138612
2017-09-01,2018,90011190,France,A1618150104,"AQ MB Elite",Premium,1,20.66,0.1928,16.676752,0.3139,11.4419195472
2017-09-01,2018,90011190,France,A1618150104,"AQ MB Elite",Premium,1,20.66,0.1829,16.881286,0.3139,11.5822503246
2017-09-01,2018,90011190,France,A1618150104,"AQ MB Elite",Premium,1,20.66,0.2799,14.877266,0.3139,10.2072922026
2017-09-01,2019,90011190,France,A1618150104,"AQ MB Elite",Premium,1,21.48,0.2717,15.643884,0.3139,10.7332688124
2017-09-01,2019,90011190,France,A1618150104,"AQ MB Elite",Premium,1,21.48,0.3038,14.954376,0.3139,10.2601973736
2017-09-01,2019,90011190,France,A1618150104,"AQ MB Elite",Premium,1,21.48,0.1928,17.338656,0.3139,11.8960518816
2017-09-01,2019,90011190,France,A1618150104,"AQ MB Elite",Premium,1,21.48,0.1829,17.551308,0.3139,12.0419524188
2017-09-01,2019,90011190,France,A1618150104,"AQ MB Elite",Premium,1,21.48,0.2799,15.467748,0.3139,10.6124219028
2017-09-01,2020,90011190,France,A1618150104,"AQ MB Elite",Premium,1,22.87,0.2717,16.656221,0.3139,11.4278332281
2017-09-01,2020,90011190,France,A1618150104,"AQ MB Elite",Premium,1,22.87,0.3038,15.922094,0.3139,10.9241486934
2017-09-01,2020,90011190,France,A1618150104,"AQ MB Elite",Premium,1,22.87,0.1928,18.460664,0.3139,12.6658615704
2017-09-01,2020,90011190,France,A1618150104,"AQ MB Elite",Premium,1,22.87,0.1829,18.687077,0.3139,12.8212035297
2017-09-01,2020,90011190,France,A1618150104,"AQ MB Elite",Premium,1,22.87,0.2799,16.468687,0.3139,11.2991661507
2017-09-01,2021,90011190,France,A1618150104,"AQ MB Elite",Premium,1,21.45,0.2717,15.622035,0.3139,10.7182782135
2017-09-01,2021,90011190,France,A1618150104,"AQ MB Elite",Premium,1,21.45,0.3038,14.933490,0.3139,10.2458674890
2017-09-01,2021,90011190,France,A1618150104,"AQ MB Elite",Premium,1,21.45,0.1928,17.314440,0.3139,11.8794372840
2017-09-01,2021,90011190,France,A1618150104,"AQ MB Elite",Premium,1,21.45,0.1829,17.526795,0.3139,12.0251340495
2017-09-01,2021,90011190,France,A1618150104,"AQ MB Elite",Premium,1,21.45,0.2799,15.446145,0.3139,10.5976000845
2017-09-01,2018,90022071,USA,A1618150104,"AQ MB Elite",Premium,2,41.33,0.1906,33.452502,0.2438,25.2967820124
2017-09-01,2018,90022071,USA,A1618150104,"AQ MB Elite",Premium,2,41.33,0.2734,30.030378,0.2438,22.7089718436
2017-09-01,2018,90022071,USA,A1618150104,"AQ MB Elite",Premium,2,41.33,0.2674,30.278358,0.2438,22.8964943196
2017-09-01,2018,90022071,USA,A1618150104,"AQ MB Elite",Premium,2,41.33,0.2257,32.001819,0.2438,24.1997755278
2017-09-01,2018,90022071,USA,A1618150104,"AQ MB Elite",Premium,2,41.33,0.1944,33.295448,0.2438,25.1780177776
2017-09-01,2019,90022071,USA,A1618150104,"AQ MB Elite",Premium,2,42.97,0.1906,34.779918,0.2438,26.3005739916
2017-09-01,2019,90022071,USA,A1618150104,"AQ MB Elite",Premium,2,42.97,0.2734,31.222002,0.2438,23.6100779124
2017-09-01,2019,90022071,USA,A1618150104,"AQ MB Elite",Premium,2,42.97,0.2674,31.479822,0.2438,23.8050413964
2017-09-01,2019,90022071,USA,A1618150104,"AQ MB Elite",Premium,2,42.97,0.2257,33.271671,0.2438,25.1600376102
2017-09-01,2019,90022071,USA,A1618150104,"AQ MB Elite",Premium,2,42.97,0.1944,34.616632,0.2438,26.1770971184
2017-09-01,2020,90022071,USA,A1618150104,"AQ MB Elite",Premium,2,45.74,0.1906,37.021956,0.2438,27.9960031272
2017-09-01,2020,90022071,USA,A1618150104,"AQ MB Elite",Premium,2,45.74,0.2734,33.234684,0.2438,25.1320680408
2017-09-01,2020,90022071,USA,A1618150104,"AQ MB Elite",Premium,2,45.74,0.2674,33.509124,0.2438,25.3395995688
2017-09-01,2020,90022071,USA,A1618150104,"AQ MB Elite",Premium,2,45.74,0.2257,35.416482,0.2438,26.7819436884
2017-09-01,2020,90022071,USA,A1618150104,"AQ MB Elite",Premium,2,45.74,0.1944,36.848144,0.2438,27.8645664928
2017-09-01,2021,90022071,USA,A1618150104,"AQ MB Elite",Premium,2,42.90,0.1906,34.723260,0.2438,26.2577292120
2017-09-01,2021,90022071,USA,A1618150104,"AQ MB Elite",Premium,2,42.90,0.2734,31.171140,0.2438,23.5716160680
2017-09-01,2021,90022071,USA,A1618150104,"AQ MB Elite",Premium,2,42.90,0.2674,31.428540,0.2438,23.7662619480
2017-09-01,2021,90022071,USA,A1618150104,"AQ MB Elite",Premium,2,42.90,0.2257,33.217470,0.2438,25.1190508140
2017-09-01,2021,90022071,USA,A1618150104,"AQ MB Elite",Premium,2,42.90,0.1944,34.560240,0.2438,26.1344534880
2017-09-01,2018,90022074,USA,A1618150104,"AQ MB Elite",Premium,1,20.66,0.2709,15.063206,0.2291,11.6122255054
2017-09-01,2018,90022074,USA,A1618150104,"AQ MB Elite",Premium,1,20.66,0.2914,14.639676,0.2291,11.2857262284
2017-09-01,2018,90022074,USA,A1618150104,"AQ MB Elite",Premium,1,20.66,0.2051,16.422634,0.2291,12.6602085506
2017-09-01,2018,90022074,USA,A1618150104,"AQ MB Elite",Premium,1,20.66,0.2408,15.685072,0.2291,12.0916220048
2017-09-01,2018,90022074,USA,A1618150104,"AQ MB Elite",Premium,1,20.66,0.2290,15.928860,0.2291,12.2795581740
2017-09-01,2019,90022074,USA,A1618150104,"AQ MB Elite",Premium,1,21.48,0.2709,15.661068,0.2291,12.0731173212
2017-09-01,2019,90022074,USA,A1618150104,"AQ MB Elite",Premium,1,21.48,0.2914,15.220728,0.2291,11.7336592152
2017-09-01,2019,90022074,USA,A1618150104,"AQ MB Elite",Premium,1,21.48,0.2051,17.074452,0.2291,13.1626950468
2017-09-01,2019,90022074,USA,A1618150104,"AQ MB Elite",Premium,1,21.48,0.2408,16.307616,0.2291,12.5715411744
2017-09-01,2019,90022074,USA,A1618150104,"AQ MB Elite",Premium,1,21.48,0.2290,16.561080,0.2291,12.7669365720
2017-09-01,2020,90022074,USA,A1618150104,"AQ MB Elite",Premium,1,22.87,0.2709,16.674517,0.2291,12.8543851553
2017-09-01,2020,90022074,USA,A1618150104,"AQ MB Elite",Premium,1,22.87,0.2914,16.205682,0.2291,12.4929602538
2017-09-01,2020,90022074,USA,A1618150104,"AQ MB Elite",Premium,1,22.87,0.2051,18.179363,0.2291,14.0144709367
2017-09-01,2020,90022074,USA,A1618150104,"AQ MB Elite",Premium,1,22.87,0.2408,17.362904,0.2291,13.3850626936
2017-09-01,2020,90022074,USA,A1618150104,"AQ MB Elite",Premium,1,22.87,0.2290,17.632770,0.2291,13.5931023930
2017-09-01,2021,90022074,USA,A1618150104,"AQ MB Elite",Premium,1,21.45,0.2709,15.639195,0.2291,12.0562554255
2017-09-01,2021,90022074,USA,A1618150104,"AQ MB Elite",Premium,1,21.45,0.2914,15.199470,0.2291,11.7172714230
2017-09-01,2021,90022074,USA,A1618150104,"AQ MB Elite",Premium,1,21.45,0.2051,17.050605,0.2291,13.1443113945
2017-09-01,2021,90022074,USA,A1618150104,"AQ MB Elite",Premium,1,21.45,0.2408,16.284840,0.2291,12.5539831560
2017-09-01,2021,90022074,USA,A1618150104,"AQ MB Elite",Premium,1,21.45,0.2290,16.537950,0.2291,12.7491056550
2017-09-01,2018,90022075,USA,A1618150104,"AQ MB Elite",Premium,2,41.33,0.2553,30.778451,0.3004,21.5326043196
2017-09-01,2018,90022075,USA,A1618150104,"AQ MB Elite",Premium,2,41.33,0.2563,30.737121,0.3004,21.5036898516
2017-09-01,2018,90022075,USA,A1618150104,"AQ MB Elite",Premium,2,41.33,0.2293,31.853031,0.3004,22.2843804876
2017-09-01,2018,90022075,USA,A1618150104,"AQ MB Elite",Premium,2,41.33,0.2375,31.514125,0.3004,22.0472818500
2017-09-01,2018,90022075,USA,A1618150104,"AQ MB Elite",Premium,2,41.33,0.2158,32.410986,0.3004,22.6747258056
2017-09-01,2019,90022075,USA,A1618150104,"AQ MB Elite",Premium,2,42.97,0.2553,31.999759,0.3004,22.3870313964
2017-09-01,2019,90022075,USA,A1618150104,"AQ MB Elite",Premium,2,42.97,0.2563,31.956789,0.3004,22.3569695844
2017-09-01,2019,90022075,USA,A1618150104,"AQ MB Elite",Premium,2,42.97,0.2293,33.116979,0.3004,23.1686385084
2017-09-01,2019,90022075,USA,A1618150104,"AQ MB Elite",Premium,2,42.97,0.2375,32.764625,0.3004,22.9221316500
2017-09-01,2019,90022075,USA,A1618150104,"AQ MB Elite",Premium,2,42.97,0.2158,33.697074,0.3004,23.5744729704
2017-09-01,2020,90022075,USA,A1618150104,"AQ MB Elite",Premium,2,45.74,0.2553,34.062578,0.3004,23.8301795688
2017-09-01,2020,90022075,USA,A1618150104,"AQ MB Elite",Premium,2,45.74,0.2563,34.016838,0.3004,23.7981798648
2017-09-01,2020,90022075,USA,A1618150104,"AQ MB Elite",Premium,2,45.74,0.2293,35.251818,0.3004,24.6621718728
2017-09-01,2020,90022075,USA,A1618150104,"AQ MB Elite",Premium,2,45.74,0.2375,34.876750,0.3004,24.3997743000
2017-09-01,2020,90022075,USA,A1618150104,"AQ MB Elite",Premium,2,45.74,0.2158,35.869308,0.3004,25.0941678768
2017-09-01,2021,90022075,USA,A1618150104,"AQ MB Elite",Premium,2,42.90,0.2553,31.947630,0.3004,22.3505619480
2017-09-01,2021,90022075,USA,A1618150104,"AQ MB Elite",Premium,2,42.90,0.2563,31.904730,0.3004,22.3205491080
2017-09-01,2021,90022075,USA,A1618150104,"AQ MB Elite",Premium,2,42.90,0.2293,33.063030,0.3004,23.1308957880
2017-09-01,2021,90022075,USA,A1618150104,"AQ MB Elite",Premium,2,42.90,0.2375,32.711250,0.3004,22.8847905000
2017-09-01,2021,90022075,USA,A1618150104,"AQ MB Elite",Premium,2,42.90,0.2158,33.642180,0.3004,23.5360691280
2017-09-01,2018,90022078,USA,A1618150104,"AQ MB Elite",Premium,2,41.33,0.2882,29.418694,0.2766,21.2814832396
2017-09-01,2018,90022078,USA,A1618150104,"AQ MB Elite",Premium,2,41.33,0.2872,29.460024,0.2766,21.3113813616
2017-09-01,2018,90022078,USA,A1618150104,"AQ MB Elite",Premium,2,41.33,0.2358,31.584386,0.2766,22.8481448324
2017-09-01,2018,90022078,USA,A1618150104,"AQ MB Elite",Premium,2,41.33,0.2162,32.394454,0.2766,23.4341480236
2017-09-01,2018,90022078,USA,A1618150104,"AQ MB Elite",Premium,2,41.33,0.3067,28.654089,0.2766,20.7283679826
2017-09-01,2019,90022078,USA,A1618150104,"AQ MB Elite",Premium,2,42.97,0.2882,30.586046,0.2766,22.1259456764
2017-09-01,2019,90022078,USA,A1618150104,"AQ MB Elite",Premium,2,42.97,0.2872,30.629016,0.2766,22.1570301744
2017-09-01,2019,90022078,USA,A1618150104,"AQ MB Elite",Premium,2,42.97,0.2358,32.837674,0.2766,23.7547733716
2017-09-01,2019,90022078,USA,A1618150104,"AQ MB Elite",Premium,2,42.97,0.2162,33.679886,0.2766,24.3640295324
2017-09-01,2019,90022078,USA,A1618150104,"AQ MB Elite",Premium,2,42.97,0.3067,29.791101,0.2766,21.5508824634
2017-09-01,2020,90022078,USA,A1618150104,"AQ MB Elite",Premium,2,45.74,0.2882,32.557732,0.2766,23.5522633288
2017-09-01,2020,90022078,USA,A1618150104,"AQ MB Elite",Premium,2,45.74,0.2872,32.603472,0.2766,23.5853516448
2017-09-01,2020,90022078,USA,A1618150104,"AQ MB Elite",Premium,2,45.74,0.2358,34.954508,0.2766,25.2860910872
2017-09-01,2020,90022078,USA,A1618150104,"AQ MB Elite",Premium,2,45.74,0.2162,35.851012,0.2766,25.9346220808
2017-09-01,2020,90022078,USA,A1618150104,"AQ MB Elite",Premium,2,45.74,0.3067,31.711542,0.2766,22.9401294828
2017-09-01,2021,90022078,USA,A1618150104,"AQ MB Elite",Premium,2,42.90,0.2882,30.536220,0.2766,22.0899015480
2017-09-01,2021,90022078,USA,A1618150104,"AQ MB Elite",Premium,2,42.90,0.2872,30.579120,0.2766,22.1209354080
2017-09-01,2021,90022078,USA,A1618150104,"AQ MB Elite",Premium,2,42.90,0.2358,32.784180,0.2766,23.7160758120
2017-09-01,2021,90022078,USA,A1618150104,"AQ MB Elite",Premium,2,42.90,0.2162,33.625020,0.2766,24.3243394680
2017-09-01,2021,90022078,USA,A1618150104,"AQ MB Elite",Premium,2,42.90,0.3067,29.742570,0.2766,21.5157751380
2017-09-01,2018,90022081,USA,A1618150104,"AQ MB Elite",Premium,1,20.66,0.2957,14.550838,0.3077,10.0735451474
2017-09-01,2018,90022081,USA,A1618150104,"AQ MB Elite",Premium,1,20.66,0.2483,15.530122,0.3077,10.7515034606
2017-09-01,2018,90022081,USA,A1618150104,"AQ MB Elite",Premium,1,20.66,0.2112,16.296608,0.3077,11.2821417184
2017-09-01,2018,90022081,USA,A1618150104,"AQ MB Elite",Premium,1,20.66,0.2902,14.664468,0.3077,10.1522111964
2017-09-01,2018,90022081,USA,A1618150104,"AQ MB Elite",Premium,1,20.66,0.2330,15.846220,0.3077,10.9703381060
2017-09-01,2019,90022081,USA,A1618150104,"AQ MB Elite",Premium,1,21.48,0.2957,15.128364,0.3077,10.4733663972
2017-09-01,2019,90022081,USA,A1618150104,"AQ MB Elite",Premium,1,21.48,0.2483,16.146516,0.3077,11.1782330268
2017-09-01,2019,90022081,USA,A1618150104,"AQ MB Elite",Premium,1,21.48,0.2112,16.943424,0.3077,11.7299324352
2017-09-01,2019,90022081,USA,A1618150104,"AQ MB Elite",Premium,1,21.48,0.2902,15.246504,0.3077,10.5551547192
2017-09-01,2019,90022081,USA,A1618150104,"AQ MB Elite",Premium,1,21.48,0.2330,16.475160,0.3077,11.4057532680
2017-09-01,2020,90022081,USA,A1618150104,"AQ MB Elite",Premium,1,22.87,0.2957,16.107341,0.3077,11.1511121743
2017-09-01,2020,90022081,USA,A1618150104,"AQ MB Elite",Premium,1,22.87,0.2483,17.191379,0.3077,11.9015916817
2017-09-01,2020,90022081,USA,A1618150104,"AQ MB Elite",Premium,1,22.87,0.2112,18.039856,0.3077,12.4889923088
2017-09-01,2020,90022081,USA,A1618150104,"AQ MB Elite",Premium,1,22.87,0.2902,16.233126,0.3077,11.2381931298
2017-09-01,2020,90022081,USA,A1618150104,"AQ MB Elite",Premium,1,22.87,0.2330,17.541290,0.3077,12.1438350670
2017-09-01,2021,90022081,USA,A1618150104,"AQ MB Elite",Premium,1,21.45,0.2957,15.107235,0.3077,10.4587387905
2017-09-01,2021,90022081,USA,A1618150104,"AQ MB Elite",Premium,1,21.45,0.2483,16.123965,0.3077,11.1626209695
2017-09-01,2021,90022081,USA,A1618150104,"AQ MB Elite",Premium,1,21.45,0.2112,16.919760,0.3077,11.7135498480
2017-09-01,2021,90022081,USA,A1618150104,"AQ MB Elite",Premium,1,21.45,0.2902,15.225210,0.3077,10.5404128830
2017-09-01,2021,90022081,USA,A1618150104,"AQ MB Elite",Premium,1,21.45,0.2330,16.452150,0.3077,11.3898234450
2017-09-01,2018,90022082,USA,A1618150104,"AQ MB Elite",Premium,1,20.66,0.2954,14.557036,0.2670,10.6703073880
2017-09-01,2018,90022082,USA,A1618150104,"AQ MB Elite",Premium,1,20.66,0.2639,15.207826,0.2670,11.1473364580
2017-09-01,2018,90022082,USA,A1618150104,"AQ MB Elite",Premium,1,20.66,0.2478,15.540452,0.2670,11.3911513160
2017-09-01,2018,90022082,USA,A1618150104,"AQ MB Elite",Premium,1,20.66,0.2128,16.263552,0.2670,11.9211836160
2017-09-01,2018,90022082,USA,A1618150104,"AQ MB Elite",Premium,1,20.66,0.2221,16.071414,0.2670,11.7803464620
2017-09-01,2019,90022082,USA,A1618150104,"AQ MB Elite",Premium,1,21.48,0.2954,15.134808,0.2670,11.0938142640
2017-09-01,2019,90022082,USA,A1618150104,"AQ MB Elite",Premium,1,21.48,0.2639,15.811428,0.2670,11.5897767240
2017-09-01,2019,90022082,USA,A1618150104,"AQ MB Elite",Premium,1,21.48,0.2478,16.157256,0.2670,11.8432686480
2017-09-01,2019,90022082,USA,A1618150104,"AQ MB Elite",Premium,1,21.48,0.2128,16.909056,0.2670,12.3943380480
2017-09-01,2019,90022082,USA,A1618150104,"AQ MB Elite",Premium,1,21.48,0.2221,16.709292,0.2670,12.2479110360
2017-09-01,2020,90022082,USA,A1618150104,"AQ MB Elite",Premium,1,22.87,0.2954,16.114202,0.2670,11.8117100660
2017-09-01,2020,90022082,USA,A1618150104,"AQ MB Elite",Premium,1,22.87,0.2639,16.834607,0.2670,12.3397669310
2017-09-01,2020,90022082,USA,A1618150104,"AQ MB Elite",Premium,1,22.87,0.2478,17.202814,0.2670,12.6096626620
2017-09-01,2020,90022082,USA,A1618150104,"AQ MB Elite",Premium,1,22.87,0.2128,18.003264,0.2670,13.1963925120
2017-09-01,2020,90022082,USA,A1618150104,"AQ MB Elite",Premium,1,22.87,0.2221,17.790573,0.2670,13.0404900090
2017-09-01,2021,90022082,USA,A1618150104,"AQ MB Elite",Premium,1,21.45,0.2954,15.113670,0.2670,11.0783201100
2017-09-01,2021,90022082,USA,A1618150104,"AQ MB Elite",Premium,1,21.45,0.2639,15.789345,0.2670,11.5735898850
2017-09-01,2021,90022082,USA,A1618150104,"AQ MB Elite",Premium,1,21.45,0.2478,16.134690,0.2670,11.8267277700
2017-09-01,2021,90022082,USA,A1618150104,"AQ MB Elite",Premium,1,21.45,0.2128,16.885440,0.2670,12.3770275200
2017-09-01,2021,90022082,USA,A1618150104,"AQ MB Elite",Premium,1,21.45,0.2221,16.685955,0.2670,12.2308050150
2017-09-01,2018,90022083,USA,A1618150104,"AQ MB Elite",Premium,1,20.66,0.2551,15.389634,0.3160,10.5265096560
2017-09-01,2018,90022083,USA,A1618150104,"AQ MB Elite",Premium,1,20.66,0.1988,16.552792,0.3160,11.3221097280
2017-09-01,2018,90022083,USA,A1618150104,"AQ MB Elite",Premium,1,20.66,0.2734,15.011556,0.3160,10.2679043040
2017-09-01,2018,90022083,USA,A1618150104,"AQ MB Elite",Premium,1,20.66,0.1927,16.678818,0.3160,11.4083115120
2017-09-01,2018,90022083,USA,A1618150104,"AQ MB Elite",Premium,1,20.66,0.2906,14.656204,0.3160,10.0248435360
2017-09-01,2019,90022083,USA,A1618150104,"AQ MB Elite",Premium,1,21.48,0.2551,16.000452,0.3160,10.9443091680
2017-09-01,2019,90022083,USA,A1618150104,"AQ MB Elite",Premium,1,21.48,0.1988,17.209776,0.3160,11.7714867840
2017-09-01,2019,90022083,USA,A1618150104,"AQ MB Elite",Premium,1,21.48,0.2734,15.607368,0.3160,10.6754397120
2017-09-01,2019,90022083,USA,A1618150104,"AQ MB Elite",Premium,1,21.48,0.1927,17.340804,0.3160,11.8611099360
2017-09-01,2019,90022083,USA,A1618150104,"AQ MB Elite",Premium,1,21.48,0.2906,15.237912,0.3160,10.4227318080
2017-09-01,2020,90022083,USA,A1618150104,"AQ MB Elite",Premium,1,22.87,0.2551,17.035863,0.3160,11.6525302920
2017-09-01,2020,90022083,USA,A1618150104,"AQ MB Elite",Premium,1,22.87,0.1988,18.323444,0.3160,12.5332356960
2017-09-01,2020,90022083,USA,A1618150104,"AQ MB Elite",Premium,1,22.87,0.2734,16.617342,0.3160,11.3662619280
2017-09-01,2020,90022083,USA,A1618150104,"AQ MB Elite",Premium,1,22.87,0.1927,18.462951,0.3160,12.6286584840
2017-09-01,2020,90022083,USA,A1618150104,"AQ MB Elite",Premium,1,22.87,0.2906,16.223978,0.3160,11.0972009520
2017-09-01,2021,90022083,USA,A1618150104,"AQ MB Elite",Premium,1,21.45,0.2551,15.978105,0.3160,10.9290238200
2017-09-01,2021,90022083,USA,A1618150104,"AQ MB Elite",Premium,1,21.45,0.1988,17.185740,0.3160,11.7550461600
2017-09-01,2021,90022083,USA,A1618150104,"AQ MB Elite",Premium,1,21.45,0.2734,15.585570,0.3160,10.6605298800
2017-09-01,2021,90022083,USA,A1618150104,"AQ MB Elite",Premium,1,21.45,0.1927,17.316585,0.3160,11.8445441400
2017-09-01,2021,90022083,USA,A1618150104,"AQ MB Elite",Premium,1,21.45,0.2906,15.216630,0.3160,10.4081749200
2017-09-01,2018,90023023,Canada,A1618150104,"AQ MB Elite",Premium,1,20.66,0.2764,14.949576,0.3188,10.1836511712
2017-09-01,2018,90023023,Canada,A1618150104,"AQ MB Elite",Premium,1,20.66,0.1852,16.833768,0.3188,11.4671627616
2017-09-01,2018,90023023,Canada,A1618150104,"AQ MB Elite",Premium,1,20.66,0.2292,15.924728,0.3188,10.8479247136
2017-09-01,2018,90023023,Canada,A1618150104,"AQ MB Elite",Premium,1,20.66,0.2652,15.180968,0.3188,10.3412754016
2017-09-01,2018,90023023,Canada,A1618150104,"AQ MB Elite",Premium,1,20.66,0.2562,15.366908,0.3188,10.4679377296
2017-09-01,2019,90023023,Canada,A1618150104,"AQ MB Elite",Premium,1,21.48,0.2764,15.542928,0.3188,10.5878425536
2017-09-01,2019,90023023,Canada,A1618150104,"AQ MB Elite",Premium,1,21.48,0.1852,17.501904,0.3188,11.9222970048
2017-09-01,2019,90023023,Canada,A1618150104,"AQ MB Elite",Premium,1,21.48,0.2292,16.556784,0.3188,11.2784812608
2017-09-01,2019,90023023,Canada,A1618150104,"AQ MB Elite",Premium,1,21.48,0.2652,15.783504,0.3188,10.7517229248
2017-09-01,2019,90023023,Canada,A1618150104,"AQ MB Elite",Premium,1,21.48,0.2562,15.976824,0.3188,10.8834125088
2017-09-01,2020,90023023,Canada,A1618150104,"AQ MB Elite",Premium,1,22.87,0.2764,16.548732,0.3188,11.2729962384
2017-09-01,2020,90023023,Canada,A1618150104,"AQ MB Elite",Premium,1,22.87,0.1852,18.634476,0.3188,12.6938050512
2017-09-01,2020,90023023,Canada,A1618150104,"AQ MB Elite",Premium,1,22.87,0.2292,17.628196,0.3188,12.0083271152
2017-09-01,2020,90023023,Canada,A1618150104,"AQ MB Elite",Premium,1,22.87,0.2652,16.804876,0.3188,11.4474815312
2017-09-01,2020,90023023,Canada,A1618150104,"AQ MB Elite",Premium,1,22.87,0.2562,17.010706,0.3188,11.5876929272
2017-09-01,2021,90023023,Canada,A1618150104,"AQ MB Elite",Premium,1,21.45,0.2764,15.521220,0.3188,10.5730550640
2017-09-01,2021,90023023,Canada,A1618150104,"AQ MB Elite",Premium,1,21.45,0.1852,17.477460,0.3188,11.9056457520
2017-09-01,2021,90023023,Canada,A1618150104,"AQ MB Elite",Premium,1,21.45,0.2292,16.533660,0.3188,11.2627291920
2017-09-01,2021,90023023,Canada,A1618150104,"AQ MB Elite",Premium,1,21.45,0.2652,15.761460,0.3188,10.7367065520
2017-09-01,2021,90023023,Canada,A1618150104,"AQ MB Elite",Premium,1,21.45,0.2562,15.954510,0.3188,10.8682122120
2017-09-01,2018,70002017,India,A1718150201,"AQ MB Crossx",Standard,5,109.11,0.0824,100.119336,0.3228,67.8008143392
2017-09-01,2018,70002017,India,A1718150201,"AQ MB Crossx",Standard,5,109.11,0.0777,100.632153,0.3228,68.1480940116
2017-09-01,2018,70002017,India,A1718150201,"AQ MB Crossx",Standard,5,109.11,0.0735,101.090415,0.3228,68.4584290380
2017-09-01,2018,70002017,India,A1718150201,"AQ MB Crossx",Standard,5,109.11,0.0703,101.439567,0.3228,68.6948747724
2017-09-01,2018,70002017,India,A1718150201,"AQ MB Crossx",Standard,5,109.11,0.1057,97.577073,0.3228,66.0791938356
2017-09-01,2019,70002017,India,A1718150201,"AQ MB Crossx",Standard,5,99.24,0.0824,91.062624,0.3228,61.6676089728
2017-09-01,2019,70002017,India,A1718150201,"AQ MB Crossx",Standard,5,99.24,0.0777,91.529052,0.3228,61.9834740144
2017-09-01,2019,70002017,India,A1718150201,"AQ MB Crossx",Standard,5,99.24,0.0735,91.945860,0.3228,62.2657363920
2017-09-01,2019,70002017,India,A1718150201,"AQ MB Crossx",Standard,5,99.24,0.0703,92.263428,0.3228,62.4807934416
2017-09-01,2019,70002017,India,A1718150201,"AQ MB Crossx",Standard,5,99.24,0.1057,88.750332,0.3228,60.1017248304
2017-09-01,2020,70002017,India,A1718150201,"AQ MB Crossx",Standard,5,110.62,0.0824,101.504912,0.3228,68.7391264064
2017-09-01,2020,70002017,India,A1718150201,"AQ MB Crossx",Standard,5,110.62,0.0777,102.024826,0.3228,69.0912121672
2017-09-01,2020,70002017,India,A1718150201,"AQ MB Crossx",Standard,5,110.62,0.0735,102.489430,0.3228,69.4058419960
2017-09-01,2020,70002017,India,A1718150201,"AQ MB Crossx",Standard,5,110.62,0.0703,102.843414,0.3228,69.6455599608
2017-09-01,2020,70002017,India,A1718150201,"AQ MB Crossx",Standard,5,110.62,0.1057,98.927466,0.3228,66.9936799752
2017-09-01,2021,70002017,India,A1718150201,"AQ MB Crossx",Standard,5,109.44,0.0824,100.422144,0.3228,68.0058759168
2017-09-01,2021,70002017,India,A1718150201,"AQ MB Crossx",Standard,5,109.44,0.0777,100.936512,0.3228,68.3542059264
2017-09-01,2021,70002017,India,A1718150201,"AQ MB Crossx",Standard,5,109.44,0.0735,101.396160,0.3228,68.6654795520
2017-09-01,2021,70002017,India,A1718150201,"AQ MB Crossx",Standard,5,109.44,0.0703,101.746368,0.3228,68.9026404096
2017-09-01,2021,70002017,India,A1718150201,"AQ MB Crossx",Standard,5,109.44,0.1057,97.872192,0.3228,66.2790484224
2017-09-01,2022,70002017,India,A1718150201,"AQ MB Crossx",Standard,5,124.77,0.0824,114.488952,0.3228,77.5319182944
2017-09-01,2022,70002017,India,A1718150201,"AQ MB Crossx",Standard,5,124.77,0.0777,115.075371,0.3228,77.9290412412
2017-09-01,2022,70002017,India,A1718150201,"AQ MB Crossx",Standard,5,124.77,0.0735,115.599405,0.3228,78.2839170660
2017-09-01,2022,70002017,India,A1718150201,"AQ MB Crossx",Standard,5,124.77,0.0703,115.998669,0.3228,78.5542986468
2017-09-01,2022,70002017,India,A1718150201,"AQ MB Crossx",Standard,5,124.77,0.1057,111.581811,0.3228,75.5632024092
2017-09-01,2018,70002018,India,A1718150201,"AQ MB Crossx",Standard,1,21.82,0.2956,15.370008,0.3775,9.5678299800
2017-09-01,2018,70002018,India,A1718150201,"AQ MB Crossx",Standard,1,21.82,0.2577,16.196986,0.3775,10.0826237850
2017-09-01,2018,70002018,India,A1718150201,"AQ MB Crossx",Standard,1,21.82,0.2255,16.899590,0.3775,10.5199947750
2017-09-01,2018,70002018,India,A1718150201,"AQ MB Crossx",Standard,1,21.82,0.2061,17.322898,0.3775,10.7835040050
2017-09-01,2018,70002018,India,A1718150201,"AQ MB Crossx",Standard,1,21.82,0.2931,15.424558,0.3775,9.6017873550
2017-09-01,2019,70002018,India,A1718150201,"AQ MB Crossx",Standard,1,19.85,0.2956,13.982340,0.3775,8.7040066500
2017-09-01,2019,70002018,India,A1718150201,"AQ MB Crossx",Standard,1,19.85,0.2577,14.734655,0.3775,9.1723227375
2017-09-01,2019,70002018,India,A1718150201,"AQ MB Crossx",Standard,1,19.85,0.2255,15.373825,0.3775,9.5702060625
2017-09-01,2019,70002018,India,A1718150201,"AQ MB Crossx",Standard,1,19.85,0.2061,15.758915,0.3775,9.8099245875
2017-09-01,2019,70002018,India,A1718150201,"AQ MB Crossx",Standard,1,19.85,0.2931,14.031965,0.3775,8.7348982125
2017-09-01,2020,70002018,India,A1718150201,"AQ MB Crossx",Standard,1,22.12,0.2956,15.581328,0.3775,9.6993766800
2017-09-01,2020,70002018,India,A1718150201,"AQ MB Crossx",Standard,1,22.12,0.2577,16.419676,0.3775,10.2212483100
2017-09-01,2020,70002018,India,A1718150201,"AQ MB Crossx",Standard,1,22.12,0.2255,17.131940,0.3775,10.6646326500
2017-09-01,2020,70002018,India,A1718150201,"AQ MB Crossx",Standard,1,22.12,0.2061,17.561068,0.3775,10.9317648300
2017-09-01,2020,70002018,India,A1718150201,"AQ MB Crossx",Standard,1,22.12,0.2931,15.636628,0.3775,9.7338009300
2017-09-01,2021,70002018,India,A1718150201,"AQ MB Crossx",Standard,1,21.89,0.2956,15.419316,0.3775,9.5985242100
2017-09-01,2021,70002018,India,A1718150201,"AQ MB Crossx",Standard,1,21.89,0.2577,16.248947,0.3775,10.1149695075
2017-09-01,2021,70002018,India,A1718150201,"AQ MB Crossx",Standard,1,21.89,0.2255,16.953805,0.3775,10.5537436125
2017-09-01,2021,70002018,India,A1718150201,"AQ MB Crossx",Standard,1,21.89,0.2061,17.378471,0.3775,10.8180981975
2017-09-01,2021,70002018,India,A1718150201,"AQ MB Crossx",Standard,1,21.89,0.2931,15.474041,0.3775,9.6325905225
2017-09-01,2022,70002018,India,A1718150201,"AQ MB Crossx",Standard,1,24.95,0.2956,17.574780,0.3775,10.9403005500
2017-09-01,2022,70002018,India,A1718150201,"AQ MB Crossx",Standard,1,24.95,0.2577,18.520385,0.3775,11.5289396625
2017-09-01,2022,70002018,India,A1718150201,"AQ MB Crossx",Standard,1,24.95,0.2255,19.323775,0.3775,12.0290499375
2017-09-01,2022,70002018,India,A1718150201,"AQ MB Crossx",Standard,1,24.95,0.2061,19.807805,0.3775,12.3303586125
2017-09-01,2022,70002018,India,A1718150201,"AQ MB Crossx",Standard,1,24.95,0.2931,17.637155,0.3775,10.9791289875
2017-09-01,2018,70003181,Indonesia,A1718150201,"AQ MB Crossx",Standard,1,21.82,0.0536,20.650448,0.3323,13.7883041296
2017-09-01,2018,70003181,Indonesia,A1718150201,"AQ MB Crossx",Standard,1,21.82,0.0546,20.628628,0.3323,13.7737349156
2017-09-01,2018,70003181,Indonesia,A1718150201,"AQ MB Crossx",Standard,1,21.82,0.0531,20.661358,0.3323,13.7955887366
2017-09-01,2018,70003181,Indonesia,A1718150201,"AQ MB Crossx",Standard,1,21.82,0.0974,19.694732,0.3323,13.1501725564
2017-09-01,2018,70003181,Indonesia,A1718150201,"AQ MB Crossx",Standard,1,21.82,0.0727,20.233686,0.3323,13.5100321422
2017-09-01,2019,70003181,Indonesia,A1718150201,"AQ MB Crossx",Standard,1,19.85,0.0536,18.786040,0.3323,12.5434389080
2017-09-01,2019,70003181,Indonesia,A1718150201,"AQ MB Crossx",Standard,1,19.85,0.0546,18.766190,0.3323,12.5301850630
2017-09-01,2019,70003181,Indonesia,A1718150201,"AQ MB Crossx",Standard,1,19.85,0.0531,18.795965,0.3323,12.5500658305
2017-09-01,2019,70003181,Indonesia,A1718150201,"AQ MB Crossx",Standard,1,19.85,0.0974,17.916610,0.3323,11.9629204970
2017-09-01,2019,70003181,Indonesia,A1718150201,"AQ MB Crossx",Standard,1,19.85,0.0727,18.406905,0.3323,12.2902904685
2017-09-01,2020,70003181,Indonesia,A1718150201,"AQ MB Crossx",Standard,1,22.12,0.0536,20.934368,0.3323,13.9778775136
2017-09-01,2020,70003181,Indonesia,A1718150201,"AQ MB Crossx",Standard,1,22.12,0.0546,20.912248,0.3323,13.9631079896
2017-09-01,2020,70003181,Indonesia,A1718150201,"AQ MB Crossx",Standard,1,22.12,0.0531,20.945428,0.3323,13.9852622756
2017-09-01,2020,70003181,Indonesia,A1718150201,"AQ MB Crossx",Standard,1,22.12,0.0974,19.965512,0.3323,13.3309723624
2017-09-01,2020,70003181,Indonesia,A1718150201,"AQ MB Crossx",Standard,1,22.12,0.0727,20.511876,0.3323,13.6957796052
2017-09-01,2021,70003181,Indonesia,A1718150201,"AQ MB Crossx",Standard,1,21.89,0.0536,20.716696,0.3323,13.8325379192
2017-09-01,2021,70003181,Indonesia,A1718150201,"AQ MB Crossx",Standard,1,21.89,0.0546,20.694806,0.3323,13.8179219662
2017-09-01,2021,70003181,Indonesia,A1718150201,"AQ MB Crossx",Standard,1,21.89,0.0531,20.727641,0.3323,13.8398458957
2017-09-01,2021,70003181,Indonesia,A1718150201,"AQ MB Crossx",Standard,1,21.89,0.0974,19.757914,0.3323,13.1923591778
2017-09-01,2021,70003181,Indonesia,A1718150201,"AQ MB Crossx",Standard,1,21.89,0.0727,20.298597,0.3323,13.5533732169
2017-09-01,2022,70003181,Indonesia,A1718150201,"AQ MB Crossx",Standard,1,24.95,0.0536,23.612680,0.3323,15.7661864360
2017-09-01,2022,70003181,Indonesia,A1718150201,"AQ MB Crossx",Standard,1,24.95,0.0546,23.587730,0.3323,15.7495273210
2017-09-01,2022,70003181,Indonesia,A1718150201,"AQ MB Crossx",Standard,1,24.95,0.0531,23.625155,0.3323,15.7745159935
2017-09-01,2022,70003181,Indonesia,A1718150201,"AQ MB Crossx",Standard,1,24.95,0.0974,22.519870,0.3323,15.0365171990
2017-09-01,2022,70003181,Indonesia,A1718150201,"AQ MB Crossx",Standard,1,24.95,0.0727,23.136135,0.3323,15.4479973395
2017-09-01,2018,70003182,Indonesia,A1718150201,"AQ MB Crossx",Standard,1,21.82,0.2378,16.631204,0.2809,11.9594987964
2017-09-01,2018,70003182,Indonesia,A1718150201,"AQ MB Crossx",Standard,1,21.82,0.2023,17.405814,0.2809,12.5165208474
2017-09-01,2018,70003182,Indonesia,A1718150201,"AQ MB Crossx",Standard,1,21.82,0.1823,17.842214,0.2809,12.8303360874
2017-09-01,2018,70003182,Indonesia,A1718150201,"AQ MB Crossx",Standard,1,21.82,0.2065,17.314170,0.2809,12.4506196470
2017-09-01,2018,70003182,Indonesia,A1718150201,"AQ MB Crossx",Standard,1,21.82,0.2147,17.135246,0.2809,12.3219553986
2017-09-01,2019,70003182,Indonesia,A1718150201,"AQ MB Crossx",Standard,1,19.85,0.2378,15.129670,0.2809,10.8797456970
2017-09-01,2019,70003182,Indonesia,A1718150201,"AQ MB Crossx",Standard,1,19.85,0.2023,15.834345,0.2809,11.3864774895
2017-09-01,2019,70003182,Indonesia,A1718150201,"AQ MB Crossx",Standard,1,19.85,0.1823,16.231345,0.2809,11.6719601895
2017-09-01,2019,70003182,Indonesia,A1718150201,"AQ MB Crossx",Standard,1,19.85,0.2065,15.750975,0.2809,11.3265261225
2017-09-01,2019,70003182,Indonesia,A1718150201,"AQ MB Crossx",Standard,1,19.85,0.2147,15.588205,0.2809,11.2094782155
2017-09-01,2020,70003182,Indonesia,A1718150201,"AQ MB Crossx",Standard,1,22.12,0.2378,16.859864,0.2809,12.1239282024
2017-09-01,2020,70003182,Indonesia,A1718150201,"AQ MB Crossx",Standard,1,22.12,0.2023,17.645124,0.2809,12.6886086684
2017-09-01,2020,70003182,Indonesia,A1718150201,"AQ MB Crossx",Standard,1,22.12,0.1823,18.087524,0.2809,13.0067385084
2017-09-01,2020,70003182,Indonesia,A1718150201,"AQ MB Crossx",Standard,1,22.12,0.2065,17.552220,0.2809,12.6218014020
2017-09-01,2020,70003182,Indonesia,A1718150201,"AQ MB Crossx",Standard,1,22.12,0.2147,17.370836,0.2809,12.4913681676
2017-09-01,2021,70003182,Indonesia,A1718150201,"AQ MB Crossx",Standard,1,21.89,0.2378,16.684558,0.2809,11.9978656578
2017-09-01,2021,70003182,Indonesia,A1718150201,"AQ MB Crossx",Standard,1,21.89,0.2023,17.461653,0.2809,12.5566746723
2017-09-01,2021,70003182,Indonesia,A1718150201,"AQ MB Crossx",Standard,1,21.89,0.1823,17.899453,0.2809,12.8714966523
2017-09-01,2021,70003182,Indonesia,A1718150201,"AQ MB Crossx",Standard,1,21.89,0.2065,17.369715,0.2809,12.4905620565
2017-09-01,2021,70003182,Indonesia,A1718150201,"AQ MB Crossx",Standard,1,21.89,0.2147,17.190217,0.2809,12.3614850447
2017-09-01,2022,70003182,Indonesia,A1718150201,"AQ MB Crossx",Standard,1,24.95,0.2378,19.016890,0.2809,13.6750455990
2017-09-01,2022,70003182,Indonesia,A1718150201,"AQ MB Crossx",Standard,1,24.95,0.2023,19.902615,0.2809,14.3119704465
2017-09-01,2022,70003182,Indonesia,A1718150201,"AQ MB Crossx",Standard,1,24.95,0.1823,20.401615,0.2809,14.6708013465
2017-09-01,2022,70003182,Indonesia,A1718150201,"AQ MB Crossx",Standard,1,24.95,0.2065,19.797825,0.2809,14.2366159575
2017-09-01,2022,70003182,Indonesia,A1718150201,"AQ MB Crossx",Standard,1,24.95,0.2147,19.593235,0.2809,14.0894952885
2017-09-01,2018,70007198,"South Korea",A1718150201,"AQ MB Crossx",Standard,2,43.64,0.0700,40.585200,0.4115,23.8843902000
2017-09-01,2018,70007198,"South Korea",A1718150201,"AQ MB Crossx",Standard,2,43.64,0.0534,41.309624,0.4115,24.3107137240
2017-09-01,2018,70007198,"South Korea",A1718150201,"AQ MB Crossx",Standard,2,43.64,0.0703,40.572108,0.4115,23.8766855580
2017-09-01,2018,70007198,"South Korea",A1718150201,"AQ MB Crossx",Standard,2,43.64,0.0736,40.428096,0.4115,23.7919344960
2017-09-01,2018,70007198,"South Korea",A1718150201,"AQ MB Crossx",Standard,2,43.64,0.0977,39.376372,0.4115,23.1729949220
2017-09-01,2019,70007198,"South Korea",A1718150201,"AQ MB Crossx",Standard,2,39.69,0.0700,36.911700,0.4115,21.7225354500
2017-09-01,2019,70007198,"South Korea",A1718150201,"AQ MB Crossx",Standard,2,39.69,0.0534,37.570554,0.4115,22.1102710290
2017-09-01,2019,70007198,"South Korea",A1718150201,"AQ MB Crossx",Standard,2,39.69,0.0703,36.899793,0.4115,21.7155281805
2017-09-01,2019,70007198,"South Korea",A1718150201,"AQ MB Crossx",Standard,2,39.69,0.0736,36.768816,0.4115,21.6384482160
2017-09-01,2019,70007198,"South Korea",A1718150201,"AQ MB Crossx",Standard,2,39.69,0.0977,35.812287,0.4115,21.0755308995
2017-09-01,2020,70007198,"South Korea",A1718150201,"AQ MB Crossx",Standard,2,44.25,0.0700,41.152500,0.4115,24.2182462500
2017-09-01,2020,70007198,"South Korea",A1718150201,"AQ MB Crossx",Standard,2,44.25,0.0534,41.887050,0.4115,24.6505289250
2017-09-01,2020,70007198,"South Korea",A1718150201,"AQ MB Crossx",Standard,2,44.25,0.0703,41.139225,0.4115,24.2104339125
2017-09-01,2020,70007198,"South Korea",A1718150201,"AQ MB Crossx",Standard,2,44.25,0.0736,40.993200,0.4115,24.1244982000
2017-09-01,2020,70007198,"South Korea",A1718150201,"AQ MB Crossx",Standard,2,44.25,0.0977,39.926775,0.4115,23.4969070875
2017-09-01,2021,70007198,"South Korea",A1718150201,"AQ MB Crossx",Standard,2,43.78,0.0700,40.715400,0.4115,23.9610129000
2017-09-01,2021,70007198,"South Korea",A1718150201,"AQ MB Crossx",Standard,2,43.78,0.0534,41.442148,0.4115,24.3887040980
2017-09-01,2021,70007198,"South Korea",A1718150201,"AQ MB Crossx",Standard,2,43.78,0.0703,40.702266,0.4115,23.9532835410
2017-09-01,2021,70007198,"South Korea",A1718150201,"AQ MB Crossx",Standard,2,43.78,0.0736,40.557792,0.4115,23.8682605920
2017-09-01,2021,70007198,"South Korea",A1718150201,"AQ MB Crossx",Standard,2,43.78,0.0977,39.502694,0.4115,23.2473354190
2017-09-01,2022,70007198,"South Korea",A1718150201,"AQ MB Crossx",Standard,2,49.91,0.0700,46.416300,0.4115,27.3159925500
2017-09-01,2022,70007198,"South Korea",A1718150201,"AQ MB Crossx",Standard,2,49.91,0.0534,47.244806,0.4115,27.8035683310
2017-09-01,2022,70007198,"South Korea",A1718150201,"AQ MB Crossx",Standard,2,49.91,0.0703,46.401327,0.4115,27.3071809395
2017-09-01,2022,70007198,"South Korea",A1718150201,"AQ MB Crossx",Standard,2,49.91,0.0736,46.236624,0.4115,27.2102532240
2017-09-01,2022,70007198,"South Korea",A1718150201,"AQ MB Crossx",Standard,2,49.91,0.0977,45.033793,0.4115,26.5023871805
2017-09-01,2018,70007199,"South Korea",A1718150201,"AQ MB Crossx",Standard,3,65.46,0.2551,48.761154,0.3893,29.7784367478
2017-09-01,2018,70007199,"South Korea",A1718150201,"AQ MB Crossx",Standard,3,65.46,0.1824,53.520096,0.3893,32.6847226272
2017-09-01,2018,70007199,"South Korea",A1718150201,"AQ MB Crossx",Standard,3,65.46,0.2123,51.562842,0.3893,31.4894276094
2017-09-01,2018,70007199,"South Korea",A1718150201,"AQ MB Crossx",Standard,3,65.46,0.2105,51.680670,0.3893,31.5613851690
2017-09-01,2018,70007199,"South Korea",A1718150201,"AQ MB Crossx",Standard,3,65.46,0.2057,51.994878,0.3893,31.7532719946
2017-09-01,2019,70007199,"South Korea",A1718150201,"AQ MB Crossx",Standard,3,59.54,0.2551,44.351346,0.3893,27.0853670022
2017-09-01,2019,70007199,"South Korea",A1718150201,"AQ MB Crossx",Standard,3,59.54,0.1824,48.679904,0.3893,29.7288173728
2017-09-01,2019,70007199,"South Korea",A1718150201,"AQ MB Crossx",Standard,3,59.54,0.2123,46.899658,0.3893,28.6416211406
2017-09-01,2019,70007199,"South Korea",A1718150201,"AQ MB Crossx",Standard,3,59.54,0.2105,47.006830,0.3893,28.7070710810
2017-09-01,2019,70007199,"South Korea",A1718150201,"AQ MB Crossx",Standard,3,59.54,0.2057,47.292622,0.3893,28.8816042554
2017-09-01,2020,70007199,"South Korea",A1718150201,"AQ MB Crossx",Standard,3,66.37,0.2551,49.439013,0.3893,30.1924052391
2017-09-01,2020,70007199,"South Korea",A1718150201,"AQ MB Crossx",Standard,3,66.37,0.1824,54.264112,0.3893,33.1390931984
2017-09-01,2020,70007199,"South Korea",A1718150201,"AQ MB Crossx",Standard,3,66.37,0.2123,52.279649,0.3893,31.9271816443
2017-09-01,2020,70007199,"South Korea",A1718150201,"AQ MB Crossx",Standard,3,66.37,0.2105,52.399115,0.3893,32.0001395305
2017-09-01,2020,70007199,"South Korea",A1718150201,"AQ MB Crossx",Standard,3,66.37,0.2057,52.717691,0.3893,32.1946938937
2017-09-01,2021,70007199,"South Korea",A1718150201,"AQ MB Crossx",Standard,3,65.66,0.2551,48.910134,0.3893,29.8694188338
2017-09-01,2021,70007199,"South Korea",A1718150201,"AQ MB Crossx",Standard,3,65.66,0.1824,53.683616,0.3893,32.7845842912
2017-09-01,2021,70007199,"South Korea",A1718150201,"AQ MB Crossx",Standard,3,65.66,0.2123,51.720382,0.3893,31.5856372874
2017-09-01,2021,70007199,"South Korea",A1718150201,"AQ MB Crossx",Standard,3,65.66,0.2105,51.838570,0.3893,31.6578146990
2017-09-01,2021,70007199,"South Korea",A1718150201,"AQ MB Crossx",Standard,3,65.66,0.2057,52.153738,0.3893,31.8502877966
2017-09-01,2022,70007199,"South Korea",A1718150201,"AQ MB Crossx",Standard,3,74.86,0.2551,55.763214,0.3893,34.0545947898
2017-09-01,2022,70007199,"South Korea",A1718150201,"AQ MB Crossx",Standard,3,74.86,0.1824,61.205536,0.3893,37.3782208352
2017-09-01,2022,70007199,"South Korea",A1718150201,"AQ MB Crossx",Standard,3,74.86,0.2123,58.967222,0.3893,36.0112824754
2017-09-01,2022,70007199,"South Korea",A1718150201,"AQ MB Crossx",Standard,3,74.86,0.2105,59.101970,0.3893,36.0935730790
2017-09-01,2022,70007199,"South Korea",A1718150201,"AQ MB Crossx",Standard,3,74.86,0.2057,59.461298,0.3893,36.3130146886
2017-09-01,2018,70008169,Australia,A1718150201,"AQ MB Crossx",Standard,1,21.82,0.0953,19.740554,0.3456,12.9182185376
2017-09-01,2018,70008169,Australia,A1718150201,"AQ MB Crossx",Standard,1,21.82,0.0748,20.187864,0.3456,13.2109382016
2017-09-01,2018,70008169,Australia,A1718150201,"AQ MB Crossx",Standard,1,21.82,0.0975,19.692550,0.3456,12.8868047200
2017-09-01,2018,70008169,Australia,A1718150201,"AQ MB Crossx",Standard,1,21.82,0.0793,20.089674,0.3456,13.1466826656
2017-09-01,2018,70008169,Australia,A1718150201,"AQ MB Crossx",Standard,1,21.82,0.0832,20.004576,0.3456,13.0909945344
2017-09-01,2019,70008169,Australia,A1718150201,"AQ MB Crossx",Standard,1,19.85,0.0953,17.958295,0.3456,11.7519082480
2017-09-01,2019,70008169,Australia,A1718150201,"AQ MB Crossx",Standard,1,19.85,0.0748,18.365220,0.3456,12.0181999680
2017-09-01,2019,70008169,Australia,A1718150201,"AQ MB Crossx",Standard,1,19.85,0.0975,17.914625,0.3456,11.7233306000
2017-09-01,2019,70008169,Australia,A1718150201,"AQ MB Crossx",Standard,1,19.85,0.0793,18.275895,0.3456,11.9597456880
2017-09-01,2019,70008169,Australia,A1718150201,"AQ MB Crossx",Standard,1,19.85,0.0832,18.198480,0.3456,11.9090853120
2017-09-01,2020,70008169,Australia,A1718150201,"AQ MB Crossx",Standard,1,22.12,0.0953,20.011964,0.3456,13.0958292416
2017-09-01,2020,70008169,Australia,A1718150201,"AQ MB Crossx",Standard,1,22.12,0.0748,20.465424,0.3456,13.3925734656
2017-09-01,2020,70008169,Australia,A1718150201,"AQ MB Crossx",Standard,1,22.12,0.0975,19.963300,0.3456,13.0639835200
2017-09-01,2020,70008169,Australia,A1718150201,"AQ MB Crossx",Standard,1,22.12,0.0793,20.365884,0.3456,13.3274344896
2017-09-01,2020,70008169,Australia,A1718150201,"AQ MB Crossx",Standard,1,22.12,0.0832,20.279616,0.3456,13.2709807104
2017-09-01,2021,70008169,Australia,A1718150201,"AQ MB Crossx",Standard,1,21.89,0.0953,19.803883,0.3456,12.9596610352
2017-09-01,2021,70008169,Australia,A1718150201,"AQ MB Crossx",Standard,1,21.89,0.0748,20.252628,0.3456,13.2533197632
2017-09-01,2021,70008169,Australia,A1718150201,"AQ MB Crossx",Standard,1,21.89,0.0975,19.755725,0.3456,12.9281464400
2017-09-01,2021,70008169,Australia,A1718150201,"AQ MB Crossx",Standard,1,21.89,0.0793,20.154123,0.3456,13.1888580912
2017-09-01,2021,70008169,Australia,A1718150201,"AQ MB Crossx",Standard,1,21.89,0.0832,20.068752,0.3456,13.1329913088
2017-09-01,2022,70008169,Australia,A1718150201,"AQ MB Crossx",Standard,1,24.95,0.0953,22.572265,0.3456,14.7712902160
2017-09-01,2022,70008169,Australia,A1718150201,"AQ MB Crossx",Standard,1,24.95,0.0748,23.083740,0.3456,15.1059994560
2017-09-01,2022,70008169,Australia,A1718150201,"AQ MB Crossx",Standard,1,24.95,0.0975,22.517375,0.3456,14.7353702000
2017-09-01,2022,70008169,Australia,A1718150201,"AQ MB Crossx",Standard,1,24.95,0.0793,22.971465,0.3456,15.0325266960
2017-09-01,2022,70008169,Australia,A1718150201,"AQ MB Crossx",Standard,1,24.95,0.0832,22.874160,0.3456,14.9688503040
2017-09-01,2018,70008170,Australia,A1718150201,"AQ MB Crossx",Standard,1,21.82,0.1896,17.682928,0.2909,12.5389642448
2017-09-01,2018,70008170,Australia,A1718150201,"AQ MB Crossx",Standard,1,21.82,0.2037,17.375266,0.2909,12.3208011206
2017-09-01,2018,70008170,Australia,A1718150201,"AQ MB Crossx",Standard,1,21.82,0.2207,17.004326,0.2909,12.0577675666
2017-09-01,2018,70008170,Australia,A1718150201,"AQ MB Crossx",Standard,1,21.82,0.1817,17.855306,0.2909,12.6611974846
2017-09-01,2018,70008170,Australia,A1718150201,"AQ MB Crossx",Standard,1,21.82,0.2165,17.095970,0.2909,12.1227523270
2017-09-01,2019,70008170,Australia,A1718150201,"AQ MB Crossx",Standard,1,19.85,0.1896,16.086440,0.2909,11.4068946040
2017-09-01,2019,70008170,Australia,A1718150201,"AQ MB Crossx",Standard,1,19.85,0.2037,15.806555,0.2909,11.2084281505
2017-09-01,2019,70008170,Australia,A1718150201,"AQ MB Crossx",Standard,1,19.85,0.2207,15.469105,0.2909,10.9691423555
2017-09-01,2019,70008170,Australia,A1718150201,"AQ MB Crossx",Standard,1,19.85,0.1817,16.243255,0.2909,11.5180921205
2017-09-01,2019,70008170,Australia,A1718150201,"AQ MB Crossx",Standard,1,19.85,0.2165,15.552475,0.2909,11.0282600225
2017-09-01,2020,70008170,Australia,A1718150201,"AQ MB Crossx",Standard,1,22.12,0.1896,17.926048,0.2909,12.7113606368
2017-09-01,2020,70008170,Australia,A1718150201,"AQ MB Crossx",Standard,1,22.12,0.2037,17.614156,0.2909,12.4901980196
2017-09-01,2020,70008170,Australia,A1718150201,"AQ MB Crossx",Standard,1,22.12,0.2207,17.238116,0.2909,12.2235480556
2017-09-01,2020,70008170,Australia,A1718150201,"AQ MB Crossx",Standard,1,22.12,0.1817,18.100796,0.2909,12.8352744436
2017-09-01,2020,70008170,Australia,A1718150201,"AQ MB Crossx",Standard,1,22.12,0.2165,17.331020,0.2909,12.2894262820
2017-09-01,2021,70008170,Australia,A1718150201,"AQ MB Crossx",Standard,1,21.89,0.1896,17.739656,0.2909,12.5791900696
2017-09-01,2021,70008170,Australia,A1718150201,"AQ MB Crossx",Standard,1,21.89,0.2037,17.431007,0.2909,12.3603270637
2017-09-01,2021,70008170,Australia,A1718150201,"AQ MB Crossx",Standard,1,21.89,0.2207,17.058877,0.2909,12.0964496807
2017-09-01,2021,70008170,Australia,A1718150201,"AQ MB Crossx",Standard,1,21.89,0.1817,17.912587,0.2909,12.7018154417
2017-09-01,2021,70008170,Australia,A1718150201,"AQ MB Crossx",Standard,1,21.89,0.2165,17.150815,0.2909,12.1616429165
2017-09-01,2022,70008170,Australia,A1718150201,"AQ MB Crossx",Standard,1,24.95,0.1896,20.219480,0.2909,14.3376332680
2017-09-01,2022,70008170,Australia,A1718150201,"AQ MB Crossx",Standard,1,24.95,0.2037,19.867685,0.2909,14.0881754335
2017-09-01,2022,70008170,Australia,A1718150201,"AQ MB Crossx",Standard,1,24.95,0.2207,19.443535,0.2909,13.7874106685
2017-09-01,2022,70008170,Australia,A1718150201,"AQ MB Crossx",Standard,1,24.95,0.1817,20.416585,0.2909,14.4774004235
2017-09-01,2022,70008170,Australia,A1718150201,"AQ MB Crossx",Standard,1,24.95,0.2165,19.548325,0.2909,13.8617172575
2017-09-01,2018,70011193,France,A1718150201,"AQ MB Crossx",Standard,1,21.82,0.0521,20.683178,0.2816,14.8587950752
2017-09-01,2018,70011193,France,A1718150201,"AQ MB Crossx",Standard,1,21.82,0.0634,20.436612,0.2816,14.6816620608
2017-09-01,2018,70011193,France,A1718150201,"AQ MB Crossx",Standard,1,21.82,0.0643,20.416974,0.2816,14.6675541216
2017-09-01,2018,70011193,France,A1718150201,"AQ MB Crossx",Standard,1,21.82,0.1056,19.515808,0.2816,14.0201564672
2017-09-01,2018,70011193,France,A1718150201,"AQ MB Crossx",Standard,1,21.82,0.0510,20.707180,0.2816,14.8760381120
2017-09-01,2019,70011193,France,A1718150201,"AQ MB Crossx",Standard,1,19.85,0.0521,18.815815,0.2816,13.5172814960
2017-09-01,2019,70011193,France,A1718150201,"AQ MB Crossx",Standard,1,19.85,0.0634,18.591510,0.2816,13.3561407840
2017-09-01,2019,70011193,France,A1718150201,"AQ MB Crossx",Standard,1,19.85,0.0643,18.573645,0.2816,13.3433065680
2017-09-01,2019,70011193,France,A1718150201,"AQ MB Crossx",Standard,1,19.85,0.1056,17.753840,0.2816,12.7543586560
2017-09-01,2019,70011193,France,A1718150201,"AQ MB Crossx",Standard,1,19.85,0.0510,18.837650,0.2816,13.5329677600
2017-09-01,2020,70011193,France,A1718150201,"AQ MB Crossx",Standard,1,22.12,0.0521,20.967548,0.2816,15.0630864832
2017-09-01,2020,70011193,France,A1718150201,"AQ MB Crossx",Standard,1,22.12,0.0634,20.717592,0.2816,14.8835180928
2017-09-01,2020,70011193,France,A1718150201,"AQ MB Crossx",Standard,1,22.12,0.0643,20.697684,0.2816,14.8692161856
2017-09-01,2020,70011193,France,A1718150201,"AQ MB Crossx",Standard,1,22.12,0.1056,19.784128,0.2816,14.2129175552
2017-09-01,2020,70011193,France,A1718150201,"AQ MB Crossx",Standard,1,22.12,0.0510,20.991880,0.2816,15.0805665920
2017-09-01,2021,70011193,France,A1718150201,"AQ MB Crossx",Standard,1,21.89,0.0521,20.749531,0.2816,14.9064630704
2017-09-01,2021,70011193,France,A1718150201,"AQ MB Crossx",Standard,1,21.89,0.0634,20.502174,0.2816,14.7287618016
2017-09-01,2021,70011193,France,A1718150201,"AQ MB Crossx",Standard,1,21.89,0.0643,20.482473,0.2816,14.7146086032
2017-09-01,2021,70011193,France,A1718150201,"AQ MB Crossx",Standard,1,21.89,0.1056,19.578416,0.2816,14.0651340544
2017-09-01,2021,70011193,France,A1718150201,"AQ MB Crossx",Standard,1,21.89,0.0510,20.773610,0.2816,14.9237614240
2017-09-01,2022,70011193,France,A1718150201,"AQ MB Crossx",Standard,1,24.95,0.0521,23.650105,0.2816,16.9902354320
2017-09-01,2022,70011193,France,A1718150201,"AQ MB Crossx",Standard,1,24.95,0.0634,23.368170,0.2816,16.7876933280
2017-09-01,2022,70011193,France,A1718150201,"AQ MB Crossx",Standard,1,24.95,0.0643,23.345715,0.2816,16.7715616560
2017-09-01,2022,70011193,France,A1718150201,"AQ MB Crossx",Standard,1,24.95,0.1056,22.315280,0.2816,16.0312971520
2017-09-01,2022,70011193,France,A1718150201,"AQ MB Crossx",Standard,1,24.95,0.0510,23.677550,0.2816,17.0099519200
2017-09-01,2018,80001019,China,A1718150201,"AQ MB Crossx",Standard,1,21.82,0.2815,15.677670,0.3268,10.5542074440
2017-09-01,2018,80001019,China,A1718150201,"AQ MB Crossx",Standard,1,21.82,0.1832,17.822576,0.3268,11.9981581632
2017-09-01,2018,80001019,China,A1718150201,"AQ MB Crossx",Standard,1,21.82,0.2151,17.126518,0.3268,11.5295719176
2017-09-01,2018,80001019,China,A1718150201,"AQ MB Crossx",Standard,1,21.82,0.2485,16.397730,0.3268,11.0389518360
2017-09-01,2018,80001019,China,A1718150201,"AQ MB Crossx",Standard,1,21.82,0.1893,17.689474,0.3268,11.9085538968
2017-09-01,2019,80001019,China,A1718150201,"AQ MB Crossx",Standard,1,19.85,0.2815,14.262225,0.3268,9.6013298700
2017-09-01,2019,80001019,China,A1718150201,"AQ MB Crossx",Standard,1,19.85,0.1832,16.213480,0.3268,10.9149147360
2017-09-01,2019,80001019,China,A1718150201,"AQ MB Crossx",Standard,1,19.85,0.2151,15.580265,0.3268,10.4886343980
2017-09-01,2019,80001019,China,A1718150201,"AQ MB Crossx",Standard,1,19.85,0.2485,14.917275,0.3268,10.0423095300
2017-09-01,2019,80001019,China,A1718150201,"AQ MB Crossx",Standard,1,19.85,0.1893,16.092395,0.3268,10.8334003140
2017-09-01,2020,80001019,China,A1718150201,"AQ MB Crossx",Standard,1,22.12,0.2815,15.893220,0.3268,10.6993157040
2017-09-01,2020,80001019,China,A1718150201,"AQ MB Crossx",Standard,1,22.12,0.1832,18.067616,0.3268,12.1631190912
2017-09-01,2020,80001019,China,A1718150201,"AQ MB Crossx",Standard,1,22.12,0.2151,17.361988,0.3268,11.6880903216
2017-09-01,2020,80001019,China,A1718150201,"AQ MB Crossx",Standard,1,22.12,0.2485,16.623180,0.3268,11.1907247760
2017-09-01,2020,80001019,China,A1718150201,"AQ MB Crossx",Standard,1,22.12,0.1893,17.932684,0.3268,12.0722828688
2017-09-01,2021,80001019,China,A1718150201,"AQ MB Crossx",Standard,1,21.89,0.2815,15.727965,0.3268,10.5880660380
2017-09-01,2021,80001019,China,A1718150201,"AQ MB Crossx",Standard,1,21.89,0.1832,17.879752,0.3268,12.0366490464
2017-09-01,2021,80001019,China,A1718150201,"AQ MB Crossx",Standard,1,21.89,0.2151,17.181461,0.3268,11.5665595452
2017-09-01,2021,80001019,China,A1718150201,"AQ MB Crossx",Standard,1,21.89,0.2485,16.450335,0.3268,11.0743655220
2017-09-01,2021,80001019,China,A1718150201,"AQ MB Crossx",Standard,1,21.89,0.1893,17.746223,0.3268,11.9467573236
2017-09-01,2022,80001019,China,A1718150201,"AQ MB Crossx",Standard,1,24.95,0.2815,17.926575,0.3268,12.0681702900
2017-09-01,2022,80001019,China,A1718150201,"AQ MB Crossx",Standard,1,24.95,0.1832,20.379160,0.3268,13.7192505120
2017-09-01,2022,80001019,China,A1718150201,"AQ MB Crossx",Standard,1,24.95,0.2151,19.583255,0.3268,13.1834472660
2017-09-01,2022,80001019,China,A1718150201,"AQ MB Crossx",Standard,1,24.95,0.2485,18.749925,0.3268,12.6224495100
2017-09-01,2022,80001019,China,A1718150201,"AQ MB Crossx",Standard,1,24.95,0.1893,20.226965,0.3268,13.6167928380
2017-09-01,2018,80006154,Philiphines,A1718150201,"AQ MB Crossx",Standard,2,43.64,0.2728,31.735008,0.3910,19.3266198720
2017-09-01,2018,80006154,Philiphines,A1718150201,"AQ MB Crossx",Standard,2,43.64,0.2101,34.471236,0.3910,20.9929827240
2017-09-01,2018,80006154,Philiphines,A1718150201,"AQ MB Crossx",Standard,2,43.64,0.2346,33.402056,0.3910,20.3418521040
2017-09-01,2018,80006154,Philiphines,A1718150201,"AQ MB Crossx",Standard,2,43.64,0.2103,34.462508,0.3910,20.9876673720
2017-09-01,2018,80006154,Philiphines,A1718150201,"AQ MB Crossx",Standard,2,43.64,0.2307,33.572252,0.3910,20.4455014680
2017-09-01,2019,80006154,Philiphines,A1718150201,"AQ MB Crossx",Standard,2,39.69,0.2728,28.862568,0.3910,17.5773039120
2017-09-01,2019,80006154,Philiphines,A1718150201,"AQ MB Crossx",Standard,2,39.69,0.2101,31.351131,0.3910,19.0928387790
2017-09-01,2019,80006154,Philiphines,A1718150201,"AQ MB Crossx",Standard,2,39.69,0.2346,30.378726,0.3910,18.5006441340
2017-09-01,2019,80006154,Philiphines,A1718150201,"AQ MB Crossx",Standard,2,39.69,0.2103,31.343193,0.3910,19.0880045370
2017-09-01,2019,80006154,Philiphines,A1718150201,"AQ MB Crossx",Standard,2,39.69,0.2307,30.533517,0.3910,18.5949118530
2017-09-01,2020,80006154,Philiphines,A1718150201,"AQ MB Crossx",Standard,2,44.25,0.2728,32.178600,0.3910,19.5967674000
2017-09-01,2020,80006154,Philiphines,A1718150201,"AQ MB Crossx",Standard,2,44.25,0.2101,34.953075,0.3910,21.2864226750
2017-09-01,2020,80006154,Philiphines,A1718150201,"AQ MB Crossx",Standard,2,44.25,0.2346,33.868950,0.3910,20.6261905500
2017-09-01,2020,80006154,Philiphines,A1718150201,"AQ MB Crossx",Standard,2,44.25,0.2103,34.944225,0.3910,21.2810330250
2017-09-01,2020,80006154,Philiphines,A1718150201,"AQ MB Crossx",Standard,2,44.25,0.2307,34.041525,0.3910,20.7312887250
2017-09-01,2021,80006154,Philiphines,A1718150201,"AQ MB Crossx",Standard,2,43.78,0.2728,31.836816,0.3910,19.3886209440
2017-09-01,2021,80006154,Philiphines,A1718150201,"AQ MB Crossx",Standard,2,43.78,0.2101,34.581822,0.3910,21.0603295980
2017-09-01,2021,80006154,Philiphines,A1718150201,"AQ MB Crossx",Standard,2,43.78,0.2346,33.509212,0.3910,20.4071101080
2017-09-01,2021,80006154,Philiphines,A1718150201,"AQ MB Crossx",Standard,2,43.78,0.2103,34.573066,0.3910,21.0549971940
2017-09-01,2021,80006154,Philiphines,A1718150201,"AQ MB Crossx",Standard,2,43.78,0.2307,33.679954,0.3910,20.5110919860
2017-09-01,2022,80006154,Philiphines,A1718150201,"AQ MB Crossx",Standard,2,49.91,0.2728,36.294552,0.3910,22.1033821680
2017-09-01,2022,80006154,Philiphines,A1718150201,"AQ MB Crossx",Standard,2,49.91,0.2101,39.423909,0.3910,24.0091605810
2017-09-01,2022,80006154,Philiphines,A1718150201,"AQ MB Crossx",Standard,2,49.91,0.2346,38.201114,0.3910,23.2644784260
2017-09-01,2022,80006154,Philiphines,A1718150201,"AQ MB Crossx",Standard,2,49.91,0.2103,39.413927,0.3910,24.0030815430
2017-09-01,2022,80006154,Philiphines,A1718150201,"AQ MB Crossx",Standard,2,49.91,0.2307,38.395763,0.3910,23.3830196670
2017-09-01,2018,80006155,Philiphines,A1718150201,"AQ MB Crossx",Standard,1,21.82,0.2797,15.716946,0.3920,9.5559031680
2017-09-01,2018,80006155,Philiphines,A1718150201,"AQ MB Crossx",Standard,1,21.82,0.2565,16.223170,0.3920,9.8636873600
2017-09-01,2018,80006155,Philiphines,A1718150201,"AQ MB Crossx",Standard,1,21.82,0.2862,15.575116,0.3920,9.4696705280
2017-09-01,2018,80006155,Philiphines,A1718150201,"AQ MB Crossx",Standard,1,21.82,0.3091,15.075438,0.3920,9.1658663040
2017-09-01,2018,80006155,Philiphines,A1718150201,"AQ MB Crossx",Standard,1,21.82,0.2939,15.407102,0.3920,9.3675180160
2017-09-01,2019,80006155,Philiphines,A1718150201,"AQ MB Crossx",Standard,1,19.85,0.2797,14.297955,0.3920,8.6931566400
2017-09-01,2019,80006155,Philiphines,A1718150201,"AQ MB Crossx",Standard,1,19.85,0.2565,14.758475,0.3920,8.9731528000
2017-09-01,2019,80006155,Philiphines,A1718150201,"AQ MB Crossx",Standard,1,19.85,0.2862,14.168930,0.3920,8.6147094400
2017-09-01,2019,80006155,Philiphines,A1718150201,"AQ MB Crossx",Standard,1,19.85,0.3091,13.714365,0.3920,8.3383339200
2017-09-01,2019,80006155,Philiphines,A1718150201,"AQ MB Crossx",Standard,1,19.85,0.2939,14.016085,0.3920,8.5217796800
2017-09-01,2020,80006155,Philiphines,A1718150201,"AQ MB Crossx",Standard,1,22.12,0.2797,15.933036,0.3920,9.6872858880
2017-09-01,2020,80006155,Philiphines,A1718150201,"AQ MB Crossx",Standard,1,22.12,0.2565,16.446220,0.3920,9.9993017600
2017-09-01,2020,80006155,Philiphines,A1718150201,"AQ MB Crossx",Standard,1,22.12,0.2862,15.789256,0.3920,9.5998676480
2017-09-01,2020,80006155,Philiphines,A1718150201,"AQ MB Crossx",Standard,1,22.12,0.3091,15.282708,0.3920,9.2918864640
2017-09-01,2020,80006155,Philiphines,A1718150201,"AQ MB Crossx",Standard,1,22.12,0.2939,15.618932,0.3920,9.4963106560
2017-09-01,2021,80006155,Philiphines,A1718150201,"AQ MB Crossx",Standard,1,21.89,0.2797,15.767367,0.3920,9.5865591360
2017-09-01,2021,80006155,Philiphines,A1718150201,"AQ MB Crossx",Standard,1,21.89,0.2565,16.275215,0.3920,9.8953307200
2017-09-01,2021,80006155,Philiphines,A1718150201,"AQ MB Crossx",Standard,1,21.89,0.2862,15.625082,0.3920,9.5000498560
2017-09-01,2021,80006155,Philiphines,A1718150201,"AQ MB Crossx",Standard,1,21.89,0.3091,15.123801,0.3920,9.1952710080
2017-09-01,2021,80006155,Philiphines,A1718150201,"AQ MB Crossx",Standard,1,21.89,0.2939,15.456529,0.3920,9.3975696320
2017-09-01,2022,80006155,Philiphines,A1718150201,"AQ MB Crossx",Standard,1,24.95,0.2797,17.971485,0.3920,10.9266628800
2017-09-01,2022,80006155,Philiphines,A1718150201,"AQ MB Crossx",Standard,1,24.95,0.2565,18.550325,0.3920,11.2785976000
2017-09-01,2022,80006155,Philiphines,A1718150201,"AQ MB Crossx",Standard,1,24.95,0.2862,17.809310,0.3920,10.8280604800
2017-09-01,2022,80006155,Philiphines,A1718150201,"AQ MB Crossx",Standard,1,24.95,0.3091,17.237955,0.3920,10.4806766400
2017-09-01,2022,80006155,Philiphines,A1718150201,"AQ MB Crossx",Standard,1,24.95,0.2939,17.617195,0.3920,10.7112545600
2017-09-01,2018,80007195,"South Korea",A1718150201,"AQ MB Crossx",Standard,3,65.46,0.2990,45.887460,0.4217,26.5367181180
2017-09-01,2018,80007195,"South Korea",A1718150201,"AQ MB Crossx",Standard,3,65.46,0.2557,48.721878,0.4217,28.1758620474
2017-09-01,2018,80007195,"South Korea",A1718150201,"AQ MB Crossx",Standard,3,65.46,0.2390,49.815060,0.4217,28.8080491980
2017-09-01,2018,80007195,"South Korea",A1718150201,"AQ MB Crossx",Standard,3,65.46,0.2617,48.329118,0.4217,27.9487289394
2017-09-01,2018,80007195,"South Korea",A1718150201,"AQ MB Crossx",Standard,3,65.46,0.2929,46.286766,0.4217,26.7676367778
2017-09-01,2019,80007195,"South Korea",A1718150201,"AQ MB Crossx",Standard,3,59.54,0.2990,41.737540,0.4217,24.1368193820
2017-09-01,2019,80007195,"South Korea",A1718150201,"AQ MB Crossx",Standard,3,59.54,0.2557,44.315622,0.4217,25.6277242026
2017-09-01,2019,80007195,"South Korea",A1718150201,"AQ MB Crossx",Standard,3,59.54,0.2390,45.309940,0.4217,26.2027383020
2017-09-01,2019,80007195,"South Korea",A1718150201,"AQ MB Crossx",Standard,3,59.54,0.2617,43.958382,0.4217,25.4211323106
2017-09-01,2019,80007195,"South Korea",A1718150201,"AQ MB Crossx",Standard,3,59.54,0.2929,42.100734,0.4217,24.3468544722
2017-09-01,2020,80007195,"South Korea",A1718150201,"AQ MB Crossx",Standard,3,66.37,0.2990,46.525370,0.4217,26.9056214710
2017-09-01,2020,80007195,"South Korea",A1718150201,"AQ MB Crossx",Standard,3,66.37,0.2557,49.399191,0.4217,28.5675521553
2017-09-01,2020,80007195,"South Korea",A1718150201,"AQ MB Crossx",Standard,3,66.37,0.2390,50.507570,0.4217,29.2085277310
2017-09-01,2020,80007195,"South Korea",A1718150201,"AQ MB Crossx",Standard,3,66.37,0.2617,49.000971,0.4217,28.3372615293
2017-09-01,2020,80007195,"South Korea",A1718150201,"AQ MB Crossx",Standard,3,66.37,0.2929,46.930227,0.4217,27.1397502741
2017-09-01,2021,80007195,"South Korea",A1718150201,"AQ MB Crossx",Standard,3,65.66,0.2990,46.027660,0.4217,26.6177957780
2017-09-01,2021,80007195,"South Korea",A1718150201,"AQ MB Crossx",Standard,3,65.66,0.2557,48.870738,0.4217,28.2619477854
2017-09-01,2021,80007195,"South Korea",A1718150201,"AQ MB Crossx",Standard,3,65.66,0.2390,49.967260,0.4217,28.8960664580
2017-09-01,2021,80007195,"South Korea",A1718150201,"AQ MB Crossx",Standard,3,65.66,0.2617,48.476778,0.4217,28.0341207174
2017-09-01,2021,80007195,"South Korea",A1718150201,"AQ MB Crossx",Standard,3,65.66,0.2929,46.428186,0.4217,26.8494199638
2017-09-01,2022,80007195,"South Korea",A1718150201,"AQ MB Crossx",Standard,3,74.86,0.2990,52.476860,0.4217,30.3473681380
2017-09-01,2022,80007195,"South Korea",A1718150201,"AQ MB Crossx",Standard,3,74.86,0.2557,55.718298,0.4217,32.2218917334
2017-09-01,2022,80007195,"South Korea",A1718150201,"AQ MB Crossx",Standard,3,74.86,0.2390,56.968460,0.4217,32.9448604180
2017-09-01,2022,80007195,"South Korea",A1718150201,"AQ MB Crossx",Standard,3,74.86,0.2617,55.269138,0.4217,31.9621425054
2017-09-01,2022,80007195,"South Korea",A1718150201,"AQ MB Crossx",Standard,3,74.86,0.2929,52.933506,0.4217,30.6114465198
2017-09-01,2018,90002001,India,A1718150201,"AQ MB Crossx",Standard,3,65.46,0.2490,49.160460,0.3776,30.5974703040
2017-09-01,2018,90002001,India,A1718150201,"AQ MB Crossx",Standard,3,65.46,0.2247,50.751138,0.3776,31.5875082912
2017-09-01,2018,90002001,India,A1718150201,"AQ MB Crossx",Standard,3,65.46,0.1894,53.061876,0.3776,33.0257116224
2017-09-01,2018,90002001,India,A1718150201,"AQ MB Crossx",Standard,3,65.46,0.2119,51.589026,0.3776,32.1090097824
2017-09-01,2018,90002001,India,A1718150201,"AQ MB Crossx",Standard,3,65.46,0.1964,52.603656,0.3776,32.7405154944
2017-09-01,2019,90002001,India,A1718150201,"AQ MB Crossx",Standard,3,59.54,0.2490,44.714540,0.3776,27.8303296960
2017-09-01,2019,90002001,India,A1718150201,"AQ MB Crossx",Standard,3,59.54,0.2247,46.161362,0.3776,28.7308317088
2017-09-01,2019,90002001,India,A1718150201,"AQ MB Crossx",Standard,3,59.54,0.1894,48.263124,0.3776,30.0389683776
2017-09-01,2019,90002001,India,A1718150201,"AQ MB Crossx",Standard,3,59.54,0.2119,46.923474,0.3776,29.2051702176
2017-09-01,2019,90002001,India,A1718150201,"AQ MB Crossx",Standard,3,59.54,0.1964,47.846344,0.3776,29.7795645056
2017-09-01,2020,90002001,India,A1718150201,"AQ MB Crossx",Standard,3,66.37,0.2490,49.843870,0.3776,31.0228246880
2017-09-01,2020,90002001,India,A1718150201,"AQ MB Crossx",Standard,3,66.37,0.2247,51.456661,0.3776,32.0266258064
2017-09-01,2020,90002001,India,A1718150201,"AQ MB Crossx",Standard,3,66.37,0.1894,53.799522,0.3776,33.4848224928
2017-09-01,2020,90002001,India,A1718150201,"AQ MB Crossx",Standard,3,66.37,0.2119,52.306197,0.3776,32.5553770128
2017-09-01,2020,90002001,India,A1718150201,"AQ MB Crossx",Standard,3,66.37,0.1964,53.334932,0.3776,33.1956616768
2017-09-01,2021,90002001,India,A1718150201,"AQ MB Crossx",Standard,3,65.66,0.2490,49.310660,0.3776,30.6909547840
2017-09-01,2021,90002001,India,A1718150201,"AQ MB Crossx",Standard,3,65.66,0.2247,50.906198,0.3776,31.6840176352
2017-09-01,2021,90002001,India,A1718150201,"AQ MB Crossx",Standard,3,65.66,0.1894,53.223996,0.3776,33.1266151104
2017-09-01,2021,90002001,India,A1718150201,"AQ MB Crossx",Standard,3,65.66,0.2119,51.746646,0.3776,32.2071124704
2017-09-01,2021,90002001,India,A1718150201,"AQ MB Crossx",Standard,3,65.66,0.1964,52.764376,0.3776,32.8405476224
2017-09-01,2022,90002001,India,A1718150201,"AQ MB Crossx",Standard,3,74.86,0.2490,56.219860,0.3776,34.9912408640
2017-09-01,2022,90002001,India,A1718150201,"AQ MB Crossx",Standard,3,74.86,0.2247,58.038958,0.3776,36.1234474592
2017-09-01,2022,90002001,India,A1718150201,"AQ MB Crossx",Standard,3,74.86,0.1894,60.681516,0.3776,37.7681755584
2017-09-01,2022,90002001,India,A1718150201,"AQ MB Crossx",Standard,3,74.86,0.2119,58.997166,0.3776,36.7198361184
2017-09-01,2022,90002001,India,A1718150201,"AQ MB Crossx",Standard,3,74.86,0.1964,60.157496,0.3776,37.4420255104
2017-09-01,2018,90002002,India,A1718150201,"AQ MB Crossx",Standard,5,109.11,0.2005,87.233445,0.4127,51.2322022485
2017-09-01,2018,90002002,India,A1718150201,"AQ MB Crossx",Standard,5,109.11,0.1878,88.619142,0.4127,52.0460220966
2017-09-01,2018,90002002,India,A1718150201,"AQ MB Crossx",Standard,5,109.11,0.1860,88.815540,0.4127,52.1613666420
2017-09-01,2018,90002002,India,A1718150201,"AQ MB Crossx",Standard,5,109.11,0.3025,76.104225,0.4127,44.6960113425
2017-09-01,2018,90002002,India,A1718150201,"AQ MB Crossx",Standard,5,109.11,0.1828,89.164692,0.4127,52.3664236116
2017-09-01,2019,90002002,India,A1718150201,"AQ MB Crossx",Standard,5,99.24,0.2005,79.342380,0.4127,46.5977797740
2017-09-01,2019,90002002,India,A1718150201,"AQ MB Crossx",Standard,5,99.24,0.1878,80.602728,0.4127,47.3379821544
2017-09-01,2019,90002002,India,A1718150201,"AQ MB Crossx",Standard,5,99.24,0.1860,80.781360,0.4127,47.4428927280
2017-09-01,2019,90002002,India,A1718150201,"AQ MB Crossx",Standard,5,99.24,0.3025,69.219900,0.4127,40.6528472700
2017-09-01,2019,90002002,India,A1718150201,"AQ MB Crossx",Standard,5,99.24,0.1828,81.098928,0.4127,47.6294004144
2017-09-01,2020,90002002,India,A1718150201,"AQ MB Crossx",Standard,5,110.62,0.2005,88.440690,0.4127,51.9412172370
2017-09-01,2020,90002002,India,A1718150201,"AQ MB Crossx",Standard,5,110.62,0.1878,89.845564,0.4127,52.7662997372
2017-09-01,2020,90002002,India,A1718150201,"AQ MB Crossx",Standard,5,110.62,0.1860,90.044680,0.4127,52.8832405640
2017-09-01,2020,90002002,India,A1718150201,"AQ MB Crossx",Standard,5,110.62,0.3025,77.157450,0.4127,45.3145703850
2017-09-01,2020,90002002,India,A1718150201,"AQ MB Crossx",Standard,5,110.62,0.1828,90.398664,0.4127,53.0911353672
2017-09-01,2021,90002002,India,A1718150201,"AQ MB Crossx",Standard,5,109.44,0.2005,87.497280,0.4127,51.3871525440
2017-09-01,2021,90002002,India,A1718150201,"AQ MB Crossx",Standard,5,109.44,0.1878,88.887168,0.4127,52.2034337664
2017-09-01,2021,90002002,India,A1718150201,"AQ MB Crossx",Standard,5,109.44,0.1860,89.084160,0.4127,52.3191271680
2017-09-01,2021,90002002,India,A1718150201,"AQ MB Crossx",Standard,5,109.44,0.3025,76.334400,0.4127,44.8311931200
2017-09-01,2021,90002002,India,A1718150201,"AQ MB Crossx",Standard,5,109.44,0.1828,89.434368,0.4127,52.5248043264
2017-09-01,2022,90002002,India,A1718150201,"AQ MB Crossx",Standard,5,124.77,0.2005,99.753615,0.4127,58.5852980895
2017-09-01,2022,90002002,India,A1718150201,"AQ MB Crossx",Standard,5,124.77,0.1878,101.338194,0.4127,59.5159213362
2017-09-01,2022,90002002,India,A1718150201,"AQ MB Crossx",Standard,5,124.77,0.1860,101.562780,0.4127,59.6478206940
2017-09-01,2022,90002002,India,A1718150201,"AQ MB Crossx",Standard,5,124.77,0.3025,87.027075,0.4127,51.1110011475
2017-09-01,2022,90002002,India,A1718150201,"AQ MB Crossx",Standard,5,124.77,0.1828,101.962044,0.4127,59.8823084412
2017-09-01,2018,90002003,India,A1718150201,"AQ MB Crossx",Standard,2,43.64,0.2831,31.285516,0.3562,20.1416152008
2017-09-01,2018,90002003,India,A1718150201,"AQ MB Crossx",Standard,2,43.64,0.2851,31.198236,0.3562,20.0854243368
2017-09-01,2018,90002003,India,A1718150201,"AQ MB Crossx",Standard,2,43.64,0.2611,32.245596,0.3562,20.7597147048
2017-09-01,2018,90002003,India,A1718150201,"AQ MB Crossx",Standard,2,43.64,0.3028,30.425808,0.3562,19.5881351904
2017-09-01,2018,90002003,India,A1718150201,"AQ MB Crossx",Standard,2,43.64,0.2867,31.128412,0.3562,20.0404716456
2017-09-01,2019,90002003,India,A1718150201,"AQ MB Crossx",Standard,2,39.69,0.2831,28.453761,0.3562,18.3185313318
2017-09-01,2019,90002003,India,A1718150201,"AQ MB Crossx",Standard,2,39.69,0.2851,28.374381,0.3562,18.2674264878
2017-09-01,2019,90002003,India,A1718150201,"AQ MB Crossx",Standard,2,39.69,0.2611,29.326941,0.3562,18.8806846158
2017-09-01,2019,90002003,India,A1718150201,"AQ MB Crossx",Standard,2,39.69,0.3028,27.671868,0.3562,17.8151486184
2017-09-01,2019,90002003,India,A1718150201,"AQ MB Crossx",Standard,2,39.69,0.2867,28.310877,0.3562,18.2265426126
2017-09-01,2020,90002003,India,A1718150201,"AQ MB Crossx",Standard,2,44.25,0.2831,31.722825,0.3562,20.4231547350
2017-09-01,2020,90002003,India,A1718150201,"AQ MB Crossx",Standard,2,44.25,0.2851,31.634325,0.3562,20.3661784350
2017-09-01,2020,90002003,India,A1718150201,"AQ MB Crossx",Standard,2,44.25,0.2611,32.696325,0.3562,21.0498940350
2017-09-01,2020,90002003,India,A1718150201,"AQ MB Crossx",Standard,2,44.25,0.3028,30.851100,0.3562,19.8619381800
2017-09-01,2020,90002003,India,A1718150201,"AQ MB Crossx",Standard,2,44.25,0.2867,31.563525,0.3562,20.3205973950
2017-09-01,2021,90002003,India,A1718150201,"AQ MB Crossx",Standard,2,43.78,0.2831,31.385882,0.3562,20.2062308316
2017-09-01,2021,90002003,India,A1718150201,"AQ MB Crossx",Standard,2,43.78,0.2851,31.298322,0.3562,20.1498597036
2017-09-01,2021,90002003,India,A1718150201,"AQ MB Crossx",Standard,2,43.78,0.2611,32.349042,0.3562,20.8263132396
2017-09-01,2021,90002003,India,A1718150201,"AQ MB Crossx",Standard,2,43.78,0.3028,30.523416,0.3562,19.6509752208
2017-09-01,2021,90002003,India,A1718150201,"AQ MB Crossx",Standard,2,43.78,0.2867,31.228274,0.3562,20.1047628012
2017-09-01,2022,90002003,India,A1718150201,"AQ MB Crossx",Standard,2,49.91,0.2831,35.780479,0.3562,23.0354723802
2017-09-01,2022,90002003,India,A1718150201,"AQ MB Crossx",Standard,2,49.91,0.2851,35.680659,0.3562,22.9712082642
2017-09-01,2022,90002003,India,A1718150201,"AQ MB Crossx",Standard,2,49.91,0.2611,36.878499,0.3562,23.7423776562
2017-09-01,2022,90002003,India,A1718150201,"AQ MB Crossx",Standard,2,49.91,0.3028,34.797252,0.3562,22.4024708376
2017-09-01,2022,90002003,India,A1718150201,"AQ MB Crossx",Standard,2,49.91,0.2867,35.600803,0.3562,22.9197969714
2017-09-01,2018,90002005,India,A1718150201,"AQ MB Crossx",Standard,1,21.82,0.2121,17.191978,0.3064,11.9243559408
2017-09-01,2018,90002005,India,A1718150201,"AQ MB Crossx",Standard,1,21.82,0.2610,16.124980,0.3064,11.1842861280
2017-09-01,2018,90002005,India,A1718150201,"AQ MB Crossx",Standard,1,21.82,0.2350,16.692300,0.3064,11.5777792800
2017-09-01,2018,90002005,India,A1718150201,"AQ MB Crossx",Standard,1,21.82,0.2702,15.924236,0.3064,11.0450500896
2017-09-01,2018,90002005,India,A1718150201,"AQ MB Crossx",Standard,1,21.82,0.2473,16.423914,0.3064,11.3916267504
2017-09-01,2019,90002005,India,A1718150201,"AQ MB Crossx",Standard,1,19.85,0.2121,15.639815,0.3064,10.8477756840
2017-09-01,2019,90002005,India,A1718150201,"AQ MB Crossx",Standard,1,19.85,0.2610,14.669150,0.3064,10.1745224400
2017-09-01,2019,90002005,India,A1718150201,"AQ MB Crossx",Standard,1,19.85,0.2350,15.185250,0.3064,10.5324894000
2017-09-01,2019,90002005,India,A1718150201,"AQ MB Crossx",Standard,1,19.85,0.2702,14.486530,0.3064,10.0478572080
2017-09-01,2019,90002005,India,A1718150201,"AQ MB Crossx",Standard,1,19.85,0.2473,14.941095,0.3064,10.3631434920
2017-09-01,2020,90002005,India,A1718150201,"AQ MB Crossx",Standard,1,22.12,0.2121,17.428348,0.3064,12.0883021728
2017-09-01,2020,90002005,India,A1718150201,"AQ MB Crossx",Standard,1,22.12,0.2610,16.346680,0.3064,11.3380572480
2017-09-01,2020,90002005,India,A1718150201,"AQ MB Crossx",Standard,1,22.12,0.2350,16.921800,0.3064,11.7369604800
2017-09-01,2020,90002005,India,A1718150201,"AQ MB Crossx",Standard,1,22.12,0.2702,16.143176,0.3064,11.1969068736
2017-09-01,2020,90002005,India,A1718150201,"AQ MB Crossx",Standard,1,22.12,0.2473,16.649724,0.3064,11.5482485664
2017-09-01,2021,90002005,India,A1718150201,"AQ MB Crossx",Standard,1,21.89,0.2121,17.247131,0.3064,11.9626100616
2017-09-01,2021,90002005,India,A1718150201,"AQ MB Crossx",Standard,1,21.89,0.2610,16.176710,0.3064,11.2201660560
2017-09-01,2021,90002005,India,A1718150201,"AQ MB Crossx",Standard,1,21.89,0.2350,16.745850,0.3064,11.6149215600
2017-09-01,2021,90002005,India,A1718150201,"AQ MB Crossx",Standard,1,21.89,0.2702,15.975322,0.3064,11.0804833392
2017-09-01,2021,90002005,India,A1718150201,"AQ MB Crossx",Standard,1,21.89,0.2473,16.476603,0.3064,11.4281718408
2017-09-01,2022,90002005,India,A1718150201,"AQ MB Crossx",Standard,1,24.95,0.2121,19.658105,0.3064,13.6348616280
2017-09-01,2022,90002005,India,A1718150201,"AQ MB Crossx",Standard,1,24.95,0.2610,18.438050,0.3064,12.7886314800
2017-09-01,2022,90002005,India,A1718150201,"AQ MB Crossx",Standard,1,24.95,0.2350,19.086750,0.3064,13.2385698000
2017-09-01,2022,90002005,India,A1718150201,"AQ MB Crossx",Standard,1,24.95,0.2702,18.208510,0.3064,12.6294225360
2017-09-01,2022,90002005,India,A1718150201,"AQ MB Crossx",Standard,1,24.95,0.2473,18.779865,0.3064,13.0257143640
2017-09-01,2018,90002006,India,A1718150201,"AQ MB Crossx",Standard,3,65.46,0.2923,46.326042,0.3707,29.1529782306
2017-09-01,2018,90002006,India,A1718150201,"AQ MB Crossx",Standard,3,65.46,0.2695,47.818530,0.3707,30.0922009290
2017-09-01,2018,90002006,India,A1718150201,"AQ MB Crossx",Standard,3,65.46,0.2398,49.762692,0.3707,31.3156620756
2017-09-01,2018,90002006,India,A1718150201,"AQ MB Crossx",Standard,3,65.46,0.3038,45.573252,0.3707,28.6792474836
2017-09-01,2018,90002006,India,A1718150201,"AQ MB Crossx",Standard,3,65.46,0.2841,46.862814,0.3707,29.4907688502
2017-09-01,2019,90002006,India,A1718150201,"AQ MB Crossx",Standard,3,59.54,0.2923,42.136458,0.3707,26.5164730194
2017-09-01,2019,90002006,India,A1718150201,"AQ MB Crossx",Standard,3,59.54,0.2695,43.493970,0.3707,27.3707553210
2017-09-01,2019,90002006,India,A1718150201,"AQ MB Crossx",Standard,3,59.54,0.2398,45.262308,0.3707,28.4835704244
2017-09-01,2019,90002006,India,A1718150201,"AQ MB Crossx",Standard,3,59.54,0.3038,41.451748,0.3707,26.0855850164
2017-09-01,2019,90002006,India,A1718150201,"AQ MB Crossx",Standard,3,59.54,0.2841,42.624686,0.3707,26.8237148998
2017-09-01,2020,90002006,India,A1718150201,"AQ MB Crossx",Standard,3,66.37,0.2923,46.970049,0.3707,29.5582518357
2017-09-01,2020,90002006,India,A1718150201,"AQ MB Crossx",Standard,3,66.37,0.2695,48.483285,0.3707,30.5105312505
2017-09-01,2020,90002006,India,A1718150201,"AQ MB Crossx",Standard,3,66.37,0.2398,50.454474,0.3707,31.7510004882
2017-09-01,2020,90002006,India,A1718150201,"AQ MB Crossx",Standard,3,66.37,0.3038,46.206794,0.3707,29.0779354642
2017-09-01,2020,90002006,India,A1718150201,"AQ MB Crossx",Standard,3,66.37,0.2841,47.514283,0.3707,29.9007382919
2017-09-01,2021,90002006,India,A1718150201,"AQ MB Crossx",Standard,3,65.66,0.2923,46.467582,0.3707,29.2420493526
2017-09-01,2021,90002006,India,A1718150201,"AQ MB Crossx",Standard,3,65.66,0.2695,47.964630,0.3707,30.1841416590
2017-09-01,2021,90002006,India,A1718150201,"AQ MB Crossx",Standard,3,65.66,0.2398,49.914732,0.3707,31.4113408476
2017-09-01,2021,90002006,India,A1718150201,"AQ MB Crossx",Standard,3,65.66,0.3038,45.712492,0.3707,28.7668712156
2017-09-01,2021,90002006,India,A1718150201,"AQ MB Crossx",Standard,3,65.66,0.2841,47.005994,0.3707,29.5808720242
2017-09-01,2022,90002006,India,A1718150201,"AQ MB Crossx",Standard,3,74.86,0.2923,52.978422,0.3707,33.3393209646
2017-09-01,2022,90002006,India,A1718150201,"AQ MB Crossx",Standard,3,74.86,0.2695,54.685230,0.3707,34.4134152390
2017-09-01,2022,90002006,India,A1718150201,"AQ MB Crossx",Standard,3,74.86,0.2398,56.908572,0.3707,35.8125643596
2017-09-01,2022,90002006,India,A1718150201,"AQ MB Crossx",Standard,3,74.86,0.3038,52.117532,0.3707,32.7975628876
2017-09-01,2022,90002006,India,A1718150201,"AQ MB Crossx",Standard,3,74.86,0.2841,53.592274,0.3707,33.7256180282
2017-09-01,2018,90002007,India,A1718150201,"AQ MB Crossx",Standard,4,87.29,0.2265,67.518815,0.3416,44.4543877960
2017-09-01,2018,90002007,India,A1718150201,"AQ MB Crossx",Standard,4,87.29,0.3035,60.797485,0.3416,40.0290641240
2017-09-01,2018,90002007,India,A1718150201,"AQ MB Crossx",Standard,4,87.29,0.2620,64.420020,0.3416,42.4141411680
2017-09-01,2018,90002007,India,A1718150201,"AQ MB Crossx",Standard,4,87.29,0.2508,65.397668,0.3416,43.0578246112
2017-09-01,2018,90002007,India,A1718150201,"AQ MB Crossx",Standard,4,87.29,0.2599,64.603329,0.3416,42.5348318136
2017-09-01,2019,90002007,India,A1718150201,"AQ MB Crossx",Standard,4,79.39,0.2265,61.408165,0.3416,40.4311358360
2017-09-01,2019,90002007,India,A1718150201,"AQ MB Crossx",Standard,4,79.39,0.3035,55.295135,0.3416,36.4063168840
2017-09-01,2019,90002007,India,A1718150201,"AQ MB Crossx",Standard,4,79.39,0.2620,58.589820,0.3416,38.5755374880
2017-09-01,2019,90002007,India,A1718150201,"AQ MB Crossx",Standard,4,79.39,0.2508,59.478988,0.3416,39.1609656992
2017-09-01,2019,90002007,India,A1718150201,"AQ MB Crossx",Standard,4,79.39,0.2599,58.756539,0.3416,38.6853052776
2017-09-01,2020,90002007,India,A1718150201,"AQ MB Crossx",Standard,4,88.50,0.2265,68.454750,0.3416,45.0706074000
2017-09-01,2020,90002007,India,A1718150201,"AQ MB Crossx",Standard,4,88.50,0.3035,61.640250,0.3416,40.5839406000
2017-09-01,2020,90002007,India,A1718150201,"AQ MB Crossx",Standard,4,88.50,0.2620,65.313000,0.3416,43.0020792000
2017-09-01,2020,90002007,India,A1718150201,"AQ MB Crossx",Standard,4,88.50,0.2508,66.304200,0.3416,43.6546852800
2017-09-01,2020,90002007,India,A1718150201,"AQ MB Crossx",Standard,4,88.50,0.2599,65.498850,0.3416,43.1244428400
2017-09-01,2021,90002007,India,A1718150201,"AQ MB Crossx",Standard,4,87.55,0.2265,67.719925,0.3416,44.5867986200
2017-09-01,2021,90002007,India,A1718150201,"AQ MB Crossx",Standard,4,87.55,0.3035,60.978575,0.3416,40.1482937800
2017-09-01,2021,90002007,India,A1718150201,"AQ MB Crossx",Standard,4,87.55,0.2620,64.611900,0.3416,42.5404749600
2017-09-01,2021,90002007,India,A1718150201,"AQ MB Crossx",Standard,4,87.55,0.2508,65.592460,0.3416,43.1860756640
2017-09-01,2021,90002007,India,A1718150201,"AQ MB Crossx",Standard,4,87.55,0.2599,64.795755,0.3416,42.6615250920
2017-09-01,2022,90002007,India,A1718150201,"AQ MB Crossx",Standard,4,99.82,0.2265,77.210770,0.3416,50.8355709680
2017-09-01,2022,90002007,India,A1718150201,"AQ MB Crossx",Standard,4,99.82,0.3035,69.524630,0.3416,45.7750163920
2017-09-01,2022,90002007,India,A1718150201,"AQ MB Crossx",Standard,4,99.82,0.2620,73.667160,0.3416,48.5024581440
2017-09-01,2022,90002007,India,A1718150201,"AQ MB Crossx",Standard,4,99.82,0.2508,74.785144,0.3416,49.2385388096
2017-09-01,2022,90002007,India,A1718150201,"AQ MB Crossx",Standard,4,99.82,0.2599,73.876782,0.3416,48.6404732688
2017-09-01,2018,90002009,India,A1718150201,"AQ MB Crossx",Standard,3,65.46,0.2156,51.346824,0.4043,30.5873030568
2017-09-01,2018,90002009,India,A1718150201,"AQ MB Crossx",Standard,3,65.46,0.2910,46.411140,0.4043,27.6471160980
2017-09-01,2018,90002009,India,A1718150201,"AQ MB Crossx",Standard,3,65.46,0.2826,46.961004,0.4043,27.9746700828
2017-09-01,2018,90002009,India,A1718150201,"AQ MB Crossx",Standard,3,65.46,0.3083,45.278682,0.4043,26.9725108674
2017-09-01,2018,90002009,India,A1718150201,"AQ MB Crossx",Standard,3,65.46,0.1895,53.055330,0.4043,31.6050600810
2017-09-01,2019,90002009,India,A1718150201,"AQ MB Crossx",Standard,3,59.54,0.2156,46.703176,0.4043,27.8210819432
2017-09-01,2019,90002009,India,A1718150201,"AQ MB Crossx",Standard,3,59.54,0.2910,42.213860,0.4043,25.1467964020
2017-09-01,2019,90002009,India,A1718150201,"AQ MB Crossx",Standard,3,59.54,0.2826,42.713996,0.4043,25.4447274172
2017-09-01,2019,90002009,India,A1718150201,"AQ MB Crossx",Standard,3,59.54,0.3083,41.183818,0.4043,24.5332003826
2017-09-01,2019,90002009,India,A1718150201,"AQ MB Crossx",Standard,3,59.54,0.1895,48.257170,0.4043,28.7467961690
2017-09-01,2020,90002009,India,A1718150201,"AQ MB Crossx",Standard,3,66.37,0.2156,52.060628,0.4043,31.0125160996
2017-09-01,2020,90002009,India,A1718150201,"AQ MB Crossx",Standard,3,66.37,0.2910,47.056330,0.4043,28.0314557810
2017-09-01,2020,90002009,India,A1718150201,"AQ MB Crossx",Standard,3,66.37,0.2826,47.613838,0.4043,28.3635632966
2017-09-01,2020,90002009,India,A1718150201,"AQ MB Crossx",Standard,3,66.37,0.3083,45.908129,0.4043,27.3474724453
2017-09-01,2020,90002009,India,A1718150201,"AQ MB Crossx",Standard,3,66.37,0.1895,53.792885,0.4043,32.0444215945
2017-09-01,2021,90002009,India,A1718150201,"AQ MB Crossx",Standard,3,65.66,0.2156,51.503704,0.4043,30.6807564728
2017-09-01,2021,90002009,India,A1718150201,"AQ MB Crossx",Standard,3,65.66,0.2910,46.552940,0.4043,27.7315863580
2017-09-01,2021,90002009,India,A1718150201,"AQ MB Crossx",Standard,3,65.66,0.2826,47.104484,0.4043,28.0601411188
2017-09-01,2021,90002009,India,A1718150201,"AQ MB Crossx",Standard,3,65.66,0.3083,45.417022,0.4043,27.0549200054
2017-09-01,2021,90002009,India,A1718150201,"AQ MB Crossx",Standard,3,65.66,0.1895,53.217430,0.4043,31.7016230510
2017-09-01,2022,90002009,India,A1718150201,"AQ MB Crossx",Standard,3,74.86,0.2156,58.720184,0.4043,34.9796136088
2017-09-01,2022,90002009,India,A1718150201,"AQ MB Crossx",Standard,3,74.86,0.2910,53.075740,0.4043,31.6172183180
2017-09-01,2022,90002009,India,A1718150201,"AQ MB Crossx",Standard,3,74.86,0.2826,53.704564,0.4043,31.9918087748
2017-09-01,2022,90002009,India,A1718150201,"AQ MB Crossx",Standard,3,74.86,0.3083,51.780662,0.4043,30.8457403534
2017-09-01,2022,90002009,India,A1718150201,"AQ MB Crossx",Standard,3,74.86,0.1895,60.674030,0.4043,36.1435196710
2017-09-01,2018,90002010,India,A1718150201,"AQ MB Crossx",Standard,4,87.29,0.2242,67.719582,0.3829,41.7897540522
2017-09-01,2018,90002010,India,A1718150201,"AQ MB Crossx",Standard,4,87.29,0.1832,71.298472,0.3829,43.9982870712
2017-09-01,2018,90002010,India,A1718150201,"AQ MB Crossx",Standard,4,87.29,0.2076,69.168596,0.3829,42.6839405916
2017-09-01,2018,90002010,India,A1718150201,"AQ MB Crossx",Standard,4,87.29,0.2259,67.571189,0.3829,41.6981807319
2017-09-01,2018,90002010,India,A1718150201,"AQ MB Crossx",Standard,4,87.29,0.2714,63.599494,0.3829,39.2472477474
2017-09-01,2019,90002010,India,A1718150201,"AQ MB Crossx",Standard,4,79.39,0.2242,61.590762,0.3829,38.0076592302
2017-09-01,2019,90002010,India,A1718150201,"AQ MB Crossx",Standard,4,79.39,0.1832,64.845752,0.3829,40.0163135592
2017-09-01,2019,90002010,India,A1718150201,"AQ MB Crossx",Standard,4,79.39,0.2076,62.908636,0.3829,38.8209192756
2017-09-01,2019,90002010,India,A1718150201,"AQ MB Crossx",Standard,4,79.39,0.2259,61.455799,0.3829,37.9243735629
2017-09-01,2019,90002010,India,A1718150201,"AQ MB Crossx",Standard,4,79.39,0.2714,57.843554,0.3829,35.6952571734
2017-09-01,2020,90002010,India,A1718150201,"AQ MB Crossx",Standard,4,88.50,0.2242,68.658300,0.3829,42.3690369300
2017-09-01,2020,90002010,India,A1718150201,"AQ MB Crossx",Standard,4,88.50,0.1832,72.286800,0.3829,44.6081842800
2017-09-01,2020,90002010,India,A1718150201,"AQ MB Crossx",Standard,4,88.50,0.2076,70.127400,0.3829,43.2756185400
2017-09-01,2020,90002010,India,A1718150201,"AQ MB Crossx",Standard,4,88.50,0.2259,68.507850,0.3829,42.2761942350
2017-09-01,2020,90002010,India,A1718150201,"AQ MB Crossx",Standard,4,88.50,0.2714,64.481100,0.3829,39.7912868100
2017-09-01,2021,90002010,India,A1718150201,"AQ MB Crossx",Standard,4,87.55,0.2242,67.921290,0.3829,41.9142280590
2017-09-01,2021,90002010,India,A1718150201,"AQ MB Crossx",Standard,4,87.55,0.1832,71.510840,0.3829,44.1293393640
2017-09-01,2021,90002010,India,A1718150201,"AQ MB Crossx",Standard,4,87.55,0.2076,69.374620,0.3829,42.8110780020
2017-09-01,2021,90002010,India,A1718150201,"AQ MB Crossx",Standard,4,87.55,0.2259,67.772455,0.3829,41.8223819805
2017-09-01,2021,90002010,India,A1718150201,"AQ MB Crossx",Standard,4,87.55,0.2714,63.788930,0.3829,39.3641487030
2017-09-01,2022,90002010,India,A1718150201,"AQ MB Crossx",Standard,4,99.82,0.2242,77.440356,0.3829,47.7884436876
2017-09-01,2022,90002010,India,A1718150201,"AQ MB Crossx",Standard,4,99.82,0.1832,81.532976,0.3829,50.3139994896
2017-09-01,2022,90002010,India,A1718150201,"AQ MB Crossx",Standard,4,99.82,0.2076,79.097368,0.3829,48.8109857928
2017-09-01,2022,90002010,India,A1718150201,"AQ MB Crossx",Standard,4,99.82,0.2259,77.270662,0.3829,47.6837255202
2017-09-01,2022,90002010,India,A1718150201,"AQ MB Crossx",Standard,4,99.82,0.2714,72.728852,0.3829,44.8809745692
2017-09-01,2018,90002011,India,A1718150201,"AQ MB Crossx",Standard,2,43.64,0.2902,30.975672,0.3355,20.5833340440
2017-09-01,2018,90002011,India,A1718150201,"AQ MB Crossx",Standard,2,43.64,0.3077,30.211972,0.3355,20.0758553940
2017-09-01,2018,90002011,India,A1718150201,"AQ MB Crossx",Standard,2,43.64,0.2656,32.049216,0.3355,21.2967040320
2017-09-01,2018,90002011,India,A1718150201,"AQ MB Crossx",Standard,2,43.64,0.2793,31.451348,0.3355,20.8994207460
2017-09-01,2018,90002011,India,A1718150201,"AQ MB Crossx",Standard,2,43.64,0.1945,35.152020,0.3355,23.3585172900
2017-09-01,2019,90002011,India,A1718150201,"AQ MB Crossx",Standard,2,39.69,0.2902,28.171962,0.3355,18.7202687490
2017-09-01,2019,90002011,India,A1718150201,"AQ MB Crossx",Standard,2,39.69,0.3077,27.477387,0.3355,18.2587236615
2017-09-01,2019,90002011,India,A1718150201,"AQ MB Crossx",Standard,2,39.69,0.2656,29.148336,0.3355,19.3690692720
2017-09-01,2019,90002011,India,A1718150201,"AQ MB Crossx",Standard,2,39.69,0.2793,28.604583,0.3355,19.0077454035
2017-09-01,2019,90002011,India,A1718150201,"AQ MB Crossx",Standard,2,39.69,0.1945,31.970295,0.3355,21.2442610275
2017-09-01,2020,90002011,India,A1718150201,"AQ MB Crossx",Standard,2,44.25,0.2902,31.408650,0.3355,20.8710479250
2017-09-01,2020,90002011,India,A1718150201,"AQ MB Crossx",Standard,2,44.25,0.3077,30.634275,0.3355,20.3564757375
2017-09-01,2020,90002011,India,A1718150201,"AQ MB Crossx",Standard,2,44.25,0.2656,32.497200,0.3355,21.5943894000
2017-09-01,2020,90002011,India,A1718150201,"AQ MB Crossx",Standard,2,44.25,0.2793,31.890975,0.3355,21.1915528875
2017-09-01,2020,90002011,India,A1718150201,"AQ MB Crossx",Standard,2,44.25,0.1945,35.643375,0.3355,23.6850226875
2017-09-01,2021,90002011,India,A1718150201,"AQ MB Crossx",Standard,2,43.78,0.2902,31.075044,0.3355,20.6493667380
2017-09-01,2021,90002011,India,A1718150201,"AQ MB Crossx",Standard,2,43.78,0.3077,30.308894,0.3355,20.1402600630
2017-09-01,2021,90002011,India,A1718150201,"AQ MB Crossx",Standard,2,43.78,0.2656,32.152032,0.3355,21.3650252640
2017-09-01,2021,90002011,India,A1718150201,"AQ MB Crossx",Standard,2,43.78,0.2793,31.552246,0.3355,20.9664674670
2017-09-01,2021,90002011,India,A1718150201,"AQ MB Crossx",Standard,2,43.78,0.1945,35.264790,0.3355,23.4334529550
2017-09-01,2022,90002011,India,A1718150201,"AQ MB Crossx",Standard,2,49.91,0.2902,35.426118,0.3355,23.5406554110
2017-09-01,2022,90002011,India,A1718150201,"AQ MB Crossx",Standard,2,49.91,0.3077,34.552693,0.3355,22.9602644985
2017-09-01,2022,90002011,India,A1718150201,"AQ MB Crossx",Standard,2,49.91,0.2656,36.653904,0.3355,24.3565192080
2017-09-01,2022,90002011,India,A1718150201,"AQ MB Crossx",Standard,2,49.91,0.2793,35.970137,0.3355,23.9021560365
2017-09-01,2022,90002011,India,A1718150201,"AQ MB Crossx",Standard,2,49.91,0.1945,40.202505,0.3355,26.7145645725
2017-09-01,2018,90002013,India,A1718150201,"AQ MB Crossx",Standard,4,87.29,0.2644,64.210524,0.3166,43.8814721016
2017-09-01,2018,90002013,India,A1718150201,"AQ MB Crossx",Standard,4,87.29,0.2436,66.026156,0.3166,45.1222750104
2017-09-01,2018,90002013,India,A1718150201,"AQ MB Crossx",Standard,4,87.29,0.2885,62.106835,0.3166,42.4438110390
2017-09-01,2018,90002013,India,A1718150201,"AQ MB Crossx",Standard,4,87.29,0.2253,67.623563,0.3166,46.2139429542
2017-09-01,2018,90002013,India,A1718150201,"AQ MB Crossx",Standard,4,87.29,0.2022,69.639962,0.3166,47.5919500308
2017-09-01,2019,90002013,India,A1718150201,"AQ MB Crossx",Standard,4,79.39,0.2644,58.399284,0.3166,39.9100706856
2017-09-01,2019,90002013,India,A1718150201,"AQ MB Crossx",Standard,4,79.39,0.2436,60.050596,0.3166,41.0385773064
2017-09-01,2019,90002013,India,A1718150201,"AQ MB Crossx",Standard,4,79.39,0.2885,56.485985,0.3166,38.6025221490
2017-09-01,2019,90002013,India,A1718150201,"AQ MB Crossx",Standard,4,79.39,0.2253,61.503433,0.3166,42.0314461122
2017-09-01,2019,90002013,India,A1718150201,"AQ MB Crossx",Standard,4,79.39,0.2022,63.337342,0.3166,43.2847395228
2017-09-01,2020,90002013,India,A1718150201,"AQ MB Crossx",Standard,4,88.50,0.2644,65.100600,0.3166,44.4897500400
2017-09-01,2020,90002013,India,A1718150201,"AQ MB Crossx",Standard,4,88.50,0.2436,66.941400,0.3166,45.7477527600
2017-09-01,2020,90002013,India,A1718150201,"AQ MB Crossx",Standard,4,88.50,0.2885,62.967750,0.3166,43.0321603500
2017-09-01,2020,90002013,India,A1718150201,"AQ MB Crossx",Standard,4,88.50,0.2253,68.560950,0.3166,46.8545532300
2017-09-01,2020,90002013,India,A1718150201,"AQ MB Crossx",Standard,4,88.50,0.2022,70.605300,0.3166,48.2516620200
2017-09-01,2021,90002013,India,A1718150201,"AQ MB Crossx",Standard,4,87.55,0.2644,64.401780,0.3166,44.0121764520
2017-09-01,2021,90002013,India,A1718150201,"AQ MB Crossx",Standard,4,87.55,0.2436,66.222820,0.3166,45.2566751880
2017-09-01,2021,90002013,India,A1718150201,"AQ MB Crossx",Standard,4,87.55,0.2885,62.291825,0.3166,42.5702332050
2017-09-01,2021,90002013,India,A1718150201,"AQ MB Crossx",Standard,4,87.55,0.2253,67.824985,0.3166,46.3515947490
2017-09-01,2021,90002013,India,A1718150201,"AQ MB Crossx",Standard,4,87.55,0.2022,69.847390,0.3166,47.7337063260
2017-09-01,2022,90002013,India,A1718150201,"AQ MB Crossx",Standard,4,99.82,0.2644,73.427592,0.3166,50.1804163728
2017-09-01,2022,90002013,India,A1718150201,"AQ MB Crossx",Standard,4,99.82,0.2436,75.503848,0.3166,51.5993297232
2017-09-01,2022,90002013,India,A1718150201,"AQ MB Crossx",Standard,4,99.82,0.2885,71.021930,0.3166,48.5363869620
2017-09-01,2022,90002013,India,A1718150201,"AQ MB Crossx",Standard,4,99.82,0.2253,77.330554,0.3166,52.8477006036
2017-09-01,2022,90002013,India,A1718150201,"AQ MB Crossx",Standard,4,99.82,0.2022,79.636396,0.3166,54.4235130264
2017-09-01,2018,90002014,India,A1718150201,"AQ MB Crossx",Standard,4,87.29,0.2971,61.356141,0.3131,42.1455332529
2017-09-01,2018,90002014,India,A1718150201,"AQ MB Crossx",Standard,4,87.29,0.2704,63.686784,0.3131,43.7464519296
2017-09-01,2018,90002014,India,A1718150201,"AQ MB Crossx",Standard,4,87.29,0.2654,64.123234,0.3131,44.0462494346
2017-09-01,2018,90002014,India,A1718150201,"AQ MB Crossx",Standard,4,87.29,0.2057,69.334447,0.3131,47.6258316443
2017-09-01,2018,90002014,India,A1718150201,"AQ MB Crossx",Standard,4,87.29,0.2648,64.175608,0.3131,44.0822251352
2017-09-01,2019,90002014,India,A1718150201,"AQ MB Crossx",Standard,4,79.39,0.2971,55.803231,0.3131,38.3312393739
2017-09-01,2019,90002014,India,A1718150201,"AQ MB Crossx",Standard,4,79.39,0.2704,57.922944,0.3131,39.7872702336
2017-09-01,2019,90002014,India,A1718150201,"AQ MB Crossx",Standard,4,79.39,0.2654,58.319894,0.3131,40.0599351886
2017-09-01,2019,90002014,India,A1718150201,"AQ MB Crossx",Standard,4,79.39,0.2057,63.059477,0.3131,43.3155547513
2017-09-01,2019,90002014,India,A1718150201,"AQ MB Crossx",Standard,4,79.39,0.2648,58.367528,0.3131,40.0926549832
2017-09-01,2020,90002014,India,A1718150201,"AQ MB Crossx",Standard,4,88.50,0.2971,62.206650,0.3131,42.7297478850
2017-09-01,2020,90002014,India,A1718150201,"AQ MB Crossx",Standard,4,88.50,0.2704,64.569600,0.3131,44.3528582400
2017-09-01,2020,90002014,India,A1718150201,"AQ MB Crossx",Standard,4,88.50,0.2654,65.012100,0.3131,44.6568114900
2017-09-01,2020,90002014,India,A1718150201,"AQ MB Crossx",Standard,4,88.50,0.2057,70.295550,0.3131,48.2860132950
2017-09-01,2020,90002014,India,A1718150201,"AQ MB Crossx",Standard,4,88.50,0.2648,65.065200,0.3131,44.6932858800
2017-09-01,2021,90002014,India,A1718150201,"AQ MB Crossx",Standard,4,87.55,0.2971,61.538895,0.3131,42.2710669755
2017-09-01,2021,90002014,India,A1718150201,"AQ MB Crossx",Standard,4,87.55,0.2704,63.876480,0.3131,43.8767541120
2017-09-01,2021,90002014,India,A1718150201,"AQ MB Crossx",Standard,4,87.55,0.2654,64.314230,0.3131,44.1774445870
2017-09-01,2021,90002014,India,A1718150201,"AQ MB Crossx",Standard,4,87.55,0.2057,69.540965,0.3131,47.7676888585
2017-09-01,2021,90002014,India,A1718150201,"AQ MB Crossx",Standard,4,87.55,0.2648,64.366760,0.3131,44.2135274440
2017-09-01,2022,90002014,India,A1718150201,"AQ MB Crossx",Standard,4,99.82,0.2971,70.163478,0.3131,48.1952930382
2017-09-01,2022,90002014,India,A1718150201,"AQ MB Crossx",Standard,4,99.82,0.2704,72.828672,0.3131,50.0260147968
2017-09-01,2022,90002014,India,A1718150201,"AQ MB Crossx",Standard,4,99.82,0.2654,73.327772,0.3131,50.3688465868
2017-09-01,2022,90002014,India,A1718150201,"AQ MB Crossx",Standard,4,99.82,0.2057,79.287026,0.3131,54.4622581594
2017-09-01,2022,90002014,India,A1718150201,"AQ MB Crossx",Standard,4,99.82,0.2648,73.387664,0.3131,50.4099864016
2017-09-01,2018,90002015,India,A1718150201,"AQ MB Crossx",Standard,3,65.46,0.2860,46.738440,0.3417,30.7679150520
2017-09-01,2018,90002015,India,A1718150201,"AQ MB Crossx",Standard,3,65.46,0.2504,49.068816,0.3417,32.3020015728
2017-09-01,2018,90002015,India,A1718150201,"AQ MB Crossx",Standard,3,65.46,0.2227,50.882058,0.3417,33.4956587814
2017-09-01,2018,90002015,India,A1718150201,"AQ MB Crossx",Standard,3,65.46,0.2004,52.341816,0.3417,34.4566174728
2017-09-01,2018,90002015,India,A1718150201,"AQ MB Crossx",Standard,3,65.46,0.2156,51.346824,0.3417,33.8016142392
2017-09-01,2019,90002015,India,A1718150201,"AQ MB Crossx",Standard,3,59.54,0.2860,42.511560,0.3417,27.9853599480
2017-09-01,2019,90002015,India,A1718150201,"AQ MB Crossx",Standard,3,59.54,0.2504,44.631184,0.3417,29.3807084272
2017-09-01,2019,90002015,India,A1718150201,"AQ MB Crossx",Standard,3,59.54,0.2227,46.280442,0.3417,30.4664149686
2017-09-01,2019,90002015,India,A1718150201,"AQ MB Crossx",Standard,3,59.54,0.2004,47.608184,0.3417,31.3404675272
2017-09-01,2019,90002015,India,A1718150201,"AQ MB Crossx",Standard,3,59.54,0.2156,46.703176,0.3417,30.7447007608
2017-09-01,2020,90002015,India,A1718150201,"AQ MB Crossx",Standard,3,66.37,0.2860,47.388180,0.3417,31.1956388940
2017-09-01,2020,90002015,India,A1718150201,"AQ MB Crossx",Standard,3,66.37,0.2504,49.750952,0.3417,32.7510517016
2017-09-01,2020,90002015,India,A1718150201,"AQ MB Crossx",Standard,3,66.37,0.2227,51.589401,0.3417,33.9613026783
2017-09-01,2020,90002015,India,A1718150201,"AQ MB Crossx",Standard,3,66.37,0.2004,53.069452,0.3417,34.9356202516
2017-09-01,2020,90002015,India,A1718150201,"AQ MB Crossx",Standard,3,66.37,0.2156,52.060628,0.3417,34.2715114124
2017-09-01,2021,90002015,India,A1718150201,"AQ MB Crossx",Standard,3,65.66,0.2860,46.881240,0.3417,30.8619202920
2017-09-01,2021,90002015,India,A1718150201,"AQ MB Crossx",Standard,3,65.66,0.2504,49.218736,0.3417,32.4006939088
2017-09-01,2021,90002015,India,A1718150201,"AQ MB Crossx",Standard,3,65.66,0.2227,51.037518,0.3417,33.5979980994
2017-09-01,2021,90002015,India,A1718150201,"AQ MB Crossx",Standard,3,65.66,0.2004,52.501736,0.3417,34.5618928088
2017-09-01,2021,90002015,India,A1718150201,"AQ MB Crossx",Standard,3,65.66,0.2156,51.503704,0.3417,33.9048883432
2017-09-01,2022,90002015,India,A1718150201,"AQ MB Crossx",Standard,3,74.86,0.2860,53.450040,0.3417,35.1861613320
2017-09-01,2022,90002015,India,A1718150201,"AQ MB Crossx",Standard,3,74.86,0.2504,56.115056,0.3417,36.9405413648
2017-09-01,2022,90002015,India,A1718150201,"AQ MB Crossx",Standard,3,74.86,0.2227,58.188678,0.3417,38.3056067274
2017-09-01,2022,90002015,India,A1718150201,"AQ MB Crossx",Standard,3,74.86,0.2004,59.858056,0.3417,39.4045582648
2017-09-01,2022,90002015,India,A1718150201,"AQ MB Crossx",Standard,3,74.86,0.2156,58.720184,0.3417,38.6554971272
2017-09-01,2018,90003179,Indonesia,A1718150201,"AQ MB Crossx",Standard,1,21.82,0.2193,17.034874,0.3394,11.2532377644
2017-09-01,2018,90003179,Indonesia,A1718150201,"AQ MB Crossx",Standard,1,21.82,0.2229,16.956322,0.3394,11.2013463132
2017-09-01,2018,90003179,Indonesia,A1718150201,"AQ MB Crossx",Standard,1,21.82,0.2400,16.583200,0.3394,10.9548619200
2017-09-01,2018,90003179,Indonesia,A1718150201,"AQ MB Crossx",Standard,1,21.82,0.2455,16.463190,0.3394,10.8755833140
2017-09-01,2018,90003179,Indonesia,A1718150201,"AQ MB Crossx",Standard,1,21.82,0.2730,15.863140,0.3394,10.4791902840
2017-09-01,2019,90003179,Indonesia,A1718150201,"AQ MB Crossx",Standard,1,19.85,0.2193,15.496895,0.3394,10.2372488370
2017-09-01,2019,90003179,Indonesia,A1718150201,"AQ MB Crossx",Standard,1,19.85,0.2229,15.425435,0.3394,10.1900423610
2017-09-01,2019,90003179,Indonesia,A1718150201,"AQ MB Crossx",Standard,1,19.85,0.2400,15.086000,0.3394,9.9658116000
2017-09-01,2019,90003179,Indonesia,A1718150201,"AQ MB Crossx",Standard,1,19.85,0.2455,14.976825,0.3394,9.8936905950
2017-09-01,2019,90003179,Indonesia,A1718150201,"AQ MB Crossx",Standard,1,19.85,0.2730,14.430950,0.3394,9.5330855700
2017-09-01,2020,90003179,Indonesia,A1718150201,"AQ MB Crossx",Standard,1,22.12,0.2193,17.269084,0.3394,11.4079568904
2017-09-01,2020,90003179,Indonesia,A1718150201,"AQ MB Crossx",Standard,1,22.12,0.2229,17.189452,0.3394,11.3553519912
2017-09-01,2020,90003179,Indonesia,A1718150201,"AQ MB Crossx",Standard,1,22.12,0.2400,16.811200,0.3394,11.1054787200
2017-09-01,2020,90003179,Indonesia,A1718150201,"AQ MB Crossx",Standard,1,22.12,0.2455,16.689540,0.3394,11.0251101240
2017-09-01,2020,90003179,Indonesia,A1718150201,"AQ MB Crossx",Standard,1,22.12,0.2730,16.081240,0.3394,10.6232671440
2017-09-01,2021,90003179,Indonesia,A1718150201,"AQ MB Crossx",Standard,1,21.89,0.2193,17.089523,0.3394,11.2893388938
2017-09-01,2021,90003179,Indonesia,A1718150201,"AQ MB Crossx",Standard,1,21.89,0.2229,17.010719,0.3394,11.2372809714
2017-09-01,2021,90003179,Indonesia,A1718150201,"AQ MB Crossx",Standard,1,21.89,0.2400,16.636400,0.3394,10.9900058400
2017-09-01,2021,90003179,Indonesia,A1718150201,"AQ MB Crossx",Standard,1,21.89,0.2455,16.516005,0.3394,10.9104729030
2017-09-01,2021,90003179,Indonesia,A1718150201,"AQ MB Crossx",Standard,1,21.89,0.2730,15.914030,0.3394,10.5128082180
2017-09-01,2022,90003179,Indonesia,A1718150201,"AQ MB Crossx",Standard,1,24.95,0.2193,19.478465,0.3394,12.8674739790
2017-09-01,2022,90003179,Indonesia,A1718150201,"AQ MB Crossx",Standard,1,24.95,0.2229,19.388645,0.3394,12.8081388870
2017-09-01,2022,90003179,Indonesia,A1718150201,"AQ MB Crossx",Standard,1,24.95,0.2400,18.962000,0.3394,12.5262972000
2017-09-01,2022,90003179,Indonesia,A1718150201,"AQ MB Crossx",Standard,1,24.95,0.2455,18.824775,0.3394,12.4356463650
2017-09-01,2022,90003179,Indonesia,A1718150201,"AQ MB Crossx",Standard,1,24.95,0.2730,18.138650,0.3394,11.9823921900
2017-09-01,2018,90007197,"South Korea",A1718150201,"AQ MB Crossx",Standard,3,65.46,0.2031,52.165074,0.3691,32.9109451866
2017-09-01,2018,90007197,"South Korea",A1718150201,"AQ MB Crossx",Standard,3,65.46,0.1903,53.002962,0.3691,33.4395687258
2017-09-01,2018,90007197,"South Korea",A1718150201,"AQ MB Crossx",Standard,3,65.46,0.2182,51.176628,0.3691,32.2873346052
2017-09-01,2018,90007197,"South Korea",A1718150201,"AQ MB Crossx",Standard,3,65.46,0.2009,52.309086,0.3691,33.0018023574
2017-09-01,2018,90007197,"South Korea",A1718150201,"AQ MB Crossx",Standard,3,65.46,0.2989,45.894006,0.3691,28.9545283854
2017-09-01,2019,90007197,"South Korea",A1718150201,"AQ MB Crossx",Standard,3,59.54,0.2031,47.447426,0.3691,29.9345810634
2017-09-01,2019,90007197,"South Korea",A1718150201,"AQ MB Crossx",Standard,3,59.54,0.1903,48.209538,0.3691,30.4153975242
2017-09-01,2019,90007197,"South Korea",A1718150201,"AQ MB Crossx",Standard,3,59.54,0.2182,46.548372,0.3691,29.3673678948
2017-09-01,2019,90007197,"South Korea",A1718150201,"AQ MB Crossx",Standard,3,59.54,0.2009,47.578414,0.3691,30.0172213926
2017-09-01,2019,90007197,"South Korea",A1718150201,"AQ MB Crossx",Standard,3,59.54,0.2989,41.743494,0.3691,26.3359703646
2017-09-01,2020,90007197,"South Korea",A1718150201,"AQ MB Crossx",Standard,3,66.37,0.2031,52.890253,0.3691,33.3684606177
2017-09-01,2020,90007197,"South Korea",A1718150201,"AQ MB Crossx",Standard,3,66.37,0.1903,53.739789,0.3691,33.9044328801
2017-09-01,2020,90007197,"South Korea",A1718150201,"AQ MB Crossx",Standard,3,66.37,0.2182,51.888066,0.3691,32.7361808394
2017-09-01,2020,90007197,"South Korea",A1718150201,"AQ MB Crossx",Standard,3,66.37,0.2009,53.036267,0.3691,33.4605808503
2017-09-01,2020,90007197,"South Korea",A1718150201,"AQ MB Crossx",Standard,3,66.37,0.2989,46.532007,0.3691,29.3570432163
2017-09-01,2021,90007197,"South Korea",A1718150201,"AQ MB Crossx",Standard,3,65.66,0.2031,52.324454,0.3691,33.0114980286
2017-09-01,2021,90007197,"South Korea",A1718150201,"AQ MB Crossx",Standard,3,65.66,0.1903,53.164902,0.3691,33.5417366718
2017-09-01,2021,90007197,"South Korea",A1718150201,"AQ MB Crossx",Standard,3,65.66,0.2182,51.332988,0.3691,32.3859821292
2017-09-01,2021,90007197,"South Korea",A1718150201,"AQ MB Crossx",Standard,3,65.66,0.2009,52.468906,0.3691,33.1026327954
2017-09-01,2021,90007197,"South Korea",A1718150201,"AQ MB Crossx",Standard,3,65.66,0.2989,46.034226,0.3691,29.0429931834
2017-09-01,2022,90007197,"South Korea",A1718150201,"AQ MB Crossx",Standard,3,74.86,0.2031,59.655934,0.3691,37.6369287606
2017-09-01,2022,90007197,"South Korea",A1718150201,"AQ MB Crossx",Standard,3,74.86,0.1903,60.614142,0.3691,38.2414621878
2017-09-01,2022,90007197,"South Korea",A1718150201,"AQ MB Crossx",Standard,3,74.86,0.2182,58.525548,0.3691,36.9237682332
2017-09-01,2022,90007197,"South Korea",A1718150201,"AQ MB Crossx",Standard,3,74.86,0.2009,59.820626,0.3691,37.7408329434
2017-09-01,2022,90007197,"South Korea",A1718150201,"AQ MB Crossx",Standard,3,74.86,0.2989,52.484346,0.3691,33.1123738914
2017-09-01,2018,90008165,Australia,A1718150201,"AQ MB Crossx",Standard,1,21.82,0.2849,15.603482,0.3988,9.3808133784
2017-09-01,2018,90008165,Australia,A1718150201,"AQ MB Crossx",Standard,1,21.82,0.2483,16.402094,0.3988,9.8609389128
2017-09-01,2018,90008165,Australia,A1718150201,"AQ MB Crossx",Standard,1,21.82,0.2609,16.127162,0.3988,9.6956497944
2017-09-01,2018,90008165,Australia,A1718150201,"AQ MB Crossx",Standard,1,21.82,0.2136,17.159248,0.3988,10.3161398976
2017-09-01,2018,90008165,Australia,A1718150201,"AQ MB Crossx",Standard,1,21.82,0.2728,15.867504,0.3988,9.5395434048
2017-09-01,2019,90008165,Australia,A1718150201,"AQ MB Crossx",Standard,1,19.85,0.2849,14.194735,0.3988,8.5338746820
2017-09-01,2019,90008165,Australia,A1718150201,"AQ MB Crossx",Standard,1,19.85,0.2483,14.921245,0.3988,8.9706524940
2017-09-01,2019,90008165,Australia,A1718150201,"AQ MB Crossx",Standard,1,19.85,0.2609,14.671135,0.3988,8.8202863620
2017-09-01,2019,90008165,Australia,A1718150201,"AQ MB Crossx",Standard,1,19.85,0.2136,15.610040,0.3988,9.3847560480
2017-09-01,2019,90008165,Australia,A1718150201,"AQ MB Crossx",Standard,1,19.85,0.2728,14.434920,0.3988,8.6782739040
2017-09-01,2020,90008165,Australia,A1718150201,"AQ MB Crossx",Standard,1,22.12,0.2849,15.818012,0.3988,9.5097888144
2017-09-01,2020,90008165,Australia,A1718150201,"AQ MB Crossx",Standard,1,22.12,0.2483,16.627604,0.3988,9.9965155248
2017-09-01,2020,90008165,Australia,A1718150201,"AQ MB Crossx",Standard,1,22.12,0.2609,16.348892,0.3988,9.8289538704
2017-09-01,2020,90008165,Australia,A1718150201,"AQ MB Crossx",Standard,1,22.12,0.2136,17.395168,0.3988,10.4579750016
2017-09-01,2020,90008165,Australia,A1718150201,"AQ MB Crossx",Standard,1,22.12,0.2728,16.085664,0.3988,9.6707011968
2017-09-01,2021,90008165,Australia,A1718150201,"AQ MB Crossx",Standard,1,21.89,0.2849,15.653539,0.3988,9.4109076468
2017-09-01,2021,90008165,Australia,A1718150201,"AQ MB Crossx",Standard,1,21.89,0.2483,16.454713,0.3988,9.8925734556
2017-09-01,2021,90008165,Australia,A1718150201,"AQ MB Crossx",Standard,1,21.89,0.2609,16.178899,0.3988,9.7267540788
2017-09-01,2021,90008165,Australia,A1718150201,"AQ MB Crossx",Standard,1,21.89,0.2136,17.214296,0.3988,10.3492347552
2017-09-01,2021,90008165,Australia,A1718150201,"AQ MB Crossx",Standard,1,21.89,0.2728,15.918408,0.3988,9.5701468896
2017-09-01,2022,90008165,Australia,A1718150201,"AQ MB Crossx",Standard,1,24.95,0.2849,17.841745,0.3988,10.7264570940
2017-09-01,2022,90008165,Australia,A1718150201,"AQ MB Crossx",Standard,1,24.95,0.2483,18.754915,0.3988,11.2754548980
2017-09-01,2022,90008165,Australia,A1718150201,"AQ MB Crossx",Standard,1,24.95,0.2609,18.440545,0.3988,11.0864556540
2017-09-01,2022,90008165,Australia,A1718150201,"AQ MB Crossx",Standard,1,24.95,0.2136,19.620680,0.3988,11.7959528160
2017-09-01,2022,90008165,Australia,A1718150201,"AQ MB Crossx",Standard,1,24.95,0.2728,18.143640,0.3988,10.9079563680
2017-09-01,2018,90008166,Australia,A1718150201,"AQ MB Crossx",Standard,1,21.82,0.2884,15.527112,0.3920,9.4404840960
2017-09-01,2018,90008166,Australia,A1718150201,"AQ MB Crossx",Standard,1,21.82,0.2281,16.842858,0.3920,10.2404576640
2017-09-01,2018,90008166,Australia,A1718150201,"AQ MB Crossx",Standard,1,21.82,0.1987,17.484366,0.3920,10.6304945280
2017-09-01,2018,90008166,Australia,A1718150201,"AQ MB Crossx",Standard,1,21.82,0.3063,15.136534,0.3920,9.2030126720
2017-09-01,2018,90008166,Australia,A1718150201,"AQ MB Crossx",Standard,1,21.82,0.2636,16.068248,0.3920,9.7694947840
2017-09-01,2019,90008166,Australia,A1718150201,"AQ MB Crossx",Standard,1,19.85,0.2884,14.125260,0.3920,8.5881580800
2017-09-01,2019,90008166,Australia,A1718150201,"AQ MB Crossx",Standard,1,19.85,0.2281,15.322215,0.3920,9.3159067200
2017-09-01,2019,90008166,Australia,A1718150201,"AQ MB Crossx",Standard,1,19.85,0.1987,15.905805,0.3920,9.6707294400
2017-09-01,2019,90008166,Australia,A1718150201,"AQ MB Crossx",Standard,1,19.85,0.3063,13.769945,0.3920,8.3721265600
2017-09-01,2019,90008166,Australia,A1718150201,"AQ MB Crossx",Standard,1,19.85,0.2636,14.617540,0.3920,8.8874643200
2017-09-01,2020,90008166,Australia,A1718150201,"AQ MB Crossx",Standard,1,22.12,0.2884,15.740592,0.3920,9.5702799360
2017-09-01,2020,90008166,Australia,A1718150201,"AQ MB Crossx",Standard,1,22.12,0.2281,17.074428,0.3920,10.3812522240
2017-09-01,2020,90008166,Australia,A1718150201,"AQ MB Crossx",Standard,1,22.12,0.1987,17.724756,0.3920,10.7766516480
2017-09-01,2020,90008166,Australia,A1718150201,"AQ MB Crossx",Standard,1,22.12,0.3063,15.344644,0.3920,9.3295435520
2017-09-01,2020,90008166,Australia,A1718150201,"AQ MB Crossx",Standard,1,22.12,0.2636,16.289168,0.3920,9.9038141440
2017-09-01,2021,90008166,Australia,A1718150201,"AQ MB Crossx",Standard,1,21.89,0.2884,15.576924,0.3920,9.4707697920
2017-09-01,2021,90008166,Australia,A1718150201,"AQ MB Crossx",Standard,1,21.89,0.2281,16.896891,0.3920,10.2733097280
2017-09-01,2021,90008166,Australia,A1718150201,"AQ MB Crossx",Standard,1,21.89,0.1987,17.540457,0.3920,10.6645978560
2017-09-01,2021,90008166,Australia,A1718150201,"AQ MB Crossx",Standard,1,21.89,0.3063,15.185093,0.3920,9.2325365440
2017-09-01,2021,90008166,Australia,A1718150201,"AQ MB Crossx",Standard,1,21.89,0.2636,16.119796,0.3920,9.8008359680
2017-09-01,2022,90008166,Australia,A1718150201,"AQ MB Crossx",Standard,1,24.95,0.2884,17.754420,0.3920,10.7946873600
2017-09-01,2022,90008166,Australia,A1718150201,"AQ MB Crossx",Standard,1,24.95,0.2281,19.258905,0.3920,11.7094142400
2017-09-01,2022,90008166,Australia,A1718150201,"AQ MB Crossx",Standard,1,24.95,0.1987,19.992435,0.3920,12.1554004800
2017-09-01,2022,90008166,Australia,A1718150201,"AQ MB Crossx",Standard,1,24.95,0.3063,17.307815,0.3920,10.5231515200
2017-09-01,2022,90008166,Australia,A1718150201,"AQ MB Crossx",Standard,1,24.95,0.2636,18.373180,0.3920,11.1708934400
2017-09-01,2018,90008167,Australia,A1718150201,"AQ MB Crossx",Standard,1,21.82,0.1947,17.571646,0.3332,11.7167735528
2017-09-01,2018,90008167,Australia,A1718150201,"AQ MB Crossx",Standard,1,21.82,0.1859,17.763662,0.3332,11.8448098216
2017-09-01,2018,90008167,Australia,A1718150201,"AQ MB Crossx",Standard,1,21.82,0.2971,15.337278,0.3332,10.2268969704
2017-09-01,2018,90008167,Australia,A1718150201,"AQ MB Crossx",Standard,1,21.82,0.2339,16.716302,0.3332,11.1464301736
2017-09-01,2018,90008167,Australia,A1718150201,"AQ MB Crossx",Standard,1,21.82,0.2406,16.570108,0.3332,11.0489480144
2017-09-01,2019,90008167,Australia,A1718150201,"AQ MB Crossx",Standard,1,19.85,0.1947,15.985205,0.3332,10.6589346940
2017-09-01,2019,90008167,Australia,A1718150201,"AQ MB Crossx",Standard,1,19.85,0.1859,16.159885,0.3332,10.7754113180
2017-09-01,2019,90008167,Australia,A1718150201,"AQ MB Crossx",Standard,1,19.85,0.2971,13.952565,0.3332,9.3035703420
2017-09-01,2019,90008167,Australia,A1718150201,"AQ MB Crossx",Standard,1,19.85,0.2339,15.207085,0.3332,10.1400842780
2017-09-01,2019,90008167,Australia,A1718150201,"AQ MB Crossx",Standard,1,19.85,0.2406,15.074090,0.3332,10.0514032120
2017-09-01,2020,90008167,Australia,A1718150201,"AQ MB Crossx",Standard,1,22.12,0.1947,17.813236,0.3332,11.8778657648
2017-09-01,2020,90008167,Australia,A1718150201,"AQ MB Crossx",Standard,1,22.12,0.1859,18.007892,0.3332,12.0076623856
2017-09-01,2020,90008167,Australia,A1718150201,"AQ MB Crossx",Standard,1,22.12,0.2971,15.548148,0.3332,10.3675050864
2017-09-01,2020,90008167,Australia,A1718150201,"AQ MB Crossx",Standard,1,22.12,0.2339,16.946132,0.3332,11.2996808176
2017-09-01,2020,90008167,Australia,A1718150201,"AQ MB Crossx",Standard,1,22.12,0.2406,16.797928,0.3332,11.2008583904
2017-09-01,2021,90008167,Australia,A1718150201,"AQ MB Crossx",Standard,1,21.89,0.1947,17.628017,0.3332,11.7543617356
2017-09-01,2021,90008167,Australia,A1718150201,"AQ MB Crossx",Standard,1,21.89,0.1859,17.820649,0.3332,11.8828087532
2017-09-01,2021,90008167,Australia,A1718150201,"AQ MB Crossx",Standard,1,21.89,0.2971,15.386481,0.3332,10.2597055308
2017-09-01,2021,90008167,Australia,A1718150201,"AQ MB Crossx",Standard,1,21.89,0.2339,16.769929,0.3332,11.1821886572
2017-09-01,2021,90008167,Australia,A1718150201,"AQ MB Crossx",Standard,1,21.89,0.2406,16.623266,0.3332,11.0843937688
2017-09-01,2022,90008167,Australia,A1718150201,"AQ MB Crossx",Standard,1,24.95,0.1947,20.092235,0.3332,13.3975022980
2017-09-01,2022,90008167,Australia,A1718150201,"AQ MB Crossx",Standard,1,24.95,0.1859,20.311795,0.3332,13.5439049060
2017-09-01,2022,90008167,Australia,A1718150201,"AQ MB Crossx",Standard,1,24.95,0.2971,17.537355,0.3332,11.6939083140
2017-09-01,2022,90008167,Australia,A1718150201,"AQ MB Crossx",Standard,1,24.95,0.2339,19.114195,0.3332,12.7453452260
2017-09-01,2022,90008167,Australia,A1718150201,"AQ MB Crossx",Standard,1,24.95,0.2406,18.947030,0.3332,12.6338796040
2017-09-01,2018,90011185,France,A1718150201,"AQ MB Crossx",Standard,1,21.82,0.2779,15.756222,0.2784,11.3696897952
2017-09-01,2018,90011185,France,A1718150201,"AQ MB Crossx",Standard,1,21.82,0.2704,15.919872,0.2784,11.4877796352
2017-09-01,2018,90011185,France,A1718150201,"AQ MB Crossx",Standard,1,21.82,0.1927,17.615286,0.2784,12.7111903776
2017-09-01,2018,90011185,France,A1718150201,"AQ MB Crossx",Standard,1,21.82,0.2613,16.118434,0.2784,11.6310619744
2017-09-01,2018,90011185,France,A1718150201,"AQ MB Crossx",Standard,1,21.82,0.1978,17.504004,0.2784,12.6308892864
2017-09-01,2019,90011185,France,A1718150201,"AQ MB Crossx",Standard,1,19.85,0.2779,14.333685,0.2784,10.3431870960
2017-09-01,2019,90011185,France,A1718150201,"AQ MB Crossx",Standard,1,19.85,0.2704,14.482560,0.2784,10.4506152960
2017-09-01,2019,90011185,France,A1718150201,"AQ MB Crossx",Standard,1,19.85,0.1927,16.024905,0.2784,11.5635714480
2017-09-01,2019,90011185,France,A1718150201,"AQ MB Crossx",Standard,1,19.85,0.2613,14.663195,0.2784,10.5809615120
2017-09-01,2019,90011185,France,A1718150201,"AQ MB Crossx",Standard,1,19.85,0.1978,15.923670,0.2784,11.4905202720
2017-09-01,2020,90011185,France,A1718150201,"AQ MB Crossx",Standard,1,22.12,0.2779,15.972852,0.2784,11.5260100032
2017-09-01,2020,90011185,France,A1718150201,"AQ MB Crossx",Standard,1,22.12,0.2704,16.138752,0.2784,11.6457234432
2017-09-01,2020,90011185,France,A1718150201,"AQ MB Crossx",Standard,1,22.12,0.1927,17.857476,0.2784,12.8859546816
2017-09-01,2020,90011185,France,A1718150201,"AQ MB Crossx",Standard,1,22.12,0.2613,16.340044,0.2784,11.7909757504
2017-09-01,2020,90011185,France,A1718150201,"AQ MB Crossx",Standard,1,22.12,0.1978,17.744664,0.2784,12.8045495424
2017-09-01,2021,90011185,France,A1718150201,"AQ MB Crossx",Standard,1,21.89,0.2779,15.806769,0.2784,11.4061645104
2017-09-01,2021,90011185,France,A1718150201,"AQ MB Crossx",Standard,1,21.89,0.2704,15.970944,0.2784,11.5246331904
2017-09-01,2021,90011185,France,A1718150201,"AQ MB Crossx",Standard,1,21.89,0.1927,17.671797,0.2784,12.7519687152
2017-09-01,2021,90011185,France,A1718150201,"AQ MB Crossx",Standard,1,21.89,0.2613,16.170143,0.2784,11.6683751888
2017-09-01,2021,90011185,France,A1718150201,"AQ MB Crossx",Standard,1,21.89,0.1978,17.560158,0.2784,12.6714100128
2017-09-01,2022,90011185,France,A1718150201,"AQ MB Crossx",Standard,1,24.95,0.2779,18.016395,0.2784,13.0006306320
2017-09-01,2022,90011185,France,A1718150201,"AQ MB Crossx",Standard,1,24.95,0.2704,18.203520,0.2784,13.1356600320
2017-09-01,2022,90011185,France,A1718150201,"AQ MB Crossx",Standard,1,24.95,0.1927,20.142135,0.2784,14.5345646160
2017-09-01,2022,90011185,France,A1718150201,"AQ MB Crossx",Standard,1,24.95,0.2613,18.430565,0.2784,13.2994957040
2017-09-01,2022,90011185,France,A1718150201,"AQ MB Crossx",Standard,1,24.95,0.1978,20.014890,0.2784,14.4427446240
2017-09-01,2018,90011187,France,A1718150201,"AQ MB Crossx",Standard,1,21.82,0.2924,15.439832,0.2777,11.1521906536
2017-09-01,2018,90011187,France,A1718150201,"AQ MB Crossx",Standard,1,21.82,0.2887,15.520566,0.2777,11.2105048218
2017-09-01,2018,90011187,France,A1718150201,"AQ MB Crossx",Standard,1,21.82,0.2644,16.050792,0.2777,11.5934870616
2017-09-01,2018,90011187,France,A1718150201,"AQ MB Crossx",Standard,1,21.82,0.2899,15.494382,0.2777,11.1915921186
2017-09-01,2018,90011187,France,A1718150201,"AQ MB Crossx",Standard,1,21.82,0.1810,17.870580,0.2777,12.9079199340
2017-09-01,2019,90011187,France,A1718150201,"AQ MB Crossx",Standard,1,19.85,0.2924,14.045860,0.2777,10.1453246780
2017-09-01,2019,90011187,France,A1718150201,"AQ MB Crossx",Standard,1,19.85,0.2887,14.119305,0.2777,10.1983740015
2017-09-01,2019,90011187,France,A1718150201,"AQ MB Crossx",Standard,1,19.85,0.2644,14.601660,0.2777,10.5467790180
2017-09-01,2019,90011187,France,A1718150201,"AQ MB Crossx",Standard,1,19.85,0.2899,14.095485,0.2777,10.1811688155
2017-09-01,2019,90011187,France,A1718150201,"AQ MB Crossx",Standard,1,19.85,0.1810,16.257150,0.2777,11.7425394450
2017-09-01,2020,90011187,France,A1718150201,"AQ MB Crossx",Standard,1,22.12,0.2924,15.652112,0.2777,11.3055204976
2017-09-01,2020,90011187,France,A1718150201,"AQ MB Crossx",Standard,1,22.12,0.2887,15.733956,0.2777,11.3646364188
2017-09-01,2020,90011187,France,A1718150201,"AQ MB Crossx",Standard,1,22.12,0.2644,16.271472,0.2777,11.7528842256
2017-09-01,2020,90011187,France,A1718150201,"AQ MB Crossx",Standard,1,22.12,0.2899,15.707412,0.2777,11.3454636876
2017-09-01,2020,90011187,France,A1718150201,"AQ MB Crossx",Standard,1,22.12,0.1810,18.116280,0.2777,13.0853890440
2017-09-01,2021,90011187,France,A1718150201,"AQ MB Crossx",Standard,1,21.89,0.2924,15.489364,0.2777,11.1879676172
2017-09-01,2021,90011187,France,A1718150201,"AQ MB Crossx",Standard,1,21.89,0.2887,15.570357,0.2777,11.2464688611
2017-09-01,2021,90011187,France,A1718150201,"AQ MB Crossx",Standard,1,21.89,0.2644,16.102284,0.2777,11.6306797332
2017-09-01,2021,90011187,France,A1718150201,"AQ MB Crossx",Standard,1,21.89,0.2899,15.544089,0.2777,11.2274954847
2017-09-01,2021,90011187,France,A1718150201,"AQ MB Crossx",Standard,1,21.89,0.1810,17.927910,0.2777,12.9493293930
2017-09-01,2022,90011187,France,A1718150201,"AQ MB Crossx",Standard,1,24.95,0.2924,17.654620,0.2777,12.7519320260
2017-09-01,2022,90011187,France,A1718150201,"AQ MB Crossx",Standard,1,24.95,0.2887,17.746935,0.2777,12.8186111505
2017-09-01,2022,90011187,France,A1718150201,"AQ MB Crossx",Standard,1,24.95,0.2644,18.353220,0.2777,13.2565308060
2017-09-01,2022,90011187,France,A1718150201,"AQ MB Crossx",Standard,1,24.95,0.2899,17.716995,0.2777,12.7969854885
2017-09-01,2022,90011187,France,A1718150201,"AQ MB Crossx",Standard,1,24.95,0.1810,20.434050,0.2777,14.7595143150
2017-09-01,2018,90011191,France,A1718150201,"AQ MB Crossx",Standard,1,21.82,0.2270,16.866860,0.2781,12.1761862340
2017-09-01,2018,90011191,France,A1718150201,"AQ MB Crossx",Standard,1,21.82,0.2241,16.930138,0.2781,12.2218666222
2017-09-01,2018,90011191,France,A1718150201,"AQ MB Crossx",Standard,1,21.82,0.2508,16.347544,0.2781,11.8012920136
2017-09-01,2018,90011191,France,A1718150201,"AQ MB Crossx",Standard,1,21.82,0.1925,17.619650,0.2781,12.7196253350
2017-09-01,2018,90011191,France,A1718150201,"AQ MB Crossx",Standard,1,21.82,0.2162,17.102516,0.2781,12.3463063004
2017-09-01,2019,90011191,France,A1718150201,"AQ MB Crossx",Standard,1,19.85,0.2270,15.344050,0.2781,11.0768696950
2017-09-01,2019,90011191,France,A1718150201,"AQ MB Crossx",Standard,1,19.85,0.2241,15.401615,0.2781,11.1184258685
2017-09-01,2019,90011191,France,A1718150201,"AQ MB Crossx",Standard,1,19.85,0.2508,14.871620,0.2781,10.7358224780
2017-09-01,2019,90011191,France,A1718150201,"AQ MB Crossx",Standard,1,19.85,0.1925,16.028875,0.2781,11.5712448625
2017-09-01,2019,90011191,France,A1718150201,"AQ MB Crossx",Standard,1,19.85,0.2162,15.558430,0.2781,11.2316306170
2017-09-01,2020,90011191,France,A1718150201,"AQ MB Crossx",Standard,1,22.12,0.2270,17.098760,0.2781,12.3435948440
2017-09-01,2020,90011191,France,A1718150201,"AQ MB Crossx",Standard,1,22.12,0.2241,17.162908,0.2781,12.3899032852
2017-09-01,2020,90011191,France,A1718150201,"AQ MB Crossx",Standard,1,22.12,0.2508,16.572304,0.2781,11.9635462576
2017-09-01,2020,90011191,France,A1718150201,"AQ MB Crossx",Standard,1,22.12,0.1925,17.861900,0.2781,12.8945056100
2017-09-01,2020,90011191,France,A1718150201,"AQ MB Crossx",Standard,1,22.12,0.2162,17.337656,0.2781,12.5160538664
2017-09-01,2021,90011191,France,A1718150201,"AQ MB Crossx",Standard,1,21.89,0.2270,16.920970,0.2781,12.2152482430
2017-09-01,2021,90011191,France,A1718150201,"AQ MB Crossx",Standard,1,21.89,0.2241,16.984451,0.2781,12.2610751769
2017-09-01,2021,90011191,France,A1718150201,"AQ MB Crossx",Standard,1,21.89,0.2508,16.399988,0.2781,11.8391513372
2017-09-01,2021,90011191,France,A1718150201,"AQ MB Crossx",Standard,1,21.89,0.1925,17.676175,0.2781,12.7604307325
2017-09-01,2021,90011191,France,A1718150201,"AQ MB Crossx",Standard,1,21.89,0.2162,17.157382,0.2781,12.3859140658
2017-09-01,2022,90011191,France,A1718150201,"AQ MB Crossx",Standard,1,24.95,0.2270,19.286350,0.2781,13.9228160650
2017-09-01,2022,90011191,France,A1718150201,"AQ MB Crossx",Standard,1,24.95,0.2241,19.358705,0.2781,13.9750491395
2017-09-01,2022,90011191,France,A1718150201,"AQ MB Crossx",Standard,1,24.95,0.2508,18.692540,0.2781,13.4941446260
2017-09-01,2022,90011191,France,A1718150201,"AQ MB Crossx",Standard,1,24.95,0.1925,20.147125,0.2781,14.5442095375
2017-09-01,2022,90011191,France,A1718150201,"AQ MB Crossx",Standard,1,24.95,0.2162,19.555810,0.2781,14.1173392390
2017-09-01,2018,90022071,USA,A1718150201,"AQ MB Crossx",Standard,1,21.82,0.1906,17.661108,0.2679,12.9296971668
2017-09-01,2018,90022071,USA,A1718150201,"AQ MB Crossx",Standard,1,21.82,0.2734,15.854412,0.2679,11.6070150252
2017-09-01,2018,90022071,USA,A1718150201,"AQ MB Crossx",Standard,1,21.82,0.2674,15.985332,0.2679,11.7028615572
2017-09-01,2018,90022071,USA,A1718150201,"AQ MB Crossx",Standard,1,21.82,0.2257,16.895226,0.2679,12.3689949546
2017-09-01,2018,90022071,USA,A1718150201,"AQ MB Crossx",Standard,1,21.82,0.1944,17.578192,0.2679,12.8689943632
2017-09-01,2019,90022071,USA,A1718150201,"AQ MB Crossx",Standard,1,19.85,0.1906,16.066590,0.2679,11.7623505390
2017-09-01,2019,90022071,USA,A1718150201,"AQ MB Crossx",Standard,1,19.85,0.2734,14.423010,0.2679,10.5590856210
2017-09-01,2019,90022071,USA,A1718150201,"AQ MB Crossx",Standard,1,19.85,0.2674,14.542110,0.2679,10.6462787310
2017-09-01,2019,90022071,USA,A1718150201,"AQ MB Crossx",Standard,1,19.85,0.2257,15.369855,0.2679,11.2522708455
2017-09-01,2019,90022071,USA,A1718150201,"AQ MB Crossx",Standard,1,19.85,0.1944,15.991160,0.2679,11.7071282360
2017-09-01,2020,90022071,USA,A1718150201,"AQ MB Crossx",Standard,1,22.12,0.1906,17.903928,0.2679,13.1074656888
2017-09-01,2020,90022071,USA,A1718150201,"AQ MB Crossx",Standard,1,22.12,0.2734,16.072392,0.2679,11.7665981832
2017-09-01,2020,90022071,USA,A1718150201,"AQ MB Crossx",Standard,1,22.12,0.2674,16.205112,0.2679,11.8637624952
2017-09-01,2020,90022071,USA,A1718150201,"AQ MB Crossx",Standard,1,22.12,0.2257,17.127516,0.2679,12.5390544636
2017-09-01,2020,90022071,USA,A1718150201,"AQ MB Crossx",Standard,1,22.12,0.1944,17.819872,0.2679,13.0459282912
2017-09-01,2021,90022071,USA,A1718150201,"AQ MB Crossx",Standard,1,21.89,0.1906,17.717766,0.2679,12.9711764886
2017-09-01,2021,90022071,USA,A1718150201,"AQ MB Crossx",Standard,1,21.89,0.2734,15.905274,0.2679,11.6442510954
2017-09-01,2021,90022071,USA,A1718150201,"AQ MB Crossx",Standard,1,21.89,0.2674,16.036614,0.2679,11.7404051094
2017-09-01,2021,90022071,USA,A1718150201,"AQ MB Crossx",Standard,1,21.89,0.2257,16.949427,0.2679,12.4086755067
2017-09-01,2021,90022071,USA,A1718150201,"AQ MB Crossx",Standard,1,21.89,0.1944,17.634584,0.2679,12.9102789464
2017-09-01,2022,90022071,USA,A1718150201,"AQ MB Crossx",Standard,1,24.95,0.1906,20.194530,0.2679,14.7844154130
2017-09-01,2022,90022071,USA,A1718150201,"AQ MB Crossx",Standard,1,24.95,0.2734,18.128670,0.2679,13.2719993070
2017-09-01,2022,90022071,USA,A1718150201,"AQ MB Crossx",Standard,1,24.95,0.2674,18.278370,0.2679,13.3815946770
2017-09-01,2022,90022071,USA,A1718150201,"AQ MB Crossx",Standard,1,24.95,0.2257,19.318785,0.2679,14.1432824985
2017-09-01,2022,90022071,USA,A1718150201,"AQ MB Crossx",Standard,1,24.95,0.1944,20.099720,0.2679,14.7150050120
2017-09-01,2018,90022074,USA,A1718150201,"AQ MB Crossx",Standard,2,43.64,0.2709,31.817924,0.2810,22.8770873560
2017-09-01,2018,90022074,USA,A1718150201,"AQ MB Crossx",Standard,2,43.64,0.2914,30.923304,0.2810,22.2338555760
2017-09-01,2018,90022074,USA,A1718150201,"AQ MB Crossx",Standard,2,43.64,0.2051,34.689436,0.2810,24.9417044840
2017-09-01,2018,90022074,USA,A1718150201,"AQ MB Crossx",Standard,2,43.64,0.2408,33.131488,0.2810,23.8215398720
2017-09-01,2018,90022074,USA,A1718150201,"AQ MB Crossx",Standard,2,43.64,0.2290,33.646440,0.2810,24.1917903600
2017-09-01,2019,90022074,USA,A1718150201,"AQ MB Crossx",Standard,2,39.69,0.2709,28.937979,0.2810,20.8064069010
2017-09-01,2019,90022074,USA,A1718150201,"AQ MB Crossx",Standard,2,39.69,0.2914,28.124334,0.2810,20.2213961460
2017-09-01,2019,90022074,USA,A1718150201,"AQ MB Crossx",Standard,2,39.69,0.2051,31.549581,0.2810,22.6841487390
2017-09-01,2019,90022074,USA,A1718150201,"AQ MB Crossx",Standard,2,39.69,0.2408,30.132648,0.2810,21.6653739120
2017-09-01,2019,90022074,USA,A1718150201,"AQ MB Crossx",Standard,2,39.69,0.2290,30.600990,0.2810,22.0021118100
2017-09-01,2020,90022074,USA,A1718150201,"AQ MB Crossx",Standard,2,44.25,0.2709,32.262675,0.2810,23.1968633250
2017-09-01,2020,90022074,USA,A1718150201,"AQ MB Crossx",Standard,2,44.25,0.2914,31.355550,0.2810,22.5446404500
2017-09-01,2020,90022074,USA,A1718150201,"AQ MB Crossx",Standard,2,44.25,0.2051,35.174325,0.2810,25.2903396750
2017-09-01,2020,90022074,USA,A1718150201,"AQ MB Crossx",Standard,2,44.25,0.2408,33.594600,0.2810,24.1545174000
2017-09-01,2020,90022074,USA,A1718150201,"AQ MB Crossx",Standard,2,44.25,0.2290,34.116750,0.2810,24.5299432500
2017-09-01,2021,90022074,USA,A1718150201,"AQ MB Crossx",Standard,2,43.78,0.2709,31.919998,0.2810,22.9504785620
2017-09-01,2021,90022074,USA,A1718150201,"AQ MB Crossx",Standard,2,43.78,0.2914,31.022508,0.2810,22.3051832520
2017-09-01,2021,90022074,USA,A1718150201,"AQ MB Crossx",Standard,2,43.78,0.2051,34.800722,0.2810,25.0217191180
2017-09-01,2021,90022074,USA,A1718150201,"AQ MB Crossx",Standard,2,43.78,0.2408,33.237776,0.2810,23.8979609440
2017-09-01,2021,90022074,USA,A1718150201,"AQ MB Crossx",Standard,2,43.78,0.2290,33.754380,0.2810,24.2693992200
2017-09-01,2022,90022074,USA,A1718150201,"AQ MB Crossx",Standard,2,49.91,0.2709,36.389381,0.2810,26.1639649390
2017-09-01,2022,90022074,USA,A1718150201,"AQ MB Crossx",Standard,2,49.91,0.2914,35.366226,0.2810,25.4283164940
2017-09-01,2022,90022074,USA,A1718150201,"AQ MB Crossx",Standard,2,49.91,0.2051,39.673459,0.2810,28.5252170210
2017-09-01,2022,90022074,USA,A1718150201,"AQ MB Crossx",Standard,2,49.91,0.2408,37.891672,0.2810,27.2441121680
2017-09-01,2022,90022074,USA,A1718150201,"AQ MB Crossx",Standard,2,49.91,0.2290,38.480610,0.2810,27.6675585900
2017-09-01,2018,90022075,USA,A1718150201,"AQ MB Crossx",Standard,1,21.82,0.2553,16.249354,0.2919,11.5061675674
2017-09-01,2018,90022075,USA,A1718150201,"AQ MB Crossx",Standard,1,21.82,0.2563,16.227534,0.2919,11.4907168254
2017-09-01,2018,90022075,USA,A1718150201,"AQ MB Crossx",Standard,1,21.82,0.2293,16.816674,0.2919,11.9078868594
2017-09-01,2018,90022075,USA,A1718150201,"AQ MB Crossx",Standard,1,21.82,0.2375,16.637750,0.2919,11.7811907750
2017-09-01,2018,90022075,USA,A1718150201,"AQ MB Crossx",Standard,1,21.82,0.2158,17.111244,0.2919,12.1164718764
2017-09-01,2019,90022075,USA,A1718150201,"AQ MB Crossx",Standard,1,19.85,0.2553,14.782295,0.2919,10.4673430895
2017-09-01,2019,90022075,USA,A1718150201,"AQ MB Crossx",Standard,1,19.85,0.2563,14.762445,0.2919,10.4532873045
2017-09-01,2019,90022075,USA,A1718150201,"AQ MB Crossx",Standard,1,19.85,0.2293,15.298395,0.2919,10.8327934995
2017-09-01,2019,90022075,USA,A1718150201,"AQ MB Crossx",Standard,1,19.85,0.2375,15.135625,0.2919,10.7175360625
2017-09-01,2019,90022075,USA,A1718150201,"AQ MB Crossx",Standard,1,19.85,0.2158,15.566370,0.2919,11.0225465970
2017-09-01,2020,90022075,USA,A1718150201,"AQ MB Crossx",Standard,1,22.12,0.2553,16.472764,0.2919,11.6643641884
2017-09-01,2020,90022075,USA,A1718150201,"AQ MB Crossx",Standard,1,22.12,0.2563,16.450644,0.2919,11.6487010164
2017-09-01,2020,90022075,USA,A1718150201,"AQ MB Crossx",Standard,1,22.12,0.2293,17.047884,0.2919,12.0716066604
2017-09-01,2020,90022075,USA,A1718150201,"AQ MB Crossx",Standard,1,22.12,0.2375,16.866500,0.2919,11.9431686500
2017-09-01,2020,90022075,USA,A1718150201,"AQ MB Crossx",Standard,1,22.12,0.2158,17.346504,0.2919,12.2830594824
2017-09-01,2021,90022075,USA,A1718150201,"AQ MB Crossx",Standard,1,21.89,0.2553,16.301483,0.2919,11.5430801123
2017-09-01,2021,90022075,USA,A1718150201,"AQ MB Crossx",Standard,1,21.89,0.2563,16.279593,0.2919,11.5275798033
2017-09-01,2021,90022075,USA,A1718150201,"AQ MB Crossx",Standard,1,21.89,0.2293,16.870623,0.2919,11.9460881463
2017-09-01,2021,90022075,USA,A1718150201,"AQ MB Crossx",Standard,1,21.89,0.2375,16.691125,0.2919,11.8189856125
2017-09-01,2021,90022075,USA,A1718150201,"AQ MB Crossx",Standard,1,21.89,0.2158,17.166138,0.2919,12.1553423178
2017-09-01,2022,90022075,USA,A1718150201,"AQ MB Crossx",Standard,1,24.95,0.2553,18.580265,0.2919,13.1566856465
2017-09-01,2022,90022075,USA,A1718150201,"AQ MB Crossx",Standard,1,24.95,0.2563,18.555315,0.2919,13.1390185515
2017-09-01,2022,90022075,USA,A1718150201,"AQ MB Crossx",Standard,1,24.95,0.2293,19.228965,0.2919,13.6160301165
2017-09-01,2022,90022075,USA,A1718150201,"AQ MB Crossx",Standard,1,24.95,0.2375,19.024375,0.2919,13.4711599375
2017-09-01,2022,90022075,USA,A1718150201,"AQ MB Crossx",Standard,1,24.95,0.2158,19.565790,0.2919,13.8545358990
2017-09-01,2018,90022077,USA,A1718150201,"AQ MB Crossx",Standard,1,21.82,0.2394,16.596292,0.2494,12.4571767752
2017-09-01,2018,90022077,USA,A1718150201,"AQ MB Crossx",Standard,1,21.82,0.2502,16.360636,0.2494,12.2802933816
2017-09-01,2018,90022077,USA,A1718150201,"AQ MB Crossx",Standard,1,21.82,0.2448,16.478464,0.2494,12.3687350784
2017-09-01,2018,90022077,USA,A1718150201,"AQ MB Crossx",Standard,1,21.82,0.3028,15.212904,0.2494,11.4188057424
2017-09-01,2018,90022077,USA,A1718150201,"AQ MB Crossx",Standard,1,21.82,0.2383,16.620294,0.2494,12.4751926764
2017-09-01,2019,90022077,USA,A1718150201,"AQ MB Crossx",Standard,1,19.85,0.2394,15.097910,0.2494,11.3324912460
2017-09-01,2019,90022077,USA,A1718150201,"AQ MB Crossx",Standard,1,19.85,0.2502,14.883530,0.2494,11.1715776180
2017-09-01,2019,90022077,USA,A1718150201,"AQ MB Crossx",Standard,1,19.85,0.2448,14.990720,0.2494,11.2520344320
2017-09-01,2019,90022077,USA,A1718150201,"AQ MB Crossx",Standard,1,19.85,0.3028,13.839420,0.2494,10.3878686520
2017-09-01,2019,90022077,USA,A1718150201,"AQ MB Crossx",Standard,1,19.85,0.2383,15.119745,0.2494,11.3488805970
2017-09-01,2020,90022077,USA,A1718150201,"AQ MB Crossx",Standard,1,22.12,0.2394,16.824472,0.2494,12.6284486832
2017-09-01,2020,90022077,USA,A1718150201,"AQ MB Crossx",Standard,1,22.12,0.2502,16.585576,0.2494,12.4491333456
2017-09-01,2020,90022077,USA,A1718150201,"AQ MB Crossx",Standard,1,22.12,0.2448,16.705024,0.2494,12.5387910144
2017-09-01,2020,90022077,USA,A1718150201,"AQ MB Crossx",Standard,1,22.12,0.3028,15.422064,0.2494,11.5758012384
2017-09-01,2020,90022077,USA,A1718150201,"AQ MB Crossx",Standard,1,22.12,0.2383,16.848804,0.2494,12.6467122824
2017-09-01,2021,90022077,USA,A1718150201,"AQ MB Crossx",Standard,1,21.89,0.2394,16.649534,0.2494,12.4971402204
2017-09-01,2021,90022077,USA,A1718150201,"AQ MB Crossx",Standard,1,21.89,0.2502,16.413122,0.2494,12.3196893732
2017-09-01,2021,90022077,USA,A1718150201,"AQ MB Crossx",Standard,1,21.89,0.2448,16.531328,0.2494,12.4084147968
2017-09-01,2021,90022077,USA,A1718150201,"AQ MB Crossx",Standard,1,21.89,0.3028,15.261708,0.2494,11.4554380248
2017-09-01,2021,90022077,USA,A1718150201,"AQ MB Crossx",Standard,1,21.89,0.2383,16.673613,0.2494,12.5152139178
2017-09-01,2022,90022077,USA,A1718150201,"AQ MB Crossx",Standard,1,24.95,0.2394,18.976970,0.2494,14.2441136820
2017-09-01,2022,90022077,USA,A1718150201,"AQ MB Crossx",Standard,1,24.95,0.2502,18.707510,0.2494,14.0418570060
2017-09-01,2022,90022077,USA,A1718150201,"AQ MB Crossx",Standard,1,24.95,0.2448,18.842240,0.2494,14.1429853440
2017-09-01,2022,90022077,USA,A1718150201,"AQ MB Crossx",Standard,1,24.95,0.3028,17.395140,0.2494,13.0567920840
2017-09-01,2022,90022077,USA,A1718150201,"AQ MB Crossx",Standard,1,24.95,0.2383,19.004415,0.2494,14.2647138990
2017-09-01,2018,90022078,USA,A1718150201,"AQ MB Crossx",Standard,1,21.82,0.2882,15.531476,0.2199,12.1161044276
2017-09-01,2018,90022078,USA,A1718150201,"AQ MB Crossx",Standard,1,21.82,0.2872,15.553296,0.2199,12.1331262096
2017-09-01,2018,90022078,USA,A1718150201,"AQ MB Crossx",Standard,1,21.82,0.2358,16.674844,0.2199,13.0080458044
2017-09-01,2018,90022078,USA,A1718150201,"AQ MB Crossx",Standard,1,21.82,0.2162,17.102516,0.2199,13.3416727316
2017-09-01,2018,90022078,USA,A1718150201,"AQ MB Crossx",Standard,1,21.82,0.3067,15.127806,0.2199,11.8012014606
2017-09-01,2019,90022078,USA,A1718150201,"AQ MB Crossx",Standard,1,19.85,0.2882,14.129230,0.2199,11.0222123230
2017-09-01,2019,90022078,USA,A1718150201,"AQ MB Crossx",Standard,1,19.85,0.2872,14.149080,0.2199,11.0376973080
2017-09-01,2019,90022078,USA,A1718150201,"AQ MB Crossx",Standard,1,19.85,0.2358,15.169370,0.2199,11.8336255370
2017-09-01,2019,90022078,USA,A1718150201,"AQ MB Crossx",Standard,1,19.85,0.2162,15.558430,0.2199,12.1371312430
2017-09-01,2019,90022078,USA,A1718150201,"AQ MB Crossx",Standard,1,19.85,0.3067,13.762005,0.2199,10.7357401005
2017-09-01,2020,90022078,USA,A1718150201,"AQ MB Crossx",Standard,1,22.12,0.2882,15.745016,0.2199,12.2826869816
2017-09-01,2020,90022078,USA,A1718150201,"AQ MB Crossx",Standard,1,22.12,0.2872,15.767136,0.2199,12.2999427936
2017-09-01,2020,90022078,USA,A1718150201,"AQ MB Crossx",Standard,1,22.12,0.2358,16.904104,0.2199,13.1868915304
2017-09-01,2020,90022078,USA,A1718150201,"AQ MB Crossx",Standard,1,22.12,0.2162,17.337656,0.2199,13.5251054456
2017-09-01,2020,90022078,USA,A1718150201,"AQ MB Crossx",Standard,1,22.12,0.3067,15.335796,0.2199,11.9634544596
